caseyear,state,st_case,statename,ve_total,ve_forms,pvh_invl,peds,pernotmvit,permvit,persons,county,countyname,city,cityname,day,dayname,month,monthname,year,day_week,day_weekname,hour,hourname,minute,minutename,nhs,nhsname,rur_urb,rur_urbname,func_sys,func_sysname,rd_owner,rd_ownername,route,routename,tway_id,tway_id2,milept,mileptname,latitude,latitudename,longitud,longitudname,sp_jur,sp_jurname,harm_ev,harm_evname,man_coll,man_collname,reljct1,reljct1name,reljct2,reljct2name,typ_int,typ_intname,wrk_zone,wrk_zonename,road_fnc,road_fncname,rel_road,rel_roadname,lgt_cond,lgt_condname,weather1,weather1name,weather2,weather2name,weather,weathername,sch_bus,sch_busname,rail,railname,not_hour,not_hourname,not_min,not_minname,arr_hour,arr_hourname,arr_min,arr_minname,hosp_hr,hosp_hrname,hosp_mn,hosp_mnname,cf1,cf1name,cf2,cf2name,cf3,cf3name,fatals,drunk_dr
2018,53,530277,Washington,4,4,0,0,0,4,4,33,KING (33),1030,KENT,3,3,8,August,2018,6,Friday,2,2:00am-2:59am,49,49,0,This section IS NOT on the NHS,2,Urban,3,Principal Arterial - Other,1,State Highway Agency,3,State Highway,SR-516,,33,33,47.38091944,47.38091944,-122.275711100,-122.27571111,0,No Special Jurisdiction,12,Motor Vehicle In-Transport,2,Front-to-Front,0,No,1,Non-Junction,1,Not an Intersection,0,None,,,1,On Roadway,2,Dark - Not Lighted,2,Rain,0,No Additional Atmospheric Conditions,2,Rain,0,No,0000000,Not Applicable,99,Unknown,98,Unknown if Notified,99,Unknown EMS Scene Arrival Hour,98,Unknown if Arrived,99,Unknown,98,Unknown if Transported,14,"Motor Vehicle struck by falling cargo,or something that came loose from or something that was set in motion by a vehicle",0,None,0,None,1,2
2018,53,530278,Washington,1,1,0,0,0,2,2,25,GRANT (25),0,NOT APPLICABLE,4,4,8,August,2018,7,Saturday,14,2:00pm-2:59pm,40,40,0,This section IS NOT on the NHS,2,Urban,4,Minor Arterial,1,State Highway Agency,3,State Highway,SR-17,,828,828,47.57333333,47.57333333,-119.434372200,-119.43437222,0,No Special Jurisdiction,1,Rollover/Overturn,0,Not a Collision with Motor Vehicle In-Transport,0,No,1,Non-Junction,1,Not an Intersection,0,None,,,4,On Roadside,1,Daylight,1,Clear,0,No Additional Atmospheric Conditions,1,Clear,0,No,0000000,Not Applicable,14,2:00pm-2:59pm,59,59,15,3:00pm-3:59pm,10,10,88,Not Applicable (Not Transported),88,Not Applicable (Not Transported),0,None,0,None,0,None,1,1
2018,53,530279,Washington,1,1,0,0,0,1,1,11,CLARK (11),0,NOT APPLICABLE,31,31,7,July,2018,3,Tuesday,13,1:00pm-1:59pm,28,28,0,This section IS NOT on the NHS,2,Urban,4,Minor Arterial,2,County Highway Agency,4,County Road,CR-NE HAZEL DELL AVE,,5,5,45.66255278,45.66255278,-122.668638900,-122.66863889,0,No Special Jurisdiction,33,Curb,0,Not a Collision with Motor Vehicle In-Transport,0,No,1,Non-Junction,1,Not an Intersection,0,None,,,4,On Roadside,1,Daylight,1,Clear,0,No Additional Atmospheric Conditions,1,Clear,0,No,0000000,Not Applicable,99,Unknown,98,Unknown if Notified,99,Unknown EMS Scene Arrival Hour,98,Unknown if Arrived,88,Not Applicable (Not Transported),88,Not Applicable (Not Transported),0,None,0,None,0,None,1,0
2018,53,530280,Washington,1,1,0,0,0,2,2,25,GRANT (25),0,NOT APPLICABLE,25,25,7,July,2018,4,Wednesday,16,4:00pm-4:59pm,57,57,0,This section IS NOT on the NHS,1,Rural,7,Local,2,County Highway Agency,4,County Road,CR-RD 9 NE,,91,91,47.21908333,47.21908333,-119.261266700,-119.26126667,0,No Special Jurisdiction,1,Rollover/Overturn,0,Not a Collision with Motor Vehicle In-Transport,0,No,1,Non-Junction,1,Not an Intersection,0,None,,,4,On Roadside,1,Daylight,1,Clear,0,No Additional Atmospheric Conditions,1,Clear,0,No,0000000,Not Applicable,18,6:00pm-6:59pm,2,2,18,6:00pm-6:59pm,12,12,18,6:00pm-6:59pm,54,54,0,None,0,None,0,None,1,1
2018,53,530281,Washington,1,1,0,0,0,2,2,73,WHATCOM (73),0,NOT APPLICABLE,11,11,7,July,2018,4,Wednesday,0,0:00am-0:59am,22,22,0,This section IS NOT on the NHS,1,Rural,4,Minor Arterial,1,State Highway Agency,3,State Highway,SR-542,,150,150,48.82064167,48.82064167,-122.195458300,-122.19545833,0,No Special Jurisdiction,24,Guardrail Face,0,Not a Collision with Motor Vehicle In-Transport,0,No,1,Non-Junction,1,Not an Intersection,0,None,,,4,On Roadside,2,Dark - Not Lighted,1,Clear,0,No Additional Atmospheric Conditions,1,Clear,0,No,0000000,Not Applicable,0,0:00am-0:59am,15,15,0,0:00am-0:59am,37,37,99,Unknown,99,Unknown EMS Hospital Arrival Time,0,None,0,None,0,None,1,1
2018,53,530282,Washington,1,1,0,0,0,1,1,47,OKANOGAN (47),0,NOT APPLICABLE,5,5,8,August,2018,1,Sunday,17,5:00pm-5:59pm,2,2,0,This section IS NOT on the NHS,1,Rural,3,Principal Arterial - Other,1,State Highway Agency,3,State Highway,SR-97,,2488,2488,48.10233056,48.10233056,-119.717536100,-119.71753611,0,No Special Jurisdiction,24,Guardrail Face,0,Not a Collision with Motor Vehicle In-Transport,0,No,1,Non-Junction,1,Not an Intersection,0,None,,,4,On Roadside,1,Daylight,1,Clear,0,No Additional Atmospheric Conditions,1,Clear,0,No,0000000,Not Applicable,16,4:00pm-4:59pm,59,59,17,5:00pm-5:59pm,6,6,17,5:00pm-5:59pm,25,25,0,None,0,None,0,None,1,0
2018,53,530283,Washington,1,1,0,0,0,1,1,33,KING (33),2310,TUKWILA,16,16,8,August,2018,5,Thursday,13,1:00pm-1:59pm,25,25,1,This section IS ON the NHS,2,Urban,1,Interstate,1,State Highway Agency,1,Interstate,I-5 RAMP,,2,2,47.48220833,47.48220833,-122.272544400,-122.27254444,0,No Special Jurisdiction,24,Guardrail Face,0,Not a Collision with Motor Vehicle In-Transport,1,Yes,5,Entrance/Exit Ramp Related,1,Not an Intersection,0,None,,,4,On Roadside,1,Daylight,1,Clear,0,No Additional Atmospheric Conditions,1,Clear,0,No,0000000,Not Applicable,99,Unknown,98,Unknown if Notified,99,Unknown EMS Scene Arrival Hour,98,Unknown if Arrived,88,Not Applicable (Not Transported),88,Not Applicable (Not Transported),0,None,0,None,0,None,1,1
2018,53,530284,Washington,5,5,0,0,0,6,6,57,SKAGIT (57),0,NOT APPLICABLE,9,9,8,August,2018,5,Thursday,23,11:00pm-11:59pm,13,13,1,This section IS ON the NHS,1,Rural,1,Interstate,1,State Highway Agency,1,Interstate,I-5,,2334,2334,48.50786944,48.50786944,-122.339294400,-122.33929444,0,No Special Jurisdiction,12,Motor Vehicle In-Transport,1,Front-to-Rear,0,No,1,Non-Junction,1,Not an Intersection,0,None,,,1,On Roadway,2,Dark - Not Lighted,1,Clear,0,No Additional Atmospheric Conditions,1,Clear,0,No,0000000,Not Applicable,23,11:00pm-11:59pm,7,7,23,11:00pm-11:59pm,17,17,23,11:00pm-11:59pm,54,54,0,None,0,None,0,None,1,1
2018,53,530285,Washington,2,2,0,0,0,3,3,33,KING (33),1830,RENTON,19,19,8,August,2018,1,Sunday,20,8:00pm-8:59pm,24,24,0,This section IS NOT on the NHS,2,Urban,7,Local,4,City or Municipal Highway Agency,6,Local Street - Municipality,SE CARR RD,103RD AVE SE,0,None,47.44236667,47.44236667,-122.205383300,-122.20538333,0,No Special Jurisdiction,12,Motor Vehicle In-Transport,6,Angle,0,No,1,Non-Junction,1,Not an Intersection,0,None,,,1,On Roadway,5,Dusk,5,"Fog, Smog, Smoke",0,No Additional Atmospheric Conditions,5,"Fog, Smog, Smoke",0,No,0000000,Not Applicable,99,Unknown,98,Unknown if Notified,99,Unknown EMS Scene Arrival Hour,98,Unknown if Arrived,99,Unknown,98,Unknown if Transported,0,None,0,None,0,None,1,1
2018,53,530286,Washington,1,1,0,0,0,1,1,7,CHELAN (7),0,NOT APPLICABLE,12,12,8,August,2018,1,Sunday,6,6:00am-6:59am,48,48,0,This section IS NOT on the NHS,1,Rural,3,Principal Arterial - Other,1,State Highway Agency,3,State Highway,SR-97,,1523,1523,47.36736389,47.36736389,-120.578347200,-120.57834722,0,No Special Jurisdiction,1,Rollover/Overturn,0,Not a Collision with Motor Vehicle In-Transport,0,No,1,Non-Junction,1,Not an Intersection,0,None,,,4,On Roadside,4,Dawn,1,Clear,0,No Additional Atmospheric Conditions,1,Clear,0,No,0000000,Not Applicable,99,Unknown,98,Unknown if Notified,99,Unknown EMS Scene Arrival Hour,98,Unknown if Arrived,88,Not Applicable (Not Transported),88,Not Applicable (Not Transported),0,None,0,None,0,None,1,0
2018,53,530287,Washington,1,1,0,0,0,1,1,33,KING (33),0,NOT APPLICABLE,9,9,8,August,2018,5,Thursday,12,12:00pm-12:59pm,19,19,1,This section IS ON the NHS,2,Urban,1,Interstate,1,State Highway Agency,1,Interstate,I-90,,174,174,47.53358333,47.53358333,-121.999541700,-121.99954167,0,No Special Jurisdiction,43,Other Fixed Object,0,Not a Collision with Motor Vehicle In-Transport,0,No,1,Non-Junction,1,Not an Intersection,0,None,,,3,On Median,1,Daylight,1,Clear,0,No Additional Atmospheric Conditions,1,Clear,0,No,0000000,Not Applicable,99,Unknown,98,Unknown if Notified,99,Unknown EMS Scene Arrival Hour,98,Unknown if Arrived,88,Not Applicable (Not Transported),88,Not Applicable (Not Transported),0,None,0,None,0,None,1,0
2018,53,530288,Washington,3,1,2,0,0,2,2,53,PIERCE (53),2230,TACOMA,25,25,7,July,2018,4,Wednesday,8,8:00am-8:59am,46,46,0,This section IS NOT on the NHS,2,Urban,7,Local,4,City or Municipal Highway Agency,6,Local Street - Municipality,TACOMA AVE S,,0,None,47.22875278,47.22875278,-122.439277800,-122.43927778,0,No Special Jurisdiction,14,Parked Motor Vehicle,0,Not a Collision with Motor Vehicle In-Transport,0,No,1,Non-Junction,1,Not an Intersection,0,None,,,7,In Parking Lane/Zone,1,Daylight,1,Clear,0,No Additional Atmospheric Conditions,1,Clear,0,No,0000000,Not Applicable,99,Unknown,99,Unknown,99,Unknown EMS Scene Arrival Hour,99,Unknown EMS Scene Arrival Minutes,99,Unknown,99,Unknown EMS Hospital Arrival Time,0,None,0,None,0,None,1,0
2018,53,530289,Washington,1,1,0,1,1,1,1,7,CHELAN (7),0,NOT APPLICABLE,17,17,6,June,2018,1,Sunday,2,2:00am-2:59am,49,49,0,This section IS NOT on the NHS,2,Urban,5,Major Collector,2,County Highway Agency,6,Local Street - Municipality,CR-MANSON BLVD,,3,3,47.88556944,47.88556944,-120.167580600,-120.16758056,0,No Special Jurisdiction,8,Pedestrian,0,Not a Collision with Motor Vehicle In-Transport,0,No,1,Non-Junction,1,Not an Intersection,0,None,,,1,On Roadway,2,Dark - Not Lighted,1,Clear,0,No Additional Atmospheric Conditions,1,Clear,0,No,0000000,Not Applicable,2,2:00am-2:59am,44,44,2,2:00am-2:59am,54,54,88,Not Applicable (Not Transported),88,Not Applicable (Not Transported),0,None,0,None,0,None,1,1
2018,53,530290,Washington,4,4,0,0,0,4,4,61,SNOHOMISH (61),0,NOT APPLICABLE,19,19,8,August,2018,1,Sunday,21,9:00pm-9:59pm,20,20,0,This section IS NOT on the NHS,1,Rural,4,Minor Arterial,1,State Highway Agency,3,State Highway,SR-530,,48,48,48.20594444,48.20594444,-122.117097200,-122.11709722,0,No Special Jurisdiction,12,Motor Vehicle In-Transport,8,Sideswipe - Opposite Direction,0,No,1,Non-Junction,1,Not an Intersection,0,None,,,1,On Roadway,2,Dark - Not Lighted,1,Clear,0,No Additional Atmospheric Conditions,1,Clear,0,No,0000000,Not Applicable,99,Unknown,98,Unknown if Notified,99,Unknown EMS Scene Arrival Hour,98,Unknown if Arrived,88,Not Applicable (Not Transported),88,Not Applicable (Not Transported),0,None,0,None,0,None,1,1
2018,53,530291,Washington,1,1,0,0,0,1,1,33,KING (33),1830,RENTON,27,27,6,June,2018,4,Wednesday,13,1:00pm-1:59pm,42,42,0,This section IS NOT on the NHS,2,Urban,3,Principal Arterial - Other,1,State Highway Agency,3,State Highway,SR-169,140TH WAY SE,230,230,47.46844167,47.46844167,-122.156350000,-122.156350000,0,No Special Jurisdiction,31,"Post, Pole or Other Supports",0,Not a Collision with Motor Vehicle In-Transport,0,No,3,Intersection-Related,3,T-Intersection,0,None,,,4,On Roadside,1,Daylight,1,Clear,0,No Additional Atmospheric Conditions,1,Clear,0,No,0000000,Not Applicable,88,Not Applicable (Not Notified),88,Not Applicable (Not Notified),88,Not Applicable,88,Not Applicable,88,Not Applicable (Not Transported),88,Not Applicable (Not Transported),0,None,0,None,0,None,1,1
2018,53,530292,Washington,4,4,0,0,0,6,6,71,WALLA WALLA (71),0,NOT APPLICABLE,13,13,8,August,2018,2,Monday,7,7:00am-7:59am,14,14,0,This section IS NOT on the NHS,1,Rural,3,Principal Arterial - Other,1,State Highway Agency,3,State Highway,SR-125,OLD MILTON HWY,16,16,46.02388889,46.02388889,-118.389022200,-118.38902222,0,No Special Jurisdiction,12,Motor Vehicle In-Transport,6,Angle,0,No,2,Intersection,2,Four-Way Intersection,0,None,,,1,On Roadway,1,Daylight,1,Clear,0,No Additional Atmospheric Conditions,1,Clear,0,No,0000000,Not Applicable,7,7:00am-7:59am,13,13,7,7:00am-7:59am,23,23,7,7:00am-7:59am,38,38,0,None,0,None,0,None,1,0
2018,53,530293,Washington,4,4,0,0,0,5,5,33,KING (33),1960,SEATTLE,22,22,6,June,2018,6,Friday,0,0:00am-0:59am,26,26,0,This section IS NOT on the NHS,2,Urban,7,Local,4,City or Municipal Highway Agency,6,Local Street - Municipality,NW MARKET ST,15TH AVE NW,0,None,47.66867222,47.66867222,-122.376219400,-122.37621944,0,No Special Jurisdiction,12,Motor Vehicle In-Transport,6,Angle,0,No,2,Intersection,2,Four-Way Intersection,0,None,,,1,On Roadway,3,Dark - Lighted,1,Clear,0,No Additional Atmospheric Conditions,1,Clear,0,No,0000000,Not Applicable,99,Unknown,99,Unknown,99,Unknown EMS Scene Arrival Hour,99,Unknown EMS Scene Arrival Minutes,99,Unknown,99,Unknown EMS Hospital Arrival Time,0,None,0,None,0,None,1,0
2018,53,530295,Washington,1,1,0,0,0,2,2,37,KITTITAS (37),0,NOT APPLICABLE,27,27,7,July,2018,6,Friday,5,5:00am-5:59am,54,54,1,This section IS ON the NHS,1,Rural,1,Interstate,1,State Highway Agency,1,Interstate,I-90,,852,852,47.16612500,47.16612500,-120.877569400,-120.87756944,0,No Special Jurisdiction,1,Rollover/Overturn,0,Not a Collision with Motor Vehicle In-Transport,0,No,1,Non-Junction,1,Not an Intersection,0,None,,,4,On Roadside,1,Daylight,1,Clear,0,No Additional Atmospheric Conditions,1,Clear,0,No,0000000,Not Applicable,6,6:00am-6:59am,13,13,6,6:00am-6:59am,17,17,88,Not Applicable (Not Transported),88,Not Applicable (Not Transported),0,None,0,None,0,None,2,0
2018,53,530296,Washington,1,1,0,1,1,2,2,33,KING (33),1830,RENTON,18,18,8,August,2018,7,Saturday,0,0:00am-0:59am,10,10,0,This section IS NOT on the NHS,2,Urban,3,Principal Arterial - Other,1,State Highway Agency,3,State Highway,SR-900,NE 12TH ST,52,52,47.50309444,47.50309444,-122.177413900,-122.17741389,0,No Special Jurisdiction,8,Pedestrian,0,Not a Collision with Motor Vehicle In-Transport,0,No,3,Intersection-Related,2,Four-Way Intersection,0,None,,,1,On Roadway,3,Dark - Lighted,1,Clear,0,No Additional Atmospheric Conditions,1,Clear,0,No,0000000,Not Applicable,99,Unknown,99,Unknown,99,Unknown EMS Scene Arrival Hour,99,Unknown EMS Scene Arrival Minutes,88,Not Applicable (Not Transported),88,Not Applicable (Not Transported),0,None,0,None,0,None,1,0
2018,53,530297,Washington,2,2,0,0,0,6,6,37,KITTITAS (37),0,NOT APPLICABLE,27,27,8,August,2018,2,Monday,13,1:00pm-1:59pm,16,16,0,This section IS NOT on the NHS,1,Rural,3,Principal Arterial - Other,1,State Highway Agency,3,State Highway,SR-970,,21,21,47.17769167,47.17769167,-120.866294400,-120.86629444,0,No Special Jurisdiction,1,Rollover/Overturn,0,Not a Collision with Motor Vehicle In-Transport,0,No,1,Non-Junction,1,Not an Intersection,0,None,,,4,On Roadside,1,Daylight,1,Clear,0,No Additional Atmospheric Conditions,1,Clear,0,No,0000000,Not Applicable,13,1:00pm-1:59pm,15,15,13,1:00pm-1:59pm,21,21,15,3:00pm-3:59pm,5,5,0,None,0,None,0,None,1,0
2018,53,530298,Washington,2,2,0,1,1,2,2,25,GRANT (25),0,NOT APPLICABLE,10,10,8,August,2018,6,Friday,0,0:00am-0:59am,25,25,0,This section IS NOT on the NHS,1,Rural,6,Minor Collector,2,County Highway Agency,4,County Road,CR-ROAD 9 NW,,44,44,47.22023056,47.22023056,-119.684722200,-119.68472222,0,No Special Jurisdiction,8,Pedestrian,0,Not a Collision with Motor Vehicle In-Transport,0,No,1,Non-Junction,1,Not an Intersection,0,None,,,1,On Roadway,2,Dark - Not Lighted,1,Clear,0,No Additional Atmospheric Conditions,1,Clear,0,No,0000000,Not Applicable,0,0:00am-0:59am,44,44,1,1:00am-1:59am,7,7,88,Not Applicable (Not Transported),88,Not Applicable (Not Transported),0,None,0,None,0,None,1,0
2018,53,530299,Washington,2,2,0,0,0,4,4,53,PIERCE (53),2230,TACOMA,28,28,7,July,2018,7,Saturday,23,11:00pm-11:59pm,32,32,0,This section IS NOT on the NHS,2,Urban,3,Principal Arterial - Other,1,State Highway Agency,3,State Highway,SR-7,S 43RD ST,567,567,47.21834722,47.21834722,-122.434033300,-122.43403333,0,No Special Jurisdiction,12,Motor Vehicle In-Transport,6,Angle,0,No,2,Intersection,2,Four-Way Intersection,0,None,,,1,On Roadway,3,Dark - Lighted,1,Clear,0,No Additional Atmospheric Conditions,1,Clear,0,No,0000000,Not Applicable,99,Unknown,98,Unknown if Notified,99,Unknown EMS Scene Arrival Hour,98,Unknown if Arrived,99,Unknown,98,Unknown if Transported,0,None,0,None,0,None,1,0
2018,53,530301,Washington,3,3,0,0,0,5,5,69,WAHKIAKUM (69),290,CATHLAMET,18,18,8,August,2018,7,Saturday,13,1:00pm-1:59pm,0,0,0,This section IS NOT on the NHS,1,Rural,3,Principal Arterial - Other,1,State Highway Agency,3,State Highway,SR-4,,351,351,46.20876944,46.20876944,-123.387802800,-123.38780278,0,No Special Jurisdiction,12,Motor Vehicle In-Transport,8,Sideswipe - Opposite Direction,0,No,1,Non-Junction,1,Not an Intersection,0,None,,,1,On Roadway,1,Daylight,1,Clear,0,No Additional Atmospheric Conditions,1,Clear,0,No,0000000,Not Applicable,12,12:00pm-12:59pm,52,52,13,1:00pm-1:59pm,0,0,13,1:00pm-1:59pm,34,34,0,None,0,None,0,None,2,0
2018,53,530302,Washington,2,2,0,0,0,3,3,77,YAKIMA (77),0,NOT APPLICABLE,27,27,8,August,2018,2,Monday,10,10:00am-10:59am,54,54,0,This section IS NOT on the NHS,1,Rural,5,Major Collector,2,County Highway Agency,4,County Road,CR-FORT RD,LATERAL RD A,73,73,46.37535000,46.37535000,-120.481155600,-120.48115556,3,Indian Reservation,12,Motor Vehicle In-Transport,6,Angle,0,No,2,Intersection,2,Four-Way Intersection,0,None,,,1,On Roadway,1,Daylight,1,Clear,0,No Additional Atmospheric Conditions,1,Clear,0,No,0000000,Not Applicable,11,11:00am-11:59am,0,0,11,11:00am-11:59am,25,25,11,11:00am-11:59am,45,45,0,None,0,None,0,None,1,0
2018,53,530303,Washington,2,2,0,0,0,2,2,77,YAKIMA (77),0,NOT APPLICABLE,31,31,8,August,2018,6,Friday,5,5:00am-5:59am,30,30,0,This section IS NOT on the NHS,1,Rural,5,Major Collector,2,County Highway Agency,4,County Road,CR-INDEPENDENCE RD,MAPLE GROVE RD,41,41,46.37469167,46.37469167,-120.041000000,-120.041000000,0,No Special Jurisdiction,12,Motor Vehicle In-Transport,6,Angle,0,No,2,Intersection,2,Four-Way Intersection,0,None,,,1,On Roadway,4,Dawn,1,Clear,0,No Additional Atmospheric Conditions,1,Clear,0,No,0000000,Not Applicable,99,Unknown,98,Unknown if Notified,99,Unknown EMS Scene Arrival Hour,98,Unknown if Arrived,99,Unknown,98,Unknown if Transported,0,None,0,None,0,None,1,0
2018,53,530304,Washington,1,1,0,0,0,1,1,73,WHATCOM (73),0,NOT APPLICABLE,4,4,9,September,2018,3,Tuesday,19,7:00pm-7:59pm,18,18,0,This section IS NOT on the NHS,1,Rural,7,Local,64,U.S. Forest Service,8,Other,FS RD 1130,,99999,Unknown,99.99990000,Unknown,999.999900000,Unknown,0,No Special Jurisdiction,42,Tree (Standing Only),0,Not a Collision with Motor Vehicle In-Transport,0,No,1,Non-Junction,1,Not an Intersection,0,None,,,4,On Roadside,1,Daylight,1,Clear,0,No Additional Atmospheric Conditions,1,Clear,0,No,0000000,Not Applicable,99,Unknown,98,Unknown if Notified,99,Unknown EMS Scene Arrival Hour,98,Unknown if Arrived,88,Not Applicable (Not Transported),88,Not Applicable (Not Transported),0,None,0,None,0,None,1,0
2018,53,530305,Washington,1,1,0,0,0,1,1,33,KING (33),1960,SEATTLE,30,30,8,August,2018,5,Thursday,11,11:00am-11:59am,23,23,1,This section IS ON the NHS,2,Urban,1,Interstate,1,State Highway Agency,1,Interstate,I-5 RAMP,,2,2,47.54885000,47.54885000,-122.313583300,-122.31358333,0,No Special Jurisdiction,24,Guardrail Face,0,Not a Collision with Motor Vehicle In-Transport,1,Yes,5,Entrance/Exit Ramp Related,1,Not an Intersection,0,None,,,4,On Roadside,1,Daylight,10,Cloudy,0,No Additional Atmospheric Conditions,10,Cloudy,0,No,0000000,Not Applicable,99,Unknown,98,Unknown if Notified,99,Unknown EMS Scene Arrival Hour,98,Unknown if Arrived,88,Not Applicable (Not Transported),88,Not Applicable (Not Transported),0,None,0,None,0,None,1,0
2018,53,530306,Washington,1,1,0,0,0,1,1,5,BENTON (5),1850,RICHLAND,29,29,7,July,2018,1,Sunday,8,8:00am-8:59am,23,23,0,This section IS NOT on the NHS,2,Urban,3,Principal Arterial - Other,4,City or Municipal Highway Agency,6,Local Street - Municipality,GEORGE WAHINGTON WAY,JADWIN AVE,0,None,46.27302778,46.27302778,-119.273322200,-119.27332222,0,No Special Jurisdiction,1,Rollover/Overturn,0,Not a Collision with Motor Vehicle In-Transport,0,No,3,Intersection-Related,3,T-Intersection,0,None,,,4,On Roadside,1,Daylight,1,Clear,0,No Additional Atmospheric Conditions,1,Clear,0,No,0000000,Not Applicable,88,Not Applicable (Not Notified),88,Not Applicable (Not Notified),88,Not Applicable,88,Not Applicable,88,Not Applicable (Not Transported),88,Not Applicable (Not Transported),0,None,0,None,0,None,1,0
2018,53,530307,Washington,4,4,0,1,1,6,6,33,KING (33),1030,KENT,22,22,7,July,2018,1,Sunday,1,1:00am-1:59am,55,55,0,This section IS NOT on the NHS,2,Urban,3,Principal Arterial - Other,1,State Highway Agency,3,State Highway,SR-516,,35,35,47.37678056,47.37678056,-122.270425000,-122.270425000,0,No Special Jurisdiction,8,Pedestrian,0,Not a Collision with Motor Vehicle In-Transport,0,No,1,Non-Junction,1,Not an Intersection,0,None,,,1,On Roadway,3,Dark - Lighted,1,Clear,0,No Additional Atmospheric Conditions,1,Clear,0,No,0000000,Not Applicable,99,Unknown,98,Unknown if Notified,99,Unknown EMS Scene Arrival Hour,98,Unknown if Arrived,88,Not Applicable (Not Transported),88,Not Applicable (Not Transported),20,Police Pursuit Involved,0,None,0,None,1,0
2018,53,530308,Washington,1,1,0,1,1,1,1,7,CHELAN (7),0,NOT APPLICABLE,25,25,7,July,2018,4,Wednesday,18,6:00pm-6:59pm,32,32,0,This section IS NOT on the NHS,1,Rural,5,Major Collector,2,County Highway Agency,4,County Road,CR-ICICLE RD,,17,17,47.56562500,47.56562500,-120.679791700,-120.67979167,0,No Special Jurisdiction,9,Pedalcyclist,0,Not a Collision with Motor Vehicle In-Transport,0,No,1,Non-Junction,1,Not an Intersection,0,None,,,1,On Roadway,1,Daylight,1,Clear,0,No Additional Atmospheric Conditions,1,Clear,0,No,0000000,Not Applicable,99,Unknown,98,Unknown if Notified,99,Unknown EMS Scene Arrival Hour,98,Unknown if Arrived,88,Not Applicable (Not Transported),88,Not Applicable (Not Transported),0,None,0,None,0,None,1,0
2018,53,530309,Washington,1,1,0,1,1,1,1,53,PIERCE (53),2230,TACOMA,2,2,8,August,2018,5,Thursday,23,11:00pm-11:59pm,48,48,0,This section IS NOT on the NHS,2,Urban,3,Principal Arterial - Other,1,State Highway Agency,3,State Highway,SR-16,,27,27,47.23616944,47.23616944,-122.499447200,-122.49944722,0,No Special Jurisdiction,8,Pedestrian,0,Not a Collision with Motor Vehicle In-Transport,0,No,1,Non-Junction,1,Not an Intersection,0,None,,,1,On Roadway,2,Dark - Not Lighted,1,Clear,0,No Additional Atmospheric Conditions,1,Clear,0,No,0000000,Not Applicable,99,Unknown,98,Unknown if Notified,99,Unknown EMS Scene Arrival Hour,98,Unknown if Arrived,88,Not Applicable (Not Transported),88,Not Applicable (Not Transported),0,None,0,None,0,None,1,0
2018,53,530310,Washington,1,1,0,0,0,1,1,71,WALLA WALLA (71),0,NOT APPLICABLE,29,29,8,August,2018,4,Wednesday,18,6:00pm-6:59pm,41,41,0,This section IS NOT on the NHS,1,Rural,3,Principal Arterial - Other,1,State Highway Agency,2,U.S. Highway,US-12,,3282,3282,46.05566389,46.05566389,-118.451386100,-118.45138611,0,No Special Jurisdiction,1,Rollover/Overturn,0,Not a Collision with Motor Vehicle In-Transport,0,No,1,Non-Junction,1,Not an Intersection,0,None,,,3,On Median,1,Daylight,1,Clear,0,No Additional Atmospheric Conditions,1,Clear,0,No,0000000,Not Applicable,99,Unknown,98,Unknown if Notified,99,Unknown EMS Scene Arrival Hour,98,Unknown if Arrived,88,Not Applicable (Not Transported),88,Not Applicable (Not Transported),0,None,0,None,0,None,1,0
2018,53,530311,Washington,1,1,0,0,0,9,9,37,KITTITAS (37),0,NOT APPLICABLE,3,3,9,September,2018,2,Monday,15,3:00pm-3:59pm,23,23,1,This section IS ON the NHS,2,Urban,1,Interstate,1,State Highway Agency,1,Interstate,I-90,,1075,1075,46.97478611,46.97478611,-120.545686100,-120.54568611,0,No Special Jurisdiction,24,Guardrail Face,0,Not a Collision with Motor Vehicle In-Transport,0,No,1,Non-Junction,1,Not an Intersection,0,None,,,3,On Median,1,Daylight,1,Clear,0,No Additional Atmospheric Conditions,1,Clear,0,No,0000000,Not Applicable,15,3:00pm-3:59pm,26,26,15,3:00pm-3:59pm,35,35,15,3:00pm-3:59pm,48,48,0,None,0,None,0,None,2,0
2018,53,530312,Washington,1,1,0,1,1,1,1,61,SNOHOMISH (61),690,EVERETT,8,8,9,September,2018,7,Saturday,20,8:00pm-8:59pm,3,3,0,This section IS NOT on the NHS,2,Urban,3,Principal Arterial - Other,1,State Highway Agency,3,State Highway,SR-527,98TH ST SE,86,86,47.90926667,47.90926667,-122.207061100,-122.20706111,0,No Special Jurisdiction,8,Pedestrian,0,Not a Collision with Motor Vehicle In-Transport,0,No,3,Intersection-Related,3,T-Intersection,0,None,,,1,On Roadway,3,Dark - Lighted,1,Clear,0,No Additional Atmospheric Conditions,1,Clear,0,No,0000000,Not Applicable,99,Unknown,99,Unknown,99,Unknown EMS Scene Arrival Hour,99,Unknown EMS Scene Arrival Minutes,88,Not Applicable (Not Transported),88,Not Applicable (Not Transported),0,None,0,None,0,None,1,0
2018,53,530313,Washington,1,1,0,0,0,2,2,5,BENTON (5),0,NOT APPLICABLE,26,26,8,August,2018,1,Sunday,19,7:00pm-7:59pm,27,27,1,This section IS ON the NHS,1,Rural,1,Interstate,1,State Highway Agency,1,Interstate,I-82,,890,890,46.24771389,46.24771389,-119.622855600,-119.62285556,0,No Special Jurisdiction,1,Rollover/Overturn,0,Not a Collision with Motor Vehicle In-Transport,0,No,1,Non-Junction,1,Not an Intersection,0,None,,,1,On Roadway,1,Daylight,1,Clear,0,No Additional Atmospheric Conditions,1,Clear,0,No,0000000,Not Applicable,19,7:00pm-7:59pm,23,23,19,7:00pm-7:59pm,39,39,88,Not Applicable (Not Transported),88,Not Applicable (Not Transported),0,None,0,None,0,None,2,0