caseyear,state,st_case,statename,ve_total,ve_forms,pvh_invl,peds,pernotmvit,permvit,persons,county,countyname,city,cityname,day,dayname,month,monthname,year,day_week,day_weekname,hour,hourname,minute,minutename,nhs,nhsname,rur_urb,rur_urbname,func_sys,func_sysname,rd_owner,rd_ownername,route,routename,tway_id,tway_id2,milept,mileptname,latitude,latitudename,longitud,longitudname,sp_jur,sp_jurname,harm_ev,harm_evname,man_coll,man_collname,reljct1,reljct1name,reljct2,reljct2name,typ_int,typ_intname,wrk_zone,wrk_zonename,road_fnc,road_fncname,rel_road,rel_roadname,lgt_cond,lgt_condname,weather1,weather1name,weather2,weather2name,weather,weathername,sch_bus,sch_busname,rail,railname,not_hour,not_hourname,not_min,not_minname,arr_hour,arr_hourname,arr_min,arr_minname,hosp_hr,hosp_hrname,hosp_mn,hosp_mnname,cf1,cf1name,cf2,cf2name,cf3,cf3name,fatals,drunk_dr
2019,53,530413,Washington,1,1,0,0,0,2,2,67,THURSTON (67),1590,OLYMPIA,4,4,11,November,2019,2,Monday,10,10:00am-10:59am,30,30,0,This section IS NOT on the NHS,2,Urban,7,Local,4,City or Municipal Highway Agency,6,Local Street - Municipality,W BAY DR NW,HARBOR VIEW DR NW,0,None,47.05812778,47.05812778,-122.914833300,-122.91483333,0,No Special Jurisdiction,38,Fence,0,The First Harmful Event was Not a Collision with a Motor Vehicle in Transport,0,No,8,Driveway Access Related,1,Not an Intersection,0,None,,,4,On Roadside,1,Daylight,1,Clear,0,No Additional Atmospheric Conditions,1,Clear,0,No,0000000,Not Applicable,99,Unknown,98,Unknown if Notified,99,Unknown EMS Scene Arrival Hour,98,Unknown if Arrived,88,Not Applicable (Not Transported),88,Not Applicable (Not Transported),0,None,0,None,0,None,2,0
2019,53,530414,Washington,2,2,0,1,1,2,2,57,SKAGIT (57),0,NOT APPLICABLE,20,20,11,November,2019,4,Wednesday,1,1:00am-1:59am,15,15,1,This section IS ON the NHS,1,Rural,1,Interstate,1,State Highway Agency,1,Interstate,I-5,,2382,2382,48.58300000,48.58300000,-122.345986100,-122.34598611,0,No Special Jurisdiction,8,Pedestrian,0,The First Harmful Event was Not a Collision with a Motor Vehicle in Transport,0,No,1,Non-Junction,1,Not an Intersection,0,None,,,1,On Roadway,2,Dark - Not Lighted,1,Clear,0,No Additional Atmospheric Conditions,1,Clear,0,No,0000000,Not Applicable,99,Unknown,98,Unknown if Notified,99,Unknown EMS Scene Arrival Hour,98,Unknown if Arrived,88,Not Applicable (Not Transported),88,Not Applicable (Not Transported),0,None,0,None,0,None,1,0
2019,53,530415,Washington,1,1,0,0,0,3,3,31,JEFFERSON (31),0,NOT APPLICABLE,11,11,11,November,2019,2,Monday,3,3:00am-3:59am,40,40,0,This section IS NOT on the NHS,1,Rural,4,Minor Arterial,1,State Highway Agency,3,State Highway,SR-19,,123,123,48.04837778,48.04837778,-122.797744400,-122.79774444,0,No Special Jurisdiction,1,Rollover/Overturn,0,The First Harmful Event was Not a Collision with a Motor Vehicle in Transport,0,No,1,Non-Junction,1,Not an Intersection,0,None,,,4,On Roadside,2,Dark - Not Lighted,10,Cloudy,0,No Additional Atmospheric Conditions,10,Cloudy,0,No,0000000,Not Applicable,99,Unknown,98,Unknown if Notified,99,Unknown EMS Scene Arrival Hour,98,Unknown if Arrived,88,Not Applicable (Not Transported),88,Not Applicable (Not Transported),0,None,0,None,0,None,3,1
2019,53,530416,Washington,1,1,0,0,0,1,1,71,WALLA WALLA (71),0,NOT APPLICABLE,21,21,11,November,2019,5,Thursday,1,1:00am-1:59am,27,27,0,This section IS NOT on the NHS,1,Rural,5,Major Collector,2,County Highway Agency,4,County Road,CR-HARVEY SHAW RD,,132,132,46.26442222,46.26442222,-118.471444400,-118.47144444,0,No Special Jurisdiction,1,Rollover/Overturn,0,The First Harmful Event was Not a Collision with a Motor Vehicle in Transport,0,No,1,Non-Junction,1,Not an Intersection,0,None,,,4,On Roadside,2,Dark - Not Lighted,1,Clear,0,No Additional Atmospheric Conditions,1,Clear,0,No,0000000,Not Applicable,99,Unknown,99,Unknown,99,Unknown EMS Scene Arrival Hour,99,Unknown EMS Scene Arrival Minutes,88,Not Applicable (Not Transported),88,Not Applicable (Not Transported),0,None,0,None,0,None,1,1
2019,53,530417,Washington,2,2,0,0,0,2,2,53,PIERCE (53),0,NOT APPLICABLE,22,22,11,November,2019,6,Friday,5,5:00am-5:59am,54,54,0,This section IS NOT on the NHS,1,Rural,4,Minor Arterial,2,County Highway Agency,4,County Road,CR-ORTING KAPOWSIN HWY,,122,122,47.02861389,47.02861389,-122.251952800,-122.25195278,0,No Special Jurisdiction,12,Motor Vehicle In-Transport,2,Front-to-Front,0,No,1,Non-Junction,1,Not an Intersection,0,None,,,1,On Roadway,2,Dark - Not Lighted,1,Clear,0,No Additional Atmospheric Conditions,1,Clear,0,No,0000000,Not Applicable,99,Unknown,98,Unknown if Notified,99,Unknown EMS Scene Arrival Hour,98,Unknown if Arrived,88,Not Applicable (Not Transported),88,Not Applicable (Not Transported),0,None,0,None,0,None,1,0
2019,53,530419,Washington,1,1,0,1,1,1,1,33,KING (33),109,BELLEVUE,20,20,11,November,2019,4,Wednesday,6,6:00am-6:59am,33,33,0,This section IS NOT on the NHS,2,Urban,7,Local,4,City or Municipal Highway Agency,6,Local Street - Municipality,NE 24TH ST,BELLEVUE WAY NE,0,None,47.63195833,47.63195833,-122.201636100,-122.20163611,0,No Special Jurisdiction,8,Pedestrian,0,The First Harmful Event was Not a Collision with a Motor Vehicle in Transport,0,No,3,Intersection-Related,2,Four-Way Intersection,0,None,,,1,On Roadway,3,Dark - Lighted,1,Clear,0,No Additional Atmospheric Conditions,1,Clear,0,No,0000000,Not Applicable,99,Unknown,98,Unknown if Notified,99,Unknown EMS Scene Arrival Hour,98,Unknown if Arrived,99,Unknown,98,Unknown if Transported,0,None,0,None,0,None,1,0
2019,53,530420,Washington,2,1,1,0,0,1,1,61,SNOHOMISH (61),0,NOT APPLICABLE,16,16,11,November,2019,7,Saturday,0,0:00am-0:59am,1,1,0,This section IS NOT on the NHS,2,Urban,5,Major Collector,1,State Highway Agency,3,State Highway,SR-531,,25,25,48.15569722,48.15569722,-122.266822200,-122.26682222,0,No Special Jurisdiction,31,"Post, Pole or Other Supports",0,The First Harmful Event was Not a Collision with a Motor Vehicle in Transport,0,No,1,Non-Junction,1,Not an Intersection,0,None,,,4,On Roadside,2,Dark - Not Lighted,1,Clear,0,No Additional Atmospheric Conditions,1,Clear,0,No,0000000,Not Applicable,99,Unknown,98,Unknown if Notified,99,Unknown EMS Scene Arrival Hour,98,Unknown if Arrived,88,Not Applicable (Not Transported),88,Not Applicable (Not Transported),0,None,0,None,0,None,1,1
2019,53,530421,Washington,3,2,1,0,0,3,3,33,KING (33),532,DES MOINES,27,27,11,November,2019,4,Wednesday,16,4:00pm-4:59pm,32,32,0,This section IS NOT on the NHS,2,Urban,7,Local,4,City or Municipal Highway Agency,6,Local Street - Municipality,8TH AVE S,S 196TH ST,0,None,47.42691111,47.42691111,-122.324875000,-122.324875000,0,No Special Jurisdiction,12,Motor Vehicle In-Transport,6,Angle,0,No,2,Intersection,3,T-Intersection,0,None,,,1,On Roadway,1,Daylight,1,Clear,0,No Additional Atmospheric Conditions,1,Clear,0,No,0000000,Not Applicable,99,Unknown,98,Unknown if Notified,99,Unknown EMS Scene Arrival Hour,98,Unknown if Arrived,88,Not Applicable (Not Transported),88,Not Applicable (Not Transported),0,None,0,None,0,None,1,1
2019,53,530422,Washington,1,1,0,0,0,1,1,31,JEFFERSON (31),0,NOT APPLICABLE,21,21,11,November,2019,5,Thursday,4,4:00am-4:59am,40,40,0,This section IS NOT on the NHS,1,Rural,3,Principal Arterial - Other,1,State Highway Agency,3,State Highway,SR-104,,41,41,47.92294722,47.92294722,-122.813713900,-122.81371389,0,No Special Jurisdiction,24,Guardrail Face,0,The First Harmful Event was Not a Collision with a Motor Vehicle in Transport,0,No,1,Non-Junction,1,Not an Intersection,0,None,,,4,On Roadside,3,Dark - Lighted,1,Clear,0,No Additional Atmospheric Conditions,1,Clear,0,No,0000000,Not Applicable,99,Unknown,98,Unknown if Notified,99,Unknown EMS Scene Arrival Hour,98,Unknown if Arrived,99,Unknown,98,Unknown if Transported,0,None,0,None,0,None,1,0
2019,53,530423,Washington,2,2,0,0,0,3,3,33,KING (33),100,AUBURN,15,15,11,November,2019,6,Friday,11,11:00am-11:59am,41,41,0,This section IS NOT on the NHS,2,Urban,3,Principal Arterial - Other,1,State Highway Agency,3,State Highway,SR-164,DOGWOOD ST SE,20,20,47.28839444,47.28839444,-122.192519400,-122.19251944,3,Indian Reservation,12,Motor Vehicle In-Transport,6,Angle,0,No,2,Intersection,2,Four-Way Intersection,0,None,,,1,On Roadway,1,Daylight,10,Cloudy,0,No Additional Atmospheric Conditions,10,Cloudy,0,No,0000000,Not Applicable,99,Unknown,99,Unknown,99,Unknown EMS Scene Arrival Hour,99,Unknown EMS Scene Arrival Minutes,99,Unknown,99,Unknown EMS Hospital Arrival Time,0,None,0,None,0,None,1,0
2019,53,530424,Washington,2,2,0,0,0,3,3,57,SKAGIT (57),0,NOT APPLICABLE,19,19,11,November,2019,3,Tuesday,15,3:00pm-3:59pm,43,43,0,This section IS NOT on the NHS,2,Urban,5,Major Collector,2,County Highway Agency,4,County Road,CR-HIGGINS AIRPORT WAY,OVENELL RD,5,5,48.45760278,48.45760278,-122.413544400,-122.41354444,0,No Special Jurisdiction,12,Motor Vehicle In-Transport,6,Angle,0,No,2,Intersection,2,Four-Way Intersection,0,None,,,1,On Roadway,1,Daylight,1,Clear,0,No Additional Atmospheric Conditions,1,Clear,0,No,0000000,Not Applicable,99,Unknown,99,Unknown,99,Unknown EMS Scene Arrival Hour,99,Unknown EMS Scene Arrival Minutes,88,Not Applicable (Not Transported),88,Not Applicable (Not Transported),0,None,0,None,0,None,1,0
2019,53,530426,Washington,1,1,0,0,0,2,2,33,KING (33),735,FEDERAL WAY,24,24,11,November,2019,1,Sunday,9,9:00am-9:59am,55,55,0,This section IS NOT on the NHS,2,Urban,7,Local,4,City or Municipal Highway Agency,6,Local Street - Municipality,1ST AVE S,,0,None,47.29406389,47.29406389,-122.334130600,-122.33413056,0,No Special Jurisdiction,42,Tree (Standing Only),0,The First Harmful Event was Not a Collision with a Motor Vehicle in Transport,0,No,1,Non-Junction,1,Not an Intersection,0,None,,,3,On Median,1,Daylight,10,Cloudy,0,No Additional Atmospheric Conditions,10,Cloudy,0,No,0000000,Not Applicable,99,Unknown,98,Unknown if Notified,99,Unknown EMS Scene Arrival Hour,98,Unknown if Arrived,88,Not Applicable (Not Transported),88,Not Applicable (Not Transported),20,Police Pursuit Involved,0,None,0,None,1,0
2019,53,530427,Washington,1,1,0,0,0,2,2,77,YAKIMA (77),0,NOT APPLICABLE,28,28,11,November,2019,5,Thursday,23,11:00pm-11:59pm,50,50,0,This section IS NOT on the NHS,1,Rural,5,Major Collector,2,County Highway Agency,4,County Road,CR-GRANDVIEW PAVEMENT R,,9,9,46.25113333,46.25113333,-119.980719400,-119.98071944,0,No Special Jurisdiction,31,"Post, Pole or Other Supports",0,The First Harmful Event was Not a Collision with a Motor Vehicle in Transport,0,No,1,Non-Junction,1,Not an Intersection,0,None,,,4,On Roadside,2,Dark - Not Lighted,1,Clear,0,No Additional Atmospheric Conditions,1,Clear,0,No,0000000,Not Applicable,99,Unknown,98,Unknown if Notified,99,Unknown EMS Scene Arrival Hour,98,Unknown if Arrived,88,Not Applicable (Not Transported),88,Not Applicable (Not Transported),0,None,0,None,0,None,1,1
2019,53,530428,Washington,1,1,0,0,0,1,1,33,KING (33),1030,KENT,15,15,10,October,2019,3,Tuesday,22,10:00pm-10:59pm,47,47,0,This section IS NOT on the NHS,2,Urban,3,Principal Arterial - Other,1,State Highway Agency,3,State Highway,SR-99,,99,99,47.36584444,47.36584444,-122.305200000,-122.305200000,0,No Special Jurisdiction,33,Curb,0,The First Harmful Event was Not a Collision with a Motor Vehicle in Transport,0,No,1,Non-Junction,1,Not an Intersection,0,None,,,4,On Roadside,3,Dark - Lighted,1,Clear,0,No Additional Atmospheric Conditions,1,Clear,0,No,0000000,Not Applicable,99,Unknown,98,Unknown if Notified,99,Unknown EMS Scene Arrival Hour,98,Unknown if Arrived,88,Not Applicable (Not Transported),88,Not Applicable (Not Transported),0,None,0,None,0,None,1,0
2019,53,530429,Washington,1,1,0,1,1,1,1,45,MASON (45),0,NOT APPLICABLE,24,24,11,November,2019,1,Sunday,3,3:00am-3:59am,44,44,0,This section IS NOT on the NHS,1,Rural,3,Principal Arterial - Other,1,State Highway Agency,2,U.S. Highway,US-101,,3522,3522,47.12356111,47.12356111,-123.100708300,-123.10070833,0,No Special Jurisdiction,8,Pedestrian,0,The First Harmful Event was Not a Collision with a Motor Vehicle in Transport,0,No,1,Non-Junction,1,Not an Intersection,0,None,,,1,On Roadway,2,Dark - Not Lighted,1,Clear,0,No Additional Atmospheric Conditions,1,Clear,0,No,0000000,Not Applicable,99,Unknown,98,Unknown if Notified,99,Unknown EMS Scene Arrival Hour,98,Unknown if Arrived,88,Not Applicable (Not Transported),88,Not Applicable (Not Transported),0,None,0,None,0,None,1,0
2019,53,530430,Washington,2,2,0,0,0,2,2,45,MASON (45),0,NOT APPLICABLE,29,29,11,November,2019,6,Friday,19,7:00pm-7:59pm,40,40,0,This section IS NOT on the NHS,1,Rural,4,Minor Arterial,1,State Highway Agency,3,State Highway,SR-302,,48,48,47.36002778,47.36002778,-122.805625000,-122.805625000,0,No Special Jurisdiction,12,Motor Vehicle In-Transport,2,Front-to-Front,0,No,1,Non-Junction,1,Not an Intersection,0,None,,,1,On Roadway,2,Dark - Not Lighted,1,Clear,0,No Additional Atmospheric Conditions,1,Clear,0,No,0000000,Not Applicable,99,Unknown,98,Unknown if Notified,99,Unknown EMS Scene Arrival Hour,98,Unknown if Arrived,99,Unknown,98,Unknown if Transported,0,None,0,None,0,None,1,0
2019,53,530431,Washington,2,2,0,0,0,2,2,53,PIERCE (53),0,NOT APPLICABLE,7,7,12,December,2019,7,Saturday,20,8:00pm-8:59pm,50,50,0,This section IS NOT on the NHS,2,Urban,5,Major Collector,2,County Highway Agency,4,County Road,CR-YAKIMA AVE S,138TH ST S,4,4,47.13141944,47.13141944,-122.442658300,-122.44265833,0,No Special Jurisdiction,12,Motor Vehicle In-Transport,6,Angle,0,No,2,Intersection,2,Four-Way Intersection,0,None,,,1,On Roadway,3,Dark - Lighted,5,"Fog, Smog, Smoke",0,No Additional Atmospheric Conditions,5,"Fog, Smog, Smoke",0,No,0000000,Not Applicable,99,Unknown,98,Unknown if Notified,99,Unknown EMS Scene Arrival Hour,98,Unknown if Arrived,99,Unknown,98,Unknown if Transported,0,None,0,None,0,None,1,0
2019,53,530432,Washington,2,2,0,0,0,3,3,47,OKANOGAN (47),0,NOT APPLICABLE,27,27,10,October,2019,1,Sunday,14,2:00pm-2:59pm,56,56,0,This section IS NOT on the NHS,1,Rural,4,Minor Arterial,1,State Highway Agency,3,State Highway,SR-153,,205,205,48.21999444,48.21999444,-120.125372200,-120.12537222,0,No Special Jurisdiction,12,Motor Vehicle In-Transport,6,Angle,0,No,1,Non-Junction,1,Not an Intersection,0,None,,,1,On Roadway,1,Daylight,1,Clear,0,No Additional Atmospheric Conditions,1,Clear,0,No,0000000,Not Applicable,99,Unknown,98,Unknown if Notified,99,Unknown EMS Scene Arrival Hour,98,Unknown if Arrived,88,Not Applicable (Not Transported),88,Not Applicable (Not Transported),0,None,0,None,0,None,1,0
2019,53,530433,Washington,1,1,0,0,0,3,3,29,ISLAND (29),0,NOT APPLICABLE,6,6,12,December,2019,6,Friday,17,5:00pm-5:59pm,52,52,0,This section IS NOT on the NHS,1,Rural,6,Minor Collector,2,County Highway Agency,4,County Road,CR-WILKINSON RD,,99999,Unknown,47.99979722,47.99979722,-122.373427800,-122.37342778,0,No Special Jurisdiction,42,Tree (Standing Only),0,The First Harmful Event was Not a Collision with a Motor Vehicle in Transport,0,No,1,Non-Junction,1,Not an Intersection,0,None,,,4,On Roadside,2,Dark - Not Lighted,1,Clear,0,No Additional Atmospheric Conditions,1,Clear,0,No,0000000,Not Applicable,99,Unknown,98,Unknown if Notified,99,Unknown EMS Scene Arrival Hour,98,Unknown if Arrived,99,Unknown,98,Unknown if Transported,0,None,0,None,0,None,1,1
2019,53,530434,Washington,1,1,0,1,1,1,1,33,KING (33),109,BELLEVUE,17,17,11,November,2019,1,Sunday,19,7:00pm-7:59pm,10,10,0,This section IS NOT on the NHS,2,Urban,7,Local,4,City or Municipal Highway Agency,6,Local Street - Municipality,145TH PL SE,,0,None,47.59300556,47.59300556,-122.147986100,-122.14798611,0,No Special Jurisdiction,8,Pedestrian,0,The First Harmful Event was Not a Collision with a Motor Vehicle in Transport,0,No,1,Non-Junction,1,Not an Intersection,0,None,,,1,On Roadway,3,Dark - Lighted,2,Rain,0,No Additional Atmospheric Conditions,2,Rain,0,No,0000000,Not Applicable,99,Unknown,98,Unknown if Notified,99,Unknown EMS Scene Arrival Hour,98,Unknown if Arrived,99,Unknown,98,Unknown if Transported,0,None,0,None,0,None,1,1
2019,53,530435,Washington,1,1,0,0,0,1,1,47,OKANOGAN (47),0,NOT APPLICABLE,29,29,11,November,2019,6,Friday,19,7:00pm-7:59pm,30,30,0,This section IS NOT on the NHS,1,Rural,4,Minor Arterial,1,State Highway Agency,3,State Highway,SR-155,,288,288,47.98922222,47.98922222,-118.957108300,-118.95710833,3,Indian Reservation,1,Rollover/Overturn,0,The First Harmful Event was Not a Collision with a Motor Vehicle in Transport,0,No,1,Non-Junction,1,Not an Intersection,0,None,,,4,On Roadside,2,Dark - Not Lighted,1,Clear,0,No Additional Atmospheric Conditions,1,Clear,0,No,0000000,Not Applicable,99,Unknown,98,Unknown if Notified,99,Unknown EMS Scene Arrival Hour,98,Unknown if Arrived,88,Not Applicable (Not Transported),88,Not Applicable (Not Transported),0,None,0,None,0,None,1,0
2019,53,530436,Washington,2,2,0,0,0,2,2,33,KING (33),0,NOT APPLICABLE,5,5,12,December,2019,5,Thursday,17,5:00pm-5:59pm,46,46,0,This section IS NOT on the NHS,2,Urban,5,Major Collector,2,County Highway Agency,4,County Road,CR-MILITARY RD S,42ND AVE S,12,12,47.27247500,47.27247500,-122.281975000,-122.281975000,0,No Special Jurisdiction,12,Motor Vehicle In-Transport,6,Angle,0,No,2,Intersection,4,Y-Intersection,0,None,,,1,On Roadway,3,Dark - Lighted,10,Cloudy,0,No Additional Atmospheric Conditions,10,Cloudy,0,No,0000000,Not Applicable,99,Unknown,98,Unknown if Notified,99,Unknown EMS Scene Arrival Hour,98,Unknown if Arrived,88,Not Applicable (Not Transported),88,Not Applicable (Not Transported),0,None,0,None,0,None,1,0
2019,53,530437,Washington,3,3,0,1,1,7,7,57,SKAGIT (57),0,NOT APPLICABLE,28,28,11,November,2019,5,Thursday,22,10:00pm-10:59pm,56,56,0,This section IS NOT on the NHS,2,Urban,3,Principal Arterial - Other,1,State Highway Agency,3,State Highway,SR-20,,623,623,48.49040278,48.49040278,-122.286072200,-122.28607222,0,No Special Jurisdiction,8,Pedestrian,0,The First Harmful Event was Not a Collision with a Motor Vehicle in Transport,0,No,1,Non-Junction,1,Not an Intersection,0,None,,,1,On Roadway,2,Dark - Not Lighted,1,Clear,0,No Additional Atmospheric Conditions,1,Clear,0,No,0000000,Not Applicable,99,Unknown,98,Unknown if Notified,99,Unknown EMS Scene Arrival Hour,98,Unknown if Arrived,88,Not Applicable (Not Transported),88,Not Applicable (Not Transported),0,None,0,None,0,None,1,0
2019,53,530438,Washington,1,1,0,1,1,1,1,61,SNOHOMISH (61),690,EVERETT,10,10,12,December,2019,3,Tuesday,17,5:00pm-5:59pm,19,19,0,This section IS NOT on the NHS,2,Urban,7,Local,4,City or Municipal Highway Agency,6,Local Street - Municipality,7TH AVE SE,,0,None,47.91106389,47.91106389,-122.223380600,-122.22338056,0,No Special Jurisdiction,8,Pedestrian,0,The First Harmful Event was Not a Collision with a Motor Vehicle in Transport,0,No,1,Non-Junction,1,Not an Intersection,0,None,,,1,On Roadway,2,Dark - Not Lighted,2,Rain,0,No Additional Atmospheric Conditions,2,Rain,0,No,0000000,Not Applicable,99,Unknown,98,Unknown if Notified,99,Unknown EMS Scene Arrival Hour,98,Unknown if Arrived,99,Unknown,98,Unknown if Transported,0,None,0,None,0,None,1,0
2019,53,530439,Washington,1,1,0,0,0,1,1,5,BENTON (5),0,NOT APPLICABLE,13,13,12,December,2019,6,Friday,6,6:00am-6:59am,28,28,1,This section IS ON the NHS,1,Rural,1,Interstate,1,State Highway Agency,1,Interstate,I-82,,1190,1190,46.08466389,46.08466389,-119.223161100,-119.22316111,0,No Special Jurisdiction,1,Rollover/Overturn,0,The First Harmful Event was Not a Collision with a Motor Vehicle in Transport,0,No,1,Non-Junction,1,Not an Intersection,0,None,,,4,On Roadside,2,Dark - Not Lighted,1,Clear,0,No Additional Atmospheric Conditions,1,Clear,0,No,0000000,Not Applicable,99,Unknown,98,Unknown if Notified,99,Unknown EMS Scene Arrival Hour,98,Unknown if Arrived,88,Not Applicable (Not Transported),88,Not Applicable (Not Transported),0,None,0,None,0,None,1,0
2019,53,530440,Washington,2,2,0,0,0,5,5,73,WHATCOM (73),110,BELLINGHAM,13,13,12,December,2019,6,Friday,22,10:00pm-10:59pm,9,9,1,This section IS ON the NHS,2,Urban,1,Interstate,1,State Highway Agency,1,Interstate,I-5,,2550,2550,48.77351111,48.77351111,-122.465333300,-122.46533333,0,No Special Jurisdiction,12,Motor Vehicle In-Transport,1,Front-to-Rear,0,No,1,Non-Junction,1,Not an Intersection,0,None,,,1,On Roadway,2,Dark - Not Lighted,2,Rain,0,No Additional Atmospheric Conditions,2,Rain,0,No,0000000,Not Applicable,99,Unknown,98,Unknown if Notified,99,Unknown EMS Scene Arrival Hour,98,Unknown if Arrived,99,Unknown,98,Unknown if Transported,0,None,0,None,0,None,2,1
2019,53,530441,Washington,1,1,0,0,0,1,1,27,GRAYS HARBOR (27),10,ABERDEEN,12,12,12,December,2019,5,Thursday,20,8:00pm-8:59pm,45,45,0,This section IS NOT on the NHS,2,Urban,7,Local,4,City or Municipal Highway Agency,6,Local Street - Municipality,N B ST   ROBERT GRAY ELEMENTAR,3RD AVE,0,None,46.98606944,46.98606944,-123.814244400,-123.81424444,0,No Special Jurisdiction,39,Wall,0,The First Harmful Event was Not a Collision with a Motor Vehicle in Transport,0,No,3,Intersection-Related,3,T-Intersection,0,None,,,4,On Roadside,3,Dark - Lighted,2,Rain,0,No Additional Atmospheric Conditions,2,Rain,0,No,0000000,Not Applicable,99,Unknown,98,Unknown if Notified,99,Unknown EMS Scene Arrival Hour,98,Unknown if Arrived,88,Not Applicable (Not Transported),88,Not Applicable (Not Transported),0,None,0,None,0,None,1,0
2019,53,530442,Washington,1,1,0,0,0,1,1,47,OKANOGAN (47),0,NOT APPLICABLE,6,6,12,December,2019,6,Friday,9,9:00am-9:59am,40,40,0,This section IS NOT on the NHS,1,Rural,4,Minor Arterial,1,State Highway Agency,3,State Highway,SR-155,,509,509,48.23701389,48.23701389,-119.096505600,-119.09650556,3,Indian Reservation,1,Rollover/Overturn,0,The First Harmful Event was Not a Collision with a Motor Vehicle in Transport,0,No,1,Non-Junction,1,Not an Intersection,0,None,,,4,On Roadside,1,Daylight,10,Cloudy,0,No Additional Atmospheric Conditions,10,Cloudy,0,No,0000000,Not Applicable,99,Unknown,98,Unknown if Notified,99,Unknown EMS Scene Arrival Hour,98,Unknown if Arrived,88,Not Applicable (Not Transported),88,Not Applicable (Not Transported),0,None,0,None,0,None,1,1
2019,53,530443,Washington,1,1,0,0,0,1,1,29,ISLAND (29),0,NOT APPLICABLE,4,4,12,December,2019,4,Wednesday,21,9:00pm-9:59pm,57,57,0,This section IS NOT on the NHS,1,Rural,5,Major Collector,2,County Highway Agency,4,County Road,CR-SE CAMANO DR,,99999,Unknown,48.14683889,48.14683889,-122.460366700,-122.46036667,0,No Special Jurisdiction,30,Utility Pole/Light Support,0,The First Harmful Event was Not a Collision with a Motor Vehicle in Transport,0,No,1,Non-Junction,1,Not an Intersection,0,None,,,4,On Roadside,3,Dark - Lighted,1,Clear,0,No Additional Atmospheric Conditions,1,Clear,0,No,0000000,Not Applicable,99,Unknown,98,Unknown if Notified,99,Unknown EMS Scene Arrival Hour,98,Unknown if Arrived,88,Not Applicable (Not Transported),88,Not Applicable (Not Transported),0,None,0,None,0,None,1,1
2019,53,530444,Washington,1,1,0,1,1,1,1,53,PIERCE (53),1124,LAKEWOOD,9,9,12,December,2019,2,Monday,2,2:00am-2:59am,15,15,0,This section IS NOT on the NHS,2,Urban,7,Local,4,City or Municipal Highway Agency,6,Local Street - Municipality,EDGEWATER DR SW,,0,None,47.18090833,47.18090833,-122.532738900,-122.53273889,0,No Special Jurisdiction,8,Pedestrian,0,The First Harmful Event was Not a Collision with a Motor Vehicle in Transport,0,No,8,Driveway Access Related,1,Not an Intersection,0,None,,,1,On Roadway,2,Dark - Not Lighted,2,Rain,0,No Additional Atmospheric Conditions,2,Rain,0,No,0000000,Not Applicable,99,Unknown,98,Unknown if Notified,99,Unknown EMS Scene Arrival Hour,98,Unknown if Arrived,99,Unknown,98,Unknown if Transported,0,None,0,None,0,None,1,1
2019,53,530445,Washington,1,1,0,1,1,1,1,33,KING (33),1030,KENT,17,17,12,December,2019,3,Tuesday,18,6:00pm-6:59pm,19,19,0,This section IS NOT on the NHS,2,Urban,4,Minor Arterial,1,State Highway Agency,3,State Highway,SR-515,SE 235TH ST,13,13,47.39094167,47.39094167,-122.202172200,-122.20217222,0,No Special Jurisdiction,8,Pedestrian,0,The First Harmful Event was Not a Collision with a Motor Vehicle in Transport,0,No,3,Intersection-Related,3,T-Intersection,0,None,,,1,On Roadway,3,Dark - Lighted,1,Clear,0,No Additional Atmospheric Conditions,1,Clear,0,No,0000000,Not Applicable,99,Unknown,98,Unknown if Notified,99,Unknown EMS Scene Arrival Hour,98,Unknown if Arrived,88,Not Applicable (Not Transported),88,Not Applicable (Not Transported),0,None,0,None,0,None,1,0