caseyear,state,st_case,statename,ve_total,ve_forms,pvh_invl,peds,pernotmvit,permvit,persons,county,countyname,city,cityname,day,dayname,month,monthname,year,day_week,day_weekname,hour,hourname,minute,minutename,nhs,nhsname,rur_urb,rur_urbname,func_sys,func_sysname,rd_owner,rd_ownername,route,routename,tway_id,tway_id2,milept,mileptname,latitude,latitudename,longitud,longitudname,sp_jur,sp_jurname,harm_ev,harm_evname,man_coll,man_collname,reljct1,reljct1name,reljct2,reljct2name,typ_int,typ_intname,wrk_zone,wrk_zonename,road_fnc,road_fncname,rel_road,rel_roadname,lgt_cond,lgt_condname,weather1,weather1name,weather2,weather2name,weather,weathername,sch_bus,sch_busname,rail,railname,not_hour,not_hourname,not_min,not_minname,arr_hour,arr_hourname,arr_min,arr_minname,hosp_hr,hosp_hrname,hosp_mn,hosp_mnname,cf1,cf1name,cf2,cf2name,cf3,cf3name,fatals,drunk_dr
2020,53,530186,Washington,1,1,0,0,0,1,1,63,SPOKANE (63),0,NOT APPLICABLE,19,19,6,June,2020,6,Friday,1,1:00am-1:59am,5,5,0,This section IS NOT on the NHS,1,Rural,5,Major Collector,2,County Highway Agency,4,County Road,CR-S WELLS RD,,56,56,47.33354444,47.33354444,-117.491933330,-117.491933330,0,No Special Jurisdiction,32,Culvert,0,The First Harmful Event was Not a Collision with a Motor Vehicle in Transport,0,No,1,Non-Junction,1,Not an Intersection,0,None,,,4,On Roadside,2,Dark - Not Lighted,,,,,1,Clear,0,No,0000000,Not Applicable,99,Unknown,99,Unknown,99,Unknown EMS Scene Arrival Hour,99,Unknown EMS Scene Arrival Minutes,88,"Not Applicable (Not Transported) ",88,Not Applicable (Not Transported),,,,,,,1,1
2020,53,530187,Washington,2,2,0,0,0,2,2,57,SKAGIT (57),0,NOT APPLICABLE,20,20,6,June,2020,7,Saturday,4,4:00am-4:59am,55,55,1,This section IS ON the NHS,1,Rural,3,Principal Arterial - Other,1,State Highway Agency,3,State Highway,SR-20,,417,417,48.40942778,48.40942778,-122.645905560,-122.645905560,0,No Special Jurisdiction,12,Motor Vehicle In-Transport,2,Front-to-Front,0,No,1,Non-Junction,1,Not an Intersection,1,Construction,,,1,On Roadway,2,Dark - Not Lighted,,,,,10,Cloudy,0,No,0000000,Not Applicable,4,4:00am-4:59am,53,53,5,5:00am-5:59am,1,1,5,5:00am-5:59am,50,50,,,,,,,1,1
2020,53,530188,Washington,1,1,0,1,1,1,1,73,WHATCOM (73),0,NOT APPLICABLE,18,18,6,June,2020,5,Thursday,14,2:00pm-2:59pm,24,24,0,This section IS NOT on the NHS,1,Rural,5,Major Collector,2,County Highway Agency,4,County Road,CR-SLATER RD,FERNDALE RD,52,52,48.81919722,48.81919722,-122.595550000,-122.595550000,3,Indian Reservation,9,Pedalcyclist,0,The First Harmful Event was Not a Collision with a Motor Vehicle in Transport,0,No,3,Intersection-Related,2,Four-Way Intersection,0,None,,,1,On Roadway,1,Daylight,,,,,1,Clear,0,No,0000000,Not Applicable,12,12:00pm-12:59pm,25,25,12,12:00pm-12:59pm,34,34,88,"Not Applicable (Not Transported) ",88,Not Applicable (Not Transported),,,,,,,1,0
2020,53,530189,Washington,1,1,0,0,0,1,1,33,KING (33),1030,KENT,21,21,6,June,2020,1,Sunday,15,3:00pm-3:59pm,11,11,0,This section IS NOT on the NHS,2,Urban,7,Local,4,City or Municipal Highway Agency,6,Local Street - Municipality,144TH AVE SE,SE 259th Pl,0,None,47.36881389,47.36881389,-122.149550000,-122.149550000,0,No Special Jurisdiction,1,Rollover/Overturn,0,The First Harmful Event was Not a Collision with a Motor Vehicle in Transport,0,No,3,Intersection-Related,2,Four-Way Intersection,0,None,,,4,On Roadside,1,Daylight,,,,,1,Clear,0,No,0000000,Not Applicable,99,Unknown,99,Unknown,99,Unknown EMS Scene Arrival Hour,99,Unknown EMS Scene Arrival Minutes,88,"Not Applicable (Not Transported) ",88,Not Applicable (Not Transported),,,,,,,1,0
2020,53,530190,Washington,1,1,0,0,0,1,1,45,MASON (45),0,NOT APPLICABLE,10,10,6,June,2020,4,Wednesday,21,9:00pm-9:59pm,19,19,1,This section IS ON the NHS,1,Rural,3,Principal Arterial - Other,1,State Highway Agency,2,U.S. Highway,US-101,,3188,3188,47.54768056,47.54768056,-123.043380560,-123.043380560,0,No Special Jurisdiction,42,Tree (Standing Only),0,The First Harmful Event was Not a Collision with a Motor Vehicle in Transport,0,No,1,Non-Junction,1,Not an Intersection,0,None,,,4,On Roadside,5,Dusk,,,,,1,Clear,0,No,0000000,Not Applicable,99,Unknown,99,Unknown,99,Unknown EMS Scene Arrival Hour,99,Unknown EMS Scene Arrival Minutes,88,"Not Applicable (Not Transported) ",88,Not Applicable (Not Transported),,,,,,,1,0
2020,53,530191,Washington,3,3,0,0,0,3,3,63,SPOKANE (63),0,NOT APPLICABLE,11,11,5,May,2020,2,Monday,6,6:00am-6:59am,39,39,0,This section IS NOT on the NHS,1,Rural,5,Major Collector,2,County Highway Agency,4,County Road,CR-N ARGONNE RD,,27,27,47.72478333,47.72478333,-117.286580560,-117.286580560,0,No Special Jurisdiction,12,Motor Vehicle In-Transport,2,Front-to-Front,0,No,1,Non-Junction,1,Not an Intersection,0,None,,,1,On Roadway,1,Daylight,,,,,1,Clear,0,No,0000000,Not Applicable,6,6:00am-6:59am,42,42,6,6:00am-6:59am,51,51,7,7:00am-7:59am,28,28,,,,,,,1,0
2020,53,530192,Washington,2,2,0,0,0,4,4,77,YAKIMA (77),0,NOT APPLICABLE,14,14,2,February,2020,6,Friday,19,7:00pm-7:59pm,9,9,0,This section IS NOT on the NHS,1,Rural,5,Major Collector,2,County Highway Agency,4,County Road,CR-YAKIMA VALLEY HWY,,69,69,46.45044167,46.45044167,-120.349830560,-120.349830560,0,No Special Jurisdiction,12,Motor Vehicle In-Transport,2,Front-to-Front,0,No,1,Non-Junction,1,Not an Intersection,0,None,,,1,On Roadway,2,Dark - Not Lighted,,,,,1,Clear,0,No,0000000,Not Applicable,19,7:00pm-7:59pm,12,12,19,7:00pm-7:59pm,23,23,20,8:00pm-8:59pm,9,9,,,,,,,1,1
2020,53,530193,Washington,1,1,0,0,0,2,2,33,KING (33),2310,TUKWILA,8,8,2,February,2020,7,Saturday,11,11:00am-11:59am,40,40,1,This section IS ON the NHS,2,Urban,3,Principal Arterial - Other,4,City or Municipal Highway Agency,6,Local Street - Municipality,E MARGINAL WAY S,S 86TH PL,0,None,47.52676667,47.52676667,-122.303180560,-122.303180560,0,No Special Jurisdiction,1,Rollover/Overturn,0,The First Harmful Event was Not a Collision with a Motor Vehicle in Transport,0,No,3,Intersection-Related,2,Four-Way Intersection,0,None,,,1,On Roadway,1,Daylight,,,,,10,Cloudy,0,No,0000000,Not Applicable,11,11:00am-11:59am,48,48,12,12:00pm-12:59pm,1,1,12,12:00pm-12:59pm,23,23,,,,,,,1,0
2020,53,530194,Washington,1,1,0,0,0,1,1,57,SKAGIT (57),0,NOT APPLICABLE,23,23,6,June,2020,3,Tuesday,6,6:00am-6:59am,42,42,0,This section IS NOT on the NHS,1,Rural,4,Minor Arterial,1,State Highway Agency,3,State Highway,SR-530,,482,482,48.45821667,48.45821667,-121.589094440,-121.589094440,0,No Special Jurisdiction,43,Other Fixed Object,0,The First Harmful Event was Not a Collision with a Motor Vehicle in Transport,0,No,1,Non-Junction,1,Not an Intersection,0,None,,,4,On Roadside,1,Daylight,,,,,1,Clear,0,No,0000000,Not Applicable,6,6:00am-6:59am,42,42,7,7:00am-7:59am,4,4,7,7:00am-7:59am,54,54,,,,,,,1,0
2020,53,530195,Washington,5,5,0,0,0,7,7,63,SPOKANE (63),2110,SPOKANE,25,25,6,June,2020,5,Thursday,13,1:00pm-1:59pm,26,26,1,This section IS ON the NHS,2,Urban,3,Principal Arterial - Other,1,State Highway Agency,2,U.S. Highway,US-2,SPOTTED,2731,2731,47.64310556,47.64310556,-117.518341670,-117.518341670,0,No Special Jurisdiction,12,Motor Vehicle In-Transport,6,Angle,0,No,2,Intersection,2,Four-Way Intersection,0,None,,,1,On Roadway,1,Daylight,,,,,1,Clear,0,No,0000000,Not Applicable,13,1:00pm-1:59pm,49,49,13,1:00pm-1:59pm,58,58,14,2:00pm-2:59pm,17,17,,,,,,,2,0
2020,53,530196,Washington,2,2,0,0,0,3,3,15,COWLITZ (15),0,NOT APPLICABLE,16,16,6,June,2020,3,Tuesday,6,6:00am-6:59am,23,23,1,This section IS ON the NHS,1,Rural,1,Interstate,1,State Highway Agency,1,Interstate,I-5,,470,470,46.24479167,46.24479167,-122.885691670,-122.885691670,0,No Special Jurisdiction,12,Motor Vehicle In-Transport,6,Angle,0,No,1,Non-Junction,1,Not an Intersection,0,None,,,1,On Roadway,4,Dawn,,,,,2,Rain,0,No,0000000,Not Applicable,6,6:00am-6:59am,22,22,6,6:00am-6:59am,30,30,7,7:00am-7:59am,32,32,,,,,,,1,0
2020,53,530197,Washington,1,1,0,0,0,1,1,25,GRANT (25),0,NOT APPLICABLE,19,19,6,June,2020,6,Friday,6,6:00am-6:59am,2,2,0,This section IS NOT on the NHS,1,Rural,6,Minor Collector,2,County Highway Agency,4,County Road,CR-ROAD 9 NW,,49,49,47.22035833,47.22035833,-119.664152780,-119.664152780,0,No Special Jurisdiction,1,Rollover/Overturn,0,The First Harmful Event was Not a Collision with a Motor Vehicle in Transport,0,No,1,Non-Junction,1,Not an Intersection,0,None,,,4,On Roadside,1,Daylight,,,,,1,Clear,0,No,0000000,Not Applicable,6,6:00am-6:59am,23,23,6,6:00am-6:59am,48,48,88,"Not Applicable (Not Transported) ",88,Not Applicable (Not Transported),,,,,,,1,0
2020,53,530198,Washington,2,2,0,0,0,3,3,25,GRANT (25),0,NOT APPLICABLE,12,12,6,June,2020,6,Friday,18,6:00pm-6:59pm,34,34,0,This section IS NOT on the NHS,1,Rural,3,Principal Arterial - Other,1,State Highway Agency,3,State Highway,SR-17,RD 6 SE,344,344,46.99903056,46.99903056,-119.125683330,-119.125683330,0,No Special Jurisdiction,12,Motor Vehicle In-Transport,1,Front-to-Rear,0,No,2,Intersection,3,T-Intersection,0,None,,,1,On Roadway,1,Daylight,,,,,1,Clear,0,No,0000000,Not Applicable,99,Unknown,99,Unknown,99,Unknown EMS Scene Arrival Hour,99,Unknown EMS Scene Arrival Minutes,88,"Not Applicable (Not Transported) ",88,Not Applicable (Not Transported),,,,,,,1,1
2020,53,530200,Washington,1,1,0,0,0,1,1,45,MASON (45),0,NOT APPLICABLE,23,23,6,June,2020,3,Tuesday,18,6:00pm-6:59pm,24,24,0,This section IS NOT on the NHS,1,Rural,5,Major Collector,2,County Highway Agency,4,County Road,CR-E GRAPEVIEW LOOP RD,,39,39,47.32500000,47.32500000,-122.843491670,-122.843491670,0,No Special Jurisdiction,1,Rollover/Overturn,0,The First Harmful Event was Not a Collision with a Motor Vehicle in Transport,0,No,1,Non-Junction,1,Not an Intersection,0,None,,,4,On Roadside,1,Daylight,,,,,1,Clear,0,No,0000000,Not Applicable,18,6:00pm-6:59pm,26,26,18,6:00pm-6:59pm,34,34,88,"Not Applicable (Not Transported) ",88,Not Applicable (Not Transported),,,,,,,1,1
2020,53,530201,Washington,1,1,0,0,0,1,1,9,CLALLAM (9),0,NOT APPLICABLE,21,21,6,June,2020,1,Sunday,5,5:00am-5:59am,21,21,1,This section IS ON the NHS,1,Rural,3,Principal Arterial - Other,1,State Highway Agency,2,U.S. Highway,US-101,,2135,2135,48.06933333,48.06933333,-124.062466670,-124.062466670,0,No Special Jurisdiction,11,Live Animal,0,The First Harmful Event was Not a Collision with a Motor Vehicle in Transport,0,No,1,Non-Junction,1,Not an Intersection,0,None,,,1,On Roadway,4,Dawn,,,,,10,Cloudy,0,No,0000000,Not Applicable,5,5:00am-5:59am,21,21,5,5:00am-5:59am,48,48,88,"Not Applicable (Not Transported) ",88,Not Applicable (Not Transported),,,,,,,1,0
2020,53,530202,Washington,1,1,0,0,0,2,2,53,PIERCE (53),0,NOT APPLICABLE,26,26,6,June,2020,6,Friday,22,10:00pm-10:59pm,0,0,0,This section IS NOT on the NHS,1,Rural,7,Local,64,U.S. Forest Service,8,Other,CR-FAIRFAX FOREST RESERVE RD E,,99999,Unknown,47.01338611,47.01338611,-122.026322220,-122.026322220,0,No Special Jurisdiction,1,Rollover/Overturn,0,The First Harmful Event was Not a Collision with a Motor Vehicle in Transport,0,No,1,Non-Junction,1,Not an Intersection,0,None,,,4,On Roadside,5,Dusk,,,,,1,Clear,0,No,0000000,Not Applicable,23,11:00pm-11:59pm,16,16,23,11:00pm-11:59pm,18,18,99,Unknown,99,Unknown EMS Hospital Arrival Time,,,,,,,1,1
2020,53,530203,Washington,1,1,0,0,0,4,4,53,PIERCE (53),1770,PUYALLUP,26,26,6,June,2020,6,Friday,3,3:00am-3:59am,30,30,0,This section IS NOT on the NHS,2,Urban,4,Minor Arterial,4,City or Municipal Highway Agency,6,Local Street - Municipality,31ST AVE SW,Fruitland Ave E,0,None,47.16211389,47.16211389,-122.328130560,-122.328130560,0,No Special Jurisdiction,1,Rollover/Overturn,0,The First Harmful Event was Not a Collision with a Motor Vehicle in Transport,0,No,3,Intersection-Related,2,Four-Way Intersection,0,None,,,4,On Roadside,2,Dark - Not Lighted,,,,,1,Clear,0,No,0000000,Not Applicable,3,3:00am-3:59am,31,31,3,3:00am-3:59am,40,40,4,4:00am-4:59am,16,16,,,,,,,2,0
2020,53,530204,Washington,1,1,0,0,0,2,2,53,PIERCE (53),0,NOT APPLICABLE,18,18,6,June,2020,5,Thursday,2,2:00am-2:59am,45,45,0,This section IS NOT on the NHS,2,Urban,4,Minor Arterial,2,County Highway Agency,4,County Road,CR-72ND ST E,,71,71,47.19172778,47.19172778,-122.349291670,-122.349291670,0,No Special Jurisdiction,1,Rollover/Overturn,0,The First Harmful Event was Not a Collision with a Motor Vehicle in Transport,0,No,1,Non-Junction,1,Not an Intersection,0,None,,,4,On Roadside,2,Dark - Not Lighted,,,,,1,Clear,0,No,0000000,Not Applicable,99,Unknown,99,Unknown,99,Unknown EMS Scene Arrival Hour,99,Unknown EMS Scene Arrival Minutes,88,"Not Applicable (Not Transported) ",88,Not Applicable (Not Transported),,,,,,,2,1
2020,53,530205,Washington,2,2,0,0,0,3,3,15,COWLITZ (15),1190,LONGVIEW,25,25,6,June,2020,5,Thursday,13,1:00pm-1:59pm,25,25,0,This section IS NOT on the NHS,2,Urban,3,Principal Arterial - Other,4,City or Municipal Highway Agency,6,Local Street - Municipality,WASHINGTON WAY,28th Ave,0,None,46.13323333,46.13323333,-122.957708330,-122.957708330,0,No Special Jurisdiction,12,Motor Vehicle In-Transport,6,Angle,0,No,2,Intersection,2,Four-Way Intersection,0,None,,,1,On Roadway,1,Daylight,,,,,1,Clear,0,No,0000000,Not Applicable,13,1:00pm-1:59pm,32,32,13,1:00pm-1:59pm,43,43,14,2:00pm-2:59pm,18,18,,,,,,,1,1
2020,53,530206,Washington,1,1,0,0,0,1,1,39,KLICKITAT (39),0,NOT APPLICABLE,25,25,6,June,2020,5,Thursday,23,11:00pm-11:59pm,10,10,1,This section IS ON the NHS,1,Rural,3,Principal Arterial - Other,1,State Highway Agency,3,State Highway,SR-14,,754,754,45.69926667,45.69926667,-121.295744440,-121.295744440,0,No Special Jurisdiction,24,Guardrail Face,0,The First Harmful Event was Not a Collision with a Motor Vehicle in Transport,0,No,1,Non-Junction,1,Not an Intersection,0,None,,,4,On Roadside,2,Dark - Not Lighted,,,,,1,Clear,0,No,0000000,Not Applicable,99,Unknown,99,Unknown,99,Unknown EMS Scene Arrival Hour,99,Unknown EMS Scene Arrival Minutes,88,"Not Applicable (Not Transported) ",88,Not Applicable (Not Transported),,,,,,,1,0
2020,53,530207,Washington,2,2,0,0,0,3,3,77,YAKIMA (77),0,NOT APPLICABLE,25,25,6,June,2020,5,Thursday,12,12:00pm-12:59pm,49,49,0,This section IS NOT on the NHS,1,Rural,5,Major Collector,2,County Highway Agency,4,County Road,CR-LATERAL A RD,,28,28,46.47733056,46.47733056,-120.480466670,-120.480466670,3,Indian Reservation,12,Motor Vehicle In-Transport,6,Angle,0,No,8,Driveway Access Related,1,Not an Intersection,0,None,,,1,On Roadway,1,Daylight,,,,,1,Clear,0,No,0000000,Not Applicable,12,12:00pm-12:59pm,51,51,12,12:00pm-12:59pm,59,59,88,"Not Applicable (Not Transported) ",88,Not Applicable (Not Transported),,,,,,,2,0
2020,53,530208,Washington,1,1,0,0,0,2,2,65,STEVENS (65),0,NOT APPLICABLE,27,27,5,May,2020,4,Wednesday,11,11:00am-11:59am,28,28,0,This section IS NOT on the NHS,1,Rural,5,Major Collector,2,County Highway Agency,4,County Road,CR-CEDONIA ADDY RD,,7,7,48.15393056,48.15393056,-118.156491670,-118.156491670,0,No Special Jurisdiction,35,Embankment,0,The First Harmful Event was Not a Collision with a Motor Vehicle in Transport,0,No,1,Non-Junction,1,Not an Intersection,0,None,,,4,On Roadside,1,Daylight,,,,,1,Clear,0,No,0000000,Not Applicable,99,Unknown,99,Unknown,99,Unknown EMS Scene Arrival Hour,99,Unknown EMS Scene Arrival Minutes,99,Unknown,99,Unknown EMS Hospital Arrival Time,,,,,,,1,0
2020,53,530209,Washington,1,1,0,1,1,1,1,33,KING (33),1958,SEATAC,26,26,6,June,2020,6,Friday,14,2:00pm-2:59pm,12,12,1,This section IS ON the NHS,2,Urban,3,Principal Arterial - Other,1,State Highway Agency,3,State Highway,SR-99,,129,129,47.40880278,47.40880278,-122.298080560,-122.298080560,0,No Special Jurisdiction,8,Pedestrian,0,The First Harmful Event was Not a Collision with a Motor Vehicle in Transport,0,No,1,Non-Junction,1,Not an Intersection,0,None,,,1,On Roadway,1,Daylight,,,,,1,Clear,0,No,0000000,Not Applicable,14,2:00pm-2:59pm,13,13,14,2:00pm-2:59pm,18,18,88,"Not Applicable (Not Transported) ",88,Not Applicable (Not Transported),,,,,,,1,0
2020,53,530210,Washington,1,1,0,1,1,1,1,63,SPOKANE (63),0,NOT APPLICABLE,26,26,6,June,2020,6,Friday,6,6:00am-6:59am,55,55,0,This section IS NOT on the NHS,1,Rural,5,Major Collector,1,State Highway Agency,3,State Highway,SR-206,,50,50,47.79328333,47.79328333,-117.248594440,-117.248594440,0,No Special Jurisdiction,9,Pedalcyclist,0,The First Harmful Event was Not a Collision with a Motor Vehicle in Transport,0,No,1,Non-Junction,1,Not an Intersection,0,None,,,1,On Roadway,1,Daylight,,,,,1,Clear,0,No,0000000,Not Applicable,7,7:00am-7:59am,11,11,7,7:00am-7:59am,26,26,7,7:00am-7:59am,40,40,,,,,,,1,0
2020,53,530211,Washington,3,3,0,0,0,5,5,77,YAKIMA (77),0,NOT APPLICABLE,24,24,6,June,2020,4,Wednesday,10,10:00am-10:59am,45,45,0,This section IS NOT on the NHS,1,Rural,5,Major Collector,2,County Highway Agency,4,County Road,CR-LATERAL A RD,KAYS RD,18,18,46.49200000,46.49200000,-120.480336110,-120.480336110,3,Indian Reservation,12,Motor Vehicle In-Transport,6,Angle,0,No,2,Intersection,2,Four-Way Intersection,0,None,,,1,On Roadway,1,Daylight,,,,,1,Clear,0,No,0000000,Not Applicable,10,10:00am-10:59am,51,51,10,10:00am-10:59am,58,58,11,11:00am-11:59am,38,38,,,,,,,2,0
2020,53,530212,Washington,1,1,0,0,0,2,2,27,GRAYS HARBOR (27),0,NOT APPLICABLE,27,27,6,June,2020,7,Saturday,0,0:00am-0:59am,30,30,0,This section IS NOT on the NHS,1,Rural,5,Major Collector,1,State Highway Agency,3,State Highway,SR-109,,243,243,47.15524444,47.15524444,-124.183186110,-124.183186110,0,No Special Jurisdiction,42,Tree (Standing Only),0,The First Harmful Event was Not a Collision with a Motor Vehicle in Transport,0,No,1,Non-Junction,1,Not an Intersection,0,None,,,4,On Roadside,2,Dark - Not Lighted,,,,,10,Cloudy,0,No,0000000,Not Applicable,0,0:00am-0:59am,42,42,1,1:00am-1:59am,1,1,1,1:00am-1:59am,57,57,,,,,,,1,1
2020,53,530213,Washington,2,2,0,0,0,2,2,63,SPOKANE (63),2113,SPOKANE VALLEY,29,29,6,June,2020,2,Monday,19,7:00pm-7:59pm,42,42,1,This section IS ON the NHS,2,Urban,3,Principal Arterial - Other,1,State Highway Agency,3,State Highway,SR-290,BUTLER RD,73,73,47.68517778,47.68517778,-117.262330560,-117.262330560,0,No Special Jurisdiction,12,Motor Vehicle In-Transport,6,Angle,0,No,2,Intersection,3,T-Intersection,0,None,,,1,On Roadway,1,Daylight,,,,,1,Clear,0,No,0000000,Not Applicable,19,7:00pm-7:59pm,43,43,19,7:00pm-7:59pm,53,53,20,8:00pm-8:59pm,20,20,,,,,,,1,2
2020,53,530214,Washington,2,2,0,0,0,3,3,73,WHATCOM (73),740,FERNDALE,1,1,7,July,2020,4,Wednesday,20,8:00pm-8:59pm,22,22,1,This section IS ON the NHS,2,Urban,1,Interstate,1,State Highway Agency,1,Interstate,I-5,,2610,2610,48.82795833,48.82795833,-122.558341670,-122.558341670,0,No Special Jurisdiction,12,Motor Vehicle In-Transport,2,Front-to-Front,0,No,1,Non-Junction,1,Not an Intersection,0,None,,,1,On Roadway,5,Dusk,,,,,10,Cloudy,0,No,0000000,Not Applicable,99,Unknown,99,Unknown,99,Unknown EMS Scene Arrival Hour,99,Unknown EMS Scene Arrival Minutes,99,Unknown,99,Unknown EMS Hospital Arrival Time,,,,,,,1,1
2020,53,530215,Washington,1,1,0,0,0,1,1,63,SPOKANE (63),0,NOT APPLICABLE,3,3,7,July,2020,6,Friday,21,9:00pm-9:59pm,2,2,1,This section IS ON the NHS,1,Rural,3,Principal Arterial - Other,1,State Highway Agency,2,U.S. Highway,US-2,,2993,2993,47.93073056,47.93073056,-117.351402780,-117.351402780,0,No Special Jurisdiction,11,Live Animal,0,The First Harmful Event was Not a Collision with a Motor Vehicle in Transport,0,No,1,Non-Junction,1,Not an Intersection,0,None,,,1,On Roadway,5,Dusk,,,,,1,Clear,0,No,0000000,Not Applicable,21,9:00pm-9:59pm,2,2,21,9:00pm-9:59pm,10,10,88,"Not Applicable (Not Transported) ",88,Not Applicable (Not Transported),,,,,,,1,1
2020,53,530216,Washington,1,1,0,0,0,1,1,63,SPOKANE (63),2113,SPOKANE VALLEY,4,4,7,July,2020,7,Saturday,2,2:00am-2:59am,55,55,1,This section IS ON the NHS,2,Urban,1,Interstate,1,State Highway Agency,1,Interstate,I-90 RAMP 090S128446,,3,3,47.65614722,47.65614722,-117.324463890,-117.324463890,0,No Special Jurisdiction,1,Rollover/Overturn,0,The First Harmful Event was Not a Collision with a Motor Vehicle in Transport,1,Yes,5,Entrance/Exit Ramp Related,1,Not an Intersection,0,None,,,2,On Shoulder,3,Dark - Lighted,,,,,1,Clear,0,No,0000000,Not Applicable,3,3:00am-3:59am,3,3,3,3:00am-3:59am,7,7,88,"Not Applicable (Not Transported) ",88,Not Applicable (Not Transported),,,,,,,1,1
2020,53,530217,Washington,3,3,0,0,0,3,3,35,KITSAP (35),0,NOT APPLICABLE,3,3,7,July,2020,6,Friday,21,9:00pm-9:59pm,45,45,0,This section IS NOT on the NHS,2,Urban,3,Principal Arterial - Other,2,County Highway Agency,4,County Road,CR-SILVERDALE WAY NW,,2,2,47.64053056,47.64053056,-122.700758330,-122.700758330,0,No Special Jurisdiction,12,Motor Vehicle In-Transport,1,Front-to-Rear,0,No,1,Non-Junction,1,Not an Intersection,0,None,,,1,On Roadway,5,Dusk,,,,,1,Clear,0,No,0000000,Not Applicable,99,Unknown,99,Unknown,99,Unknown EMS Scene Arrival Hour,99,Unknown EMS Scene Arrival Minutes,88,"Not Applicable (Not Transported) ",88,Not Applicable (Not Transported),,,,,,,1,1
2020,53,530218,Washington,2,2,0,0,0,2,2,53,PIERCE (53),2230,TACOMA,6,6,7,July,2020,2,Monday,15,3:00pm-3:59pm,38,38,0,This section IS NOT on the NHS,2,Urban,4,Minor Arterial,4,City or Municipal Highway Agency,6,Local Street - Municipality,S 56TH ST,,0,None,47.20649722,47.20649722,-122.454866670,-122.454866670,0,No Special Jurisdiction,12,Motor Vehicle In-Transport,2,Front-to-Front,0,No,1,Non-Junction,1,Not an Intersection,0,None,,,1,On Roadway,1,Daylight,,,,,1,Clear,0,No,0000000,Not Applicable,15,3:00pm-3:59pm,45,45,15,3:00pm-3:59pm,48,48,16,4:00pm-4:59pm,24,24,,,,,,,1,0
2020,53,530219,Washington,2,1,1,0,2,1,3,37,KITTITAS (37),0,NOT APPLICABLE,29,29,6,June,2020,2,Monday,8,8:00am-8:59am,6,6,1,This section IS ON the NHS,1,Rural,1,Interstate,1,State Highway Agency,1,Interstate,I-90,,683,683,47.25331389,47.25331389,-121.193816670,-121.193816670,0,No Special Jurisdiction,14,Parked Motor Vehicle,0,The First Harmful Event was Not a Collision with a Motor Vehicle in Transport,0,No,1,Non-Junction,1,Not an Intersection,0,None,,,2,On Shoulder,1,Daylight,,,,,1,Clear,0,No,0000000,Not Applicable,8,8:00am-8:59am,10,10,8,8:00am-8:59am,21,21,88,"Not Applicable (Not Transported) ",88,Not Applicable (Not Transported),,,,,,,2,0
2020,53,530220,Washington,1,1,0,0,0,2,2,63,SPOKANE (63),0,NOT APPLICABLE,28,28,6,June,2020,1,Sunday,0,0:00am-0:59am,35,35,0,This section IS NOT on the NHS,1,Rural,7,Local,2,County Highway Agency,4,County Road,CR-E HAYS RD,,7,7,47.37467500,47.37467500,-117.251716670,-117.251716670,0,No Special Jurisdiction,1,Rollover/Overturn,0,The First Harmful Event was Not a Collision with a Motor Vehicle in Transport,0,No,1,Non-Junction,1,Not an Intersection,0,None,,,1,On Roadway,2,Dark - Not Lighted,,,,,1,Clear,0,No,0000000,Not Applicable,99,Unknown,99,Unknown,99,Unknown EMS Scene Arrival Hour,99,Unknown EMS Scene Arrival Minutes,88,"Not Applicable (Not Transported) ",88,Not Applicable (Not Transported),,,,,,,1,1
2020,53,530221,Washington,1,1,0,0,0,1,1,63,SPOKANE (63),2113,SPOKANE VALLEY,29,29,6,June,2020,2,Monday,22,10:00pm-10:59pm,3,3,0,This section IS NOT on the NHS,2,Urban,5,Major Collector,4,City or Municipal Highway Agency,6,Local Street - Municipality,E 4TH AVE,,0,None,47.65341944,47.65341944,-117.249944440,-117.249944440,0,No Special Jurisdiction,53,Mail Box,0,The First Harmful Event was Not a Collision with a Motor Vehicle in Transport,0,No,1,Non-Junction,1,Not an Intersection,0,None,,,4,On Roadside,3,Dark - Lighted,,,,,1,Clear,0,No,0000000,Not Applicable,99,Unknown,99,Unknown,99,Unknown EMS Scene Arrival Hour,99,Unknown EMS Scene Arrival Minutes,88,"Not Applicable (Not Transported) ",88,Not Applicable (Not Transported),,,,,,,1,1
2020,53,530222,Washington,2,2,0,0,0,3,3,73,WHATCOM (73),0,NOT APPLICABLE,3,3,7,July,2020,6,Friday,12,12:00pm-12:59pm,43,43,1,This section IS ON the NHS,2,Urban,3,Principal Arterial - Other,1,State Highway Agency,3,State Highway,SR-546,VINUP RD,25,25,48.96424167,48.96424167,-122.429805560,-122.429805560,0,No Special Jurisdiction,12,Motor Vehicle In-Transport,2,Front-to-Front,0,No,2,Intersection,3,T-Intersection,0,None,,,1,On Roadway,1,Daylight,,,,,2,Rain,0,No,0000000,Not Applicable,12,12:00pm-12:59pm,44,44,13,1:00pm-1:59pm,2,2,13,1:00pm-1:59pm,32,32,,,,,,,1,0
2020,53,530223,Washington,1,1,0,0,0,1,1,59,SKAMANIA (59),0,NOT APPLICABLE,29,29,6,June,2020,2,Monday,8,8:00am-8:59am,0,0,0,This section IS NOT on the NHS,1,Rural,98,Not Reported,64,U.S. Forest Service,8,Other,USFS 5603 ROAD,,99998,Not Reported,46.38488333,46.38488333,-122.211005560,-122.211005560,0,No Special Jurisdiction,1,Rollover/Overturn,0,The First Harmful Event was Not a Collision with a Motor Vehicle in Transport,0,No,1,Non-Junction,1,Not an Intersection,0,None,,,4,On Roadside,1,Daylight,,,,,1,Clear,0,No,0000000,Not Applicable,12,12:00pm-12:59pm,16,16,13,1:00pm-1:59pm,19,19,88,"Not Applicable (Not Transported) ",88,Not Applicable (Not Transported),,,,,,,1,0