caseyear,state,st_case,statename,ve_total,ve_forms,pvh_invl,peds,pernotmvit,permvit,persons,county,countyname,city,cityname,day,dayname,month,monthname,year,day_week,day_weekname,hour,hourname,minute,minutename,nhs,nhsname,rur_urb,rur_urbname,func_sys,func_sysname,rd_owner,rd_ownername,route,routename,tway_id,tway_id2,milept,mileptname,latitude,latitudename,longitud,longitudname,sp_jur,sp_jurname,harm_ev,harm_evname,man_coll,man_collname,reljct1,reljct1name,reljct2,reljct2name,typ_int,typ_intname,wrk_zone,wrk_zonename,road_fnc,road_fncname,rel_road,rel_roadname,lgt_cond,lgt_condname,weather1,weather1name,weather2,weather2name,weather,weathername,sch_bus,sch_busname,rail,railname,not_hour,not_hourname,not_min,not_minname,arr_hour,arr_hourname,arr_min,arr_minname,hosp_hr,hosp_hrname,hosp_mn,hosp_mnname,cf1,cf1name,cf2,cf2name,cf3,cf3name,fatals,drunk_dr
2020,53,530224,Washington,1,1,0,0,0,5,5,77,YAKIMA (77),0,NOT APPLICABLE,12,12,6,June,2020,6,Friday,14,2:00pm-2:59pm,0,0,0,This section IS NOT on the NHS,1,Rural,98,Not Reported,64,U.S. Forest Service,8,Other,FS 580 R,,99999,Unknown,46.66443056,46.66443056,-121.107702780,-121.107702780,0,No Special Jurisdiction,1,Rollover/Overturn,0,The First Harmful Event was Not a Collision with a Motor Vehicle in Transport,0,No,1,Non-Junction,1,Not an Intersection,0,None,,,4,On Roadside,1,Daylight,,,,,1,Clear,0,No,0000000,Not Applicable,14,2:00pm-2:59pm,5,5,14,2:00pm-2:59pm,46,46,15,3:00pm-3:59pm,54,54,,,,,,,1,0
2020,53,530225,Washington,1,1,0,0,0,2,2,77,YAKIMA (77),0,NOT APPLICABLE,2,2,7,July,2020,5,Thursday,1,1:00am-1:59am,30,30,1,This section IS ON the NHS,1,Rural,1,Interstate,1,State Highway Agency,1,Interstate,I-82,,476,476,46.43923889,46.43923889,-120.345433330,-120.345433330,0,No Special Jurisdiction,1,Rollover/Overturn,0,The First Harmful Event was Not a Collision with a Motor Vehicle in Transport,0,No,1,Non-Junction,1,Not an Intersection,0,None,,,3,On Median,2,Dark - Not Lighted,,,,,1,Clear,0,No,0000000,Not Applicable,1,1:00am-1:59am,32,32,1,1:00am-1:59am,50,50,2,2:00am-2:59am,19,19,,,,,,,1,0
2020,53,530226,Washington,1,1,0,0,0,1,1,75,WHITMAN (75),0,NOT APPLICABLE,11,11,7,July,2020,7,Saturday,1,1:00am-1:59am,29,29,0,This section IS NOT on the NHS,1,Rural,5,Major Collector,1,State Highway Agency,3,State Highway,SR-23,,152,152,47.09683056,47.09683056,-117.600930560,-117.600930560,0,No Special Jurisdiction,35,Embankment,0,The First Harmful Event was Not a Collision with a Motor Vehicle in Transport,0,No,1,Non-Junction,1,Not an Intersection,0,None,,,4,On Roadside,3,Dark - Lighted,,,,,1,Clear,0,No,0000000,Not Applicable,99,Unknown,99,Unknown,99,Unknown EMS Scene Arrival Hour,99,Unknown EMS Scene Arrival Minutes,88,"Not Applicable (Not Transported) ",88,Not Applicable (Not Transported),,,,,,,1,1
2020,53,530227,Washington,2,2,0,0,0,2,2,33,KING (33),100,AUBURN,11,11,7,July,2020,7,Saturday,0,0:00am-0:59am,16,16,0,This section IS NOT on the NHS,2,Urban,3,Principal Arterial - Other,4,City or Municipal Highway Agency,6,Local Street - Municipality,W VALLEY HWY N,15th St NW,0,None,47.32250278,47.32250278,-122.249866670,-122.249866670,0,No Special Jurisdiction,12,Motor Vehicle In-Transport,6,Angle,0,No,2,Intersection,2,Four-Way Intersection,0,None,,,1,On Roadway,3,Dark - Lighted,,,,,1,Clear,0,No,0000000,Not Applicable,0,0:00am-0:59am,17,17,0,0:00am-0:59am,22,22,88,"Not Applicable (Not Transported) ",88,Not Applicable (Not Transported),,,,,,,1,0
2020,53,530228,Washington,1,1,0,0,0,1,1,35,KITSAP (35),0,NOT APPLICABLE,10,10,7,July,2020,6,Friday,0,0:00am-0:59am,15,15,0,This section IS NOT on the NHS,1,Rural,5,Major Collector,2,County Highway Agency,4,County Road,CR-MILLER BAY RD NE,,19,19,47.76666111,47.76666111,-122.561772220,-122.561772220,0,No Special Jurisdiction,42,Tree (Standing Only),0,The First Harmful Event was Not a Collision with a Motor Vehicle in Transport,0,No,1,Non-Junction,1,Not an Intersection,0,None,,,4,On Roadside,2,Dark - Not Lighted,,,,,1,Clear,0,No,0000000,Not Applicable,99,Unknown,99,Unknown,99,Unknown EMS Scene Arrival Hour,99,Unknown EMS Scene Arrival Minutes,88,"Not Applicable (Not Transported) ",88,Not Applicable (Not Transported),,,,,,,1,1
2020,53,530229,Washington,1,1,0,1,1,1,1,25,GRANT (25),0,NOT APPLICABLE,5,5,7,July,2020,1,Sunday,10,10:00am-10:59am,5,5,0,This section IS NOT on the NHS,1,Rural,4,Minor Arterial,1,State Highway Agency,3,State Highway,SR-17,MMOORE RD NE,799,799,47.54283056,47.54283056,-119.469452780,-119.469452780,0,No Special Jurisdiction,9,Pedalcyclist,0,The First Harmful Event was Not a Collision with a Motor Vehicle in Transport,0,No,3,Intersection-Related,3,T-Intersection,0,None,,,1,On Roadway,1,Daylight,,,,,1,Clear,0,No,0000000,Not Applicable,10,10:00am-10:59am,20,20,10,10:00am-10:59am,36,36,11,11:00am-11:59am,38,38,,,,,,,1,0
2020,53,530230,Washington,1,1,0,0,0,2,2,53,PIERCE (53),0,NOT APPLICABLE,14,14,7,July,2020,3,Tuesday,21,9:00pm-9:59pm,20,20,0,This section IS NOT on the NHS,2,Urban,5,Major Collector,2,County Highway Agency,4,County Road,CR-WALLER RD E,,9,9,47.21433056,47.21433056,-122.386211110,-122.386211110,3,Indian Reservation,17,Boulder,0,The First Harmful Event was Not a Collision with a Motor Vehicle in Transport,0,No,1,Non-Junction,1,Not an Intersection,0,None,,,4,On Roadside,2,Dark - Not Lighted,,,,,1,Clear,0,No,0000000,Not Applicable,21,9:00pm-9:59pm,30,30,21,9:00pm-9:59pm,40,40,22,10:00pm-10:59pm,17,17,,,,,,,1,0
2020,53,530231,Washington,1,1,0,1,1,1,1,63,SPOKANE (63),2110,SPOKANE,17,17,7,July,2020,6,Friday,12,12:00pm-12:59pm,37,37,0,This section IS NOT on the NHS,2,Urban,4,Minor Arterial,4,City or Municipal Highway Agency,6,Local Street - Municipality,S SOUTHEAST BLVD,,0,None,47.63109167,47.63109167,-117.375380560,-117.375380560,0,No Special Jurisdiction,8,Pedestrian,0,The First Harmful Event was Not a Collision with a Motor Vehicle in Transport,0,No,1,Non-Junction,1,Not an Intersection,0,None,,,4,On Roadside,1,Daylight,,,,,1,Clear,0,No,0000000,Not Applicable,99,Unknown,99,Unknown,99,Unknown EMS Scene Arrival Hour,99,Unknown EMS Scene Arrival Minutes,99,Unknown,99,Unknown EMS Hospital Arrival Time,,,,,,,1,0
2020,53,530232,Washington,2,2,0,0,0,3,3,77,YAKIMA (77),0,NOT APPLICABLE,14,14,7,July,2020,3,Tuesday,16,4:00pm-4:59pm,40,40,0,This section IS NOT on the NHS,1,Rural,6,Minor Collector,2,County Highway Agency,4,County Road,CR-WENDELL PHILLIPS RD,,6,6,46.29489444,46.29489444,-120.062258330,-120.062258330,0,No Special Jurisdiction,12,Motor Vehicle In-Transport,6,Angle,0,No,8,Driveway Access Related,1,Not an Intersection,0,None,,,1,On Roadway,1,Daylight,,,,,1,Clear,0,No,0000000,Not Applicable,16,4:00pm-4:59pm,42,42,16,4:00pm-4:59pm,50,50,17,5:00pm-5:59pm,14,14,,,,,,,2,0
2020,53,530233,Washington,2,2,0,0,0,4,4,1,ADAMS (1),1630,OTHELLO,20,20,6,June,2020,7,Saturday,16,4:00pm-4:59pm,7,7,0,This section IS NOT on the NHS,2,Urban,3,Principal Arterial - Other,1,State Highway Agency,3,State Highway,SR-17,CUNNINGHAM RD,219,219,46.82631667,46.82631667,-119.133330560,-119.133330560,0,No Special Jurisdiction,12,Motor Vehicle In-Transport,6,Angle,0,No,2,Intersection,2,Four-Way Intersection,0,None,,,1,On Roadway,1,Daylight,,,,,1,Clear,0,No,0000000,Not Applicable,16,4:00pm-4:59pm,10,10,16,4:00pm-4:59pm,12,12,16,4:00pm-4:59pm,28,28,,,,,,,1,0
2020,53,530234,Washington,2,2,0,0,0,4,4,35,KITSAP (35),0,NOT APPLICABLE,26,26,2,February,2020,4,Wednesday,12,12:00pm-12:59pm,24,24,0,This section IS NOT on the NHS,2,Urban,5,Major Collector,2,County Highway Agency,4,County Road,CR-SEABECK HWY NW,,16,16,47.59722500,47.59722500,-122.735038890,-122.735038890,0,No Special Jurisdiction,12,Motor Vehicle In-Transport,6,Angle,0,No,8,Driveway Access Related,1,Not an Intersection,0,None,,,1,On Roadway,1,Daylight,,,,,1,Clear,0,No,0000000,Not Applicable,12,12:00pm-12:59pm,32,32,12,12:00pm-12:59pm,59,59,13,1:00pm-1:59pm,47,47,,,,,,,1,1
2020,53,530235,Washington,2,2,0,0,0,4,4,33,KING (33),0,NOT APPLICABLE,21,21,2,February,2020,6,Friday,8,8:00am-8:59am,57,57,1,This section IS ON the NHS,1,Rural,3,Principal Arterial - Other,1,State Highway Agency,2,U.S. Highway,US-2,,593,593,47.71357778,47.71357778,-121.144186110,-121.144186110,0,No Special Jurisdiction,12,Motor Vehicle In-Transport,6,Angle,0,No,1,Non-Junction,1,Not an Intersection,0,None,,,1,On Roadway,1,Daylight,,,,,1,Clear,0,No,0000000,Not Applicable,8,8:00am-8:59am,55,55,9,9:00am-9:59am,10,10,9,9:00am-9:59am,27,27,,,,,,,1,0
2020,53,530236,Washington,1,1,0,0,0,1,1,59,SKAMANIA (59),0,NOT APPLICABLE,18,18,7,July,2020,7,Saturday,12,12:00pm-12:59pm,55,55,0,This section IS NOT on the NHS,1,Rural,5,Major Collector,64,U.S. Forest Service,8,Other,USFS 90 RD,,99998,Not Reported,46.05845278,46.05845278,-122.230916670,-122.230916670,0,No Special Jurisdiction,24,Guardrail Face,0,The First Harmful Event was Not a Collision with a Motor Vehicle in Transport,0,No,1,Non-Junction,1,Not an Intersection,0,None,,,4,On Roadside,1,Daylight,,,,,1,Clear,0,No,0000000,Not Applicable,99,Unknown,99,Unknown,99,Unknown EMS Scene Arrival Hour,99,Unknown EMS Scene Arrival Minutes,88,"Not Applicable (Not Transported) ",88,Not Applicable (Not Transported),,,,,,,1,0
2020,53,530237,Washington,2,2,0,0,0,3,3,17,DOUGLAS (17),0,NOT APPLICABLE,18,18,7,July,2020,7,Saturday,19,7:00pm-7:59pm,35,35,1,This section IS ON the NHS,1,Rural,3,Principal Arterial - Other,1,State Highway Agency,3,State Highway,SR-28,,200,200,47.27953056,47.27953056,-120.065891670,-120.065891670,0,No Special Jurisdiction,12,Motor Vehicle In-Transport,6,Angle,0,No,1,Non-Junction,1,Not an Intersection,0,None,,,1,On Roadway,1,Daylight,,,,,1,Clear,0,No,0000000,Not Applicable,19,7:00pm-7:59pm,34,34,19,7:00pm-7:59pm,45,45,20,8:00pm-8:59pm,49,49,,,,,,,1,1
2020,53,530238,Washington,1,1,0,1,1,1,1,33,KING (33),1030,KENT,16,16,7,July,2020,5,Thursday,22,10:00pm-10:59pm,0,0,1,This section IS ON the NHS,2,Urban,3,Principal Arterial - Other,4,City or Municipal Highway Agency,6,Local Street - Municipality,CR-S 272ND ST,,99998,Not Reported,47.35782222,47.35782222,-122.280011110,-122.280011110,0,No Special Jurisdiction,8,Pedestrian,0,The First Harmful Event was Not a Collision with a Motor Vehicle in Transport,0,No,1,Non-Junction,1,Not an Intersection,0,None,,,2,On Shoulder,3,Dark - Lighted,,,,,1,Clear,0,No,0000000,Not Applicable,99,Unknown,99,Unknown,99,Unknown EMS Scene Arrival Hour,99,Unknown EMS Scene Arrival Minutes,88,"Not Applicable (Not Transported) ",88,Not Applicable (Not Transported),,,,,,,1,0
2020,53,530239,Washington,2,2,0,0,0,5,5,47,OKANOGAN (47),0,NOT APPLICABLE,3,3,7,July,2020,6,Friday,11,11:00am-11:59am,19,19,0,This section IS NOT on the NHS,1,Rural,4,Minor Arterial,1,State Highway Agency,3,State Highway,SR-20,,2315,2315,48.35046389,48.35046389,-119.607305560,-119.607305560,0,No Special Jurisdiction,12,Motor Vehicle In-Transport,2,Front-to-Front,0,No,1,Non-Junction,1,Not an Intersection,0,None,,,1,On Roadway,1,Daylight,,,,,1,Clear,0,No,0000000,Not Applicable,11,11:00am-11:59am,45,45,12,12:00pm-12:59pm,3,3,13,1:00pm-1:59pm,46,46,,,,,,,1,0
2020,53,530240,Washington,1,1,0,0,0,1,1,53,PIERCE (53),0,NOT APPLICABLE,17,17,7,July,2020,6,Friday,21,9:00pm-9:59pm,31,31,0,This section IS NOT on the NHS,2,Urban,5,Major Collector,2,County Highway Agency,4,County Road,CR-CRAMER ROAD KP N,,18,18,47.35701944,47.35701944,-122.722630560,-122.722630560,0,No Special Jurisdiction,93,Unknown Fixed Object,0,The First Harmful Event was Not a Collision with a Motor Vehicle in Transport,0,No,1,Non-Junction,1,Not an Intersection,0,None,,,4,On Roadside,2,Dark - Not Lighted,,,,,1,Clear,0,No,0000000,Not Applicable,99,Unknown,98,Unknown if Notified,99,Unknown EMS Scene Arrival Hour,98,Unknown if Arrived,88,"Not Applicable (Not Transported) ",88,Not Applicable (Not Transported),,,,,,,1,0
2020,53,530241,Washington,2,2,0,0,0,2,2,5,BENTON (5),0,NOT APPLICABLE,18,18,7,July,2020,7,Saturday,4,4:00am-4:59am,49,49,1,This section IS ON the NHS,2,Urban,1,Interstate,1,State Highway Agency,1,Interstate,I-82,,804,804,46.22147778,46.22147778,-119.779941670,-119.779941670,0,No Special Jurisdiction,12,Motor Vehicle In-Transport,2,Front-to-Front,0,No,1,Non-Junction,1,Not an Intersection,0,None,,,1,On Roadway,4,Dawn,,,,,1,Clear,0,No,0000000,Not Applicable,99,Unknown,99,Unknown,99,Unknown EMS Scene Arrival Hour,99,Unknown EMS Scene Arrival Minutes,88,"Not Applicable (Not Transported) ",88,Not Applicable (Not Transported),,,,,,,1,0
2020,53,530242,Washington,1,1,0,1,1,2,2,53,PIERCE (53),0,NOT APPLICABLE,12,12,7,July,2020,1,Sunday,23,11:00pm-11:59pm,32,32,0,This section IS NOT on the NHS,2,Urban,3,Principal Arterial - Other,1,State Highway Agency,3,State Highway,SR-7,108TH ST S,526,526,47.15930278,47.15930278,-122.434238890,-122.434238890,0,No Special Jurisdiction,15,Non-Motorist on Personal Conveyance,0,The First Harmful Event was Not a Collision with a Motor Vehicle in Transport,0,No,3,Intersection-Related,2,Four-Way Intersection,0,None,,,1,On Roadway,3,Dark - Lighted,,,,,1,Clear,0,No,0000000,Not Applicable,23,11:00pm-11:59pm,21,21,23,11:00pm-11:59pm,38,38,0,0:00am-0:59am,0,0,,,,,,,1,0
2020,53,530243,Washington,1,1,0,1,1,2,2,33,KING (33),1030,KENT,18,18,7,July,2020,7,Saturday,2,2:00am-2:59am,34,34,0,This section IS NOT on the NHS,2,Urban,4,Minor Arterial,1,State Highway Agency,3,State Highway,SR-515,,4,4,47.37793333,47.37793333,-122.202355560,-122.202355560,0,No Special Jurisdiction,8,Pedestrian,0,The First Harmful Event was Not a Collision with a Motor Vehicle in Transport,0,No,1,Non-Junction,1,Not an Intersection,0,None,,,1,On Roadway,3,Dark - Lighted,,,,,1,Clear,0,No,0000000,Not Applicable,99,Unknown,99,Unknown,99,Unknown EMS Scene Arrival Hour,99,Unknown EMS Scene Arrival Minutes,88,"Not Applicable (Not Transported) ",88,Not Applicable (Not Transported),,,,,,,1,0
2020,53,530244,Washington,1,1,0,0,0,1,1,63,SPOKANE (63),0,NOT APPLICABLE,18,18,7,July,2020,7,Saturday,12,12:00pm-12:59pm,35,35,1,This section IS ON the NHS,1,Rural,1,Interstate,1,State Highway Agency,1,Interstate,I-90,,2635,2635,47.51988056,47.51988056,-117.669327780,-117.669327780,0,No Special Jurisdiction,39,Wall,0,The First Harmful Event was Not a Collision with a Motor Vehicle in Transport,0,No,1,Non-Junction,1,Not an Intersection,0,None,,,4,On Roadside,1,Daylight,,,,,1,Clear,0,No,0000000,Not Applicable,99,Unknown,99,Unknown,99,Unknown EMS Scene Arrival Hour,99,Unknown EMS Scene Arrival Minutes,99,Unknown,99,Unknown EMS Hospital Arrival Time,,,,,,,1,0
2020,53,530245,Washington,2,2,0,0,0,3,3,9,CLALLAM (9),0,NOT APPLICABLE,20,20,7,July,2020,2,Monday,15,3:00pm-3:59pm,13,13,0,This section IS NOT on the NHS,1,Rural,6,Minor Collector,2,County Highway Agency,4,County Road,CR-OBRIEN RD,,37,37,48.09077778,48.09077778,-123.301716670,-123.301716670,0,No Special Jurisdiction,12,Motor Vehicle In-Transport,6,Angle,0,No,8,Driveway Access Related,1,Not an Intersection,0,None,,,1,On Roadway,1,Daylight,,,,,1,Clear,0,No,0000000,Not Applicable,15,3:00pm-3:59pm,26,26,15,3:00pm-3:59pm,55,55,16,4:00pm-4:59pm,39,39,,,,,,,1,0
2020,53,530246,Washington,1,1,0,0,0,1,1,41,LEWIS (41),300,CENTRALIA,24,24,7,July,2020,6,Friday,6,6:00am-6:59am,26,26,1,This section IS ON the NHS,2,Urban,1,Interstate,1,State Highway Agency,1,Interstate,I-5,HARRISON AVE,4,4,46.72760278,46.72760278,-122.977752780,-122.977752780,0,No Special Jurisdiction,43,Other Fixed Object,0,The First Harmful Event was Not a Collision with a Motor Vehicle in Transport,1,Yes,3,Intersection-Related,2,Four-Way Intersection,0,None,,,5,Outside Trafficway,1,Daylight,,,,,10,Cloudy,0,No,0000000,Not Applicable,7,7:00am-7:59am,28,28,7,7:00am-7:59am,34,34,88,"Not Applicable (Not Transported) ",88,Not Applicable (Not Transported),,,,,,,1,0
2020,53,530247,Washington,2,2,0,0,0,7,7,29,ISLAND (29),0,NOT APPLICABLE,20,20,7,July,2020,2,Monday,17,5:00pm-5:59pm,5,5,1,This section IS ON the NHS,1,Rural,3,Principal Arterial - Other,1,State Highway Agency,3,State Highway,SR-525,BUSH POINT RD,192,192,48.01518333,48.01518333,-122.545483330,-122.545483330,0,No Special Jurisdiction,12,Motor Vehicle In-Transport,6,Angle,0,No,2,Intersection,2,Four-Way Intersection,0,None,,,1,On Roadway,1,Daylight,,,,,1,Clear,0,No,0000000,Not Applicable,17,5:00pm-5:59pm,9,9,17,5:00pm-5:59pm,13,13,18,6:00pm-6:59pm,13,13,,,,,,,1,0
2020,53,530248,Washington,2,2,0,0,0,2,2,41,LEWIS (41),0,NOT APPLICABLE,18,18,7,July,2020,7,Saturday,18,6:00pm-6:59pm,45,45,0,This section IS NOT on the NHS,1,Rural,7,Local,2,County Highway Agency,4,County Road,CR-LARMON RD,,34,34,46.54658333,46.54658333,-122.725316670,-122.725316670,0,No Special Jurisdiction,12,Motor Vehicle In-Transport,6,Angle,0,No,8,Driveway Access Related,1,Not an Intersection,0,None,,,1,On Roadway,5,Dusk,,,,,1,Clear,0,No,0000000,Not Applicable,18,6:00pm-6:59pm,47,47,18,6:00pm-6:59pm,55,55,99,Unknown,99,Unknown EMS Hospital Arrival Time,,,,,,,1,0
2020,53,530249,Washington,3,2,1,0,1,3,4,15,COWLITZ (15),1010,KELSO,26,26,7,July,2020,1,Sunday,14,2:00pm-2:59pm,55,55,0,This section IS NOT on the NHS,1,Rural,7,Local,4,City or Municipal Highway Agency,6,Local Street - Municipality,S 5TH AVE,Chestnut St,0,None,46.13628056,46.13628056,-122.911266670,-122.911266670,0,No Special Jurisdiction,12,Motor Vehicle In-Transport,6,Angle,0,No,2,Intersection,2,Four-Way Intersection,0,None,,,1,On Roadway,1,Daylight,,,,,1,Clear,0,No,0000000,Not Applicable,14,2:00pm-2:59pm,55,55,14,2:00pm-2:59pm,59,59,15,3:00pm-3:59pm,28,28,,,,,,,1,0
2020,53,530250,Washington,2,2,0,0,0,2,2,33,KING (33),2310,TUKWILA,24,24,7,July,2020,6,Friday,23,11:00pm-11:59pm,3,3,0,This section IS NOT on the NHS,2,Urban,3,Principal Arterial - Other,4,City or Municipal Highway Agency,6,Local Street - Municipality,E MARGINAL WAY S,,0,None,47.53070833,47.53070833,-122.307227780,-122.307227780,0,No Special Jurisdiction,12,Motor Vehicle In-Transport,1,Front-to-Rear,0,No,1,Non-Junction,1,Not an Intersection,0,None,,,1,On Roadway,3,Dark - Lighted,,,,,1,Clear,0,No,0000000,Not Applicable,99,Unknown,99,Unknown,99,Unknown EMS Scene Arrival Hour,99,Unknown EMS Scene Arrival Minutes,88,"Not Applicable (Not Transported) ",88,Not Applicable (Not Transported),,,,,,,1,1
2020,53,530251,Washington,2,2,0,0,0,4,4,63,SPOKANE (63),2110,SPOKANE,28,28,7,July,2020,3,Tuesday,19,7:00pm-7:59pm,47,47,0,This section IS NOT on the NHS,2,Urban,4,Minor Arterial,4,City or Municipal Highway Agency,6,Local Street - Municipality,N PERRY ST,E Indiana Ave,0,None,47.67473056,47.67473056,-117.390355560,-117.390355560,0,No Special Jurisdiction,12,Motor Vehicle In-Transport,6,Angle,0,No,2,Intersection,2,Four-Way Intersection,0,None,,,1,On Roadway,1,Daylight,,,,,1,Clear,0,No,0000000,Not Applicable,19,7:00pm-7:59pm,48,48,19,7:00pm-7:59pm,52,52,20,8:00pm-8:59pm,10,10,,,,,,,1,0
2020,53,530252,Washington,1,1,0,1,1,1,1,33,KING (33),109,BELLEVUE,6,6,3,March,2020,6,Friday,20,8:00pm-8:59pm,25,25,0,This section IS NOT on the NHS,2,Urban,4,Minor Arterial,4,City or Municipal Highway Agency,6,Local Street - Municipality,156TH AVE NE,NE 13TH ST,0,None,47.62098889,47.62098889,-122.132408330,-122.132408330,0,No Special Jurisdiction,8,Pedestrian,0,The First Harmful Event was Not a Collision with a Motor Vehicle in Transport,0,No,3,Intersection-Related,2,Four-Way Intersection,0,None,,,1,On Roadway,1,Daylight,,,,,10,Cloudy,0,No,0000000,Not Applicable,99,Unknown,99,Unknown,99,Unknown EMS Scene Arrival Hour,99,Unknown EMS Scene Arrival Minutes,99,Unknown,99,Unknown EMS Hospital Arrival Time,,,,,,,1,0
2020,53,530253,Washington,1,1,0,0,0,1,1,33,KING (33),1958,SEATAC,29,29,7,July,2020,4,Wednesday,20,8:00pm-8:59pm,49,49,0,This section IS NOT on the NHS,2,Urban,4,Minor Arterial,4,City or Municipal Highway Agency,6,Local Street - Municipality,MILITARY RD S,,0,None,47.44348333,47.44348333,-122.274341670,-122.274341670,0,No Special Jurisdiction,33,Curb,0,The First Harmful Event was Not a Collision with a Motor Vehicle in Transport,0,No,1,Non-Junction,1,Not an Intersection,0,None,,,4,On Roadside,3,Dark - Lighted,,,,,1,Clear,0,No,0000000,Not Applicable,99,Unknown,99,Unknown,99,Unknown EMS Scene Arrival Hour,99,Unknown EMS Scene Arrival Minutes,88,"Not Applicable (Not Transported) ",88,Not Applicable (Not Transported),,,,,,,1,1
2020,53,530254,Washington,1,1,0,0,0,1,1,7,CHELAN (7),0,NOT APPLICABLE,16,16,7,July,2020,5,Thursday,5,5:00am-5:59am,28,28,0,This section IS NOT on the NHS,1,Rural,7,Local,98,Not Reported,8,Other,BISPING CANYON RD,,99998,Not Reported,47.76382778,47.76382778,-120.338038890,-120.338038890,0,No Special Jurisdiction,1,Rollover/Overturn,0,The First Harmful Event was Not a Collision with a Motor Vehicle in Transport,0,No,1,Non-Junction,1,Not an Intersection,0,None,,,4,On Roadside,9,Reported as Unknown,,,,,1,Clear,0,No,0000000,Not Applicable,99,Unknown,99,Unknown,99,Unknown EMS Scene Arrival Hour,99,Unknown EMS Scene Arrival Minutes,88,"Not Applicable (Not Transported) ",88,Not Applicable (Not Transported),,,,,,,1,0
2020,53,530255,Washington,4,1,3,0,0,1,1,33,KING (33),1960,SEATTLE,18,18,7,July,2020,7,Saturday,2,2:00am-2:59am,29,29,1,This section IS ON the NHS,2,Urban,3,Principal Arterial - Other,4,City or Municipal Highway Agency,6,Local Street - Municipality,15TH AVE W,W GARFIELD ST,0,None,47.63346667,47.63346667,-122.376222220,-122.376222220,0,No Special Jurisdiction,33,Curb,0,The First Harmful Event was Not a Collision with a Motor Vehicle in Transport,0,No,3,Intersection-Related,2,Four-Way Intersection,0,None,,,12,Pedestrian Refuge Island or Traffic Island,3,Dark - Lighted,,,,,10,Cloudy,0,No,0000000,Not Applicable,99,Unknown,99,Unknown,99,Unknown EMS Scene Arrival Hour,99,Unknown EMS Scene Arrival Minutes,88,"Not Applicable (Not Transported) ",88,Not Applicable (Not Transported),,,,,,,1,1
2020,53,530256,Washington,1,1,0,1,1,1,1,33,KING (33),2565,WOODINVILLE,27,27,7,July,2020,2,Monday,9,9:00am-9:59am,41,41,0,This section IS NOT on the NHS,2,Urban,5,Major Collector,4,City or Municipal Highway Agency,6,Local Street - Municipality,NE 171ST ST,143rd Pl NE,0,None,47.75168056,47.75168056,-122.148041670,-122.148041670,0,No Special Jurisdiction,9,Pedalcyclist,0,The First Harmful Event was Not a Collision with a Motor Vehicle in Transport,0,No,2,Intersection,3,T-Intersection,0,None,,,1,On Roadway,1,Daylight,,,,,1,Clear,0,No,0000000,Not Applicable,99,Unknown,99,Unknown,99,Unknown EMS Scene Arrival Hour,99,Unknown EMS Scene Arrival Minutes,88,"Not Applicable (Not Transported) ",88,Not Applicable (Not Transported),,,,,,,1,0
2020,53,530257,Washington,1,1,0,0,0,1,1,31,JEFFERSON (31),0,NOT APPLICABLE,23,23,7,July,2020,5,Thursday,19,7:00pm-7:59pm,23,23,0,This section IS NOT on the NHS,1,Rural,6,Minor Collector,2,County Highway Agency,4,County Road,CR-HASTINGS AVE W,,43,43,48.10414167,48.10414167,-122.859669440,-122.859669440,0,No Special Jurisdiction,1,Rollover/Overturn,0,The First Harmful Event was Not a Collision with a Motor Vehicle in Transport,0,No,1,Non-Junction,1,Not an Intersection,0,None,,,1,On Roadway,1,Daylight,,,,,1,Clear,0,No,0000000,Not Applicable,99,Unknown,99,Unknown,99,Unknown EMS Scene Arrival Hour,99,Unknown EMS Scene Arrival Minutes,99,Unknown,99,Unknown EMS Hospital Arrival Time,,,,,,,1,1
2020,53,530258,Washington,1,1,0,0,0,1,1,57,SKAGIT (57),0,NOT APPLICABLE,26,26,7,July,2020,1,Sunday,3,3:00am-3:59am,40,40,0,This section IS NOT on the NHS,1,Rural,6,Minor Collector,2,County Highway Agency,4,County Road,CR-COLONY RD,,43,43,48.58789167,48.58789167,-122.361294440,-122.361294440,0,No Special Jurisdiction,42,Tree (Standing Only),0,The First Harmful Event was Not a Collision with a Motor Vehicle in Transport,0,No,1,Non-Junction,1,Not an Intersection,0,None,,,4,On Roadside,2,Dark - Not Lighted,,,,,1,Clear,0,No,0000000,Not Applicable,3,3:00am-3:59am,37,37,3,3:00am-3:59am,52,52,88,"Not Applicable (Not Transported) ",88,Not Applicable (Not Transported),,,,,,,1,0
2020,53,530259,Washington,1,1,0,0,0,1,1,33,KING (33),1830,RENTON,14,14,7,July,2020,3,Tuesday,17,5:00pm-5:59pm,46,46,1,This section IS ON the NHS,2,Urban,1,Interstate,1,State Highway Agency,1,Interstate,I-405,,30,30,47.47099167,47.47099167,-122.205091670,-122.205091670,0,No Special Jurisdiction,25,Concrete Traffic Barrier,0,The First Harmful Event was Not a Collision with a Motor Vehicle in Transport,0,No,1,Non-Junction,1,Not an Intersection,0,None,,,3,On Median,1,Daylight,,,,,1,Clear,0,No,0000000,Not Applicable,99,Unknown,99,Unknown,99,Unknown EMS Scene Arrival Hour,99,Unknown EMS Scene Arrival Minutes,88,"Not Applicable (Not Transported) ",88,Not Applicable (Not Transported),,,,,,,1,0
2020,53,530260,Washington,3,3,0,0,0,3,3,33,KING (33),2310,TUKWILA,29,29,7,July,2020,4,Wednesday,21,9:00pm-9:59pm,42,42,1,This section IS ON the NHS,2,Urban,3,Principal Arterial - Other,1,State Highway Agency,3,State Highway,SR-599,,11,11,47.49504167,47.49504167,-122.282791670,-122.282791670,0,No Special Jurisdiction,24,Guardrail Face,0,The First Harmful Event was Not a Collision with a Motor Vehicle in Transport,0,No,1,Non-Junction,1,Not an Intersection,0,None,,,3,On Median,2,Dark - Not Lighted,,,,,1,Clear,0,No,0000000,Not Applicable,99,Unknown,99,Unknown,99,Unknown EMS Scene Arrival Hour,99,Unknown EMS Scene Arrival Minutes,88,"Not Applicable (Not Transported) ",88,Not Applicable (Not Transported),,,,,,,1,1