caseyear,state,st_case,statename,ve_total,ve_forms,pvh_invl,peds,pernotmvit,permvit,persons,county,countyname,city,cityname,day,dayname,month,monthname,year,day_week,day_weekname,hour,hourname,minute,minutename,nhs,nhsname,rur_urb,rur_urbname,func_sys,func_sysname,rd_owner,rd_ownername,route,routename,tway_id,tway_id2,milept,mileptname,latitude,latitudename,longitud,longitudname,sp_jur,sp_jurname,harm_ev,harm_evname,man_coll,man_collname,reljct1,reljct1name,reljct2,reljct2name,typ_int,typ_intname,wrk_zone,wrk_zonename,road_fnc,road_fncname,rel_road,rel_roadname,lgt_cond,lgt_condname,weather1,weather1name,weather2,weather2name,weather,weathername,sch_bus,sch_busname,rail,railname,not_hour,not_hourname,not_min,not_minname,arr_hour,arr_hourname,arr_min,arr_minname,hosp_hr,hosp_hrname,hosp_mn,hosp_mnname,cf1,cf1name,cf2,cf2name,cf3,cf3name,fatals,drunk_dr
2020,53,530300,Washington,2,2,0,0,0,3,3,53,PIERCE (53),0,NOT APPLICABLE,12,12,8,August,2020,4,Wednesday,12,12:00pm-12:59pm,38,38,0,This section IS NOT on the NHS,2,Urban,3,Principal Arterial - Other,1,State Highway Agency,3,State Highway,SR-7,174TH ST S,485,485,47.09929444,47.09929444,-122.434891670,-122.434891670,0,No Special Jurisdiction,12,Motor Vehicle In-Transport,6,Angle,0,No,2,Intersection,2,Four-Way Intersection,0,None,,,1,On Roadway,1,Daylight,,,,,1,Clear,0,No,0000000,Not Applicable,12,12:00pm-12:59pm,46,46,12,12:00pm-12:59pm,52,52,88,"Not Applicable (Not Transported) ",88,Not Applicable (Not Transported),,,,,,,2,1
2020,53,530301,Washington,2,2,0,0,0,3,3,77,YAKIMA (77),0,NOT APPLICABLE,20,20,8,August,2020,5,Thursday,8,8:00am-8:59am,18,18,0,This section IS NOT on the NHS,1,Rural,5,Major Collector,2,County Highway Agency,4,County Road,CR-HARRAH RD,EVANS RD,20,20,46.43348056,46.43348056,-120.544005560,-120.544005560,3,Indian Reservation,12,Motor Vehicle In-Transport,6,Angle,0,No,2,Intersection,2,Four-Way Intersection,0,None,,,1,On Roadway,1,Daylight,,,,,10,Cloudy,0,No,0000000,Not Applicable,8,8:00am-8:59am,21,21,8,8:00am-8:59am,36,36,9,9:00am-9:59am,18,18,,,,,,,2,1
2020,53,530302,Washington,1,1,0,1,1,1,1,33,KING (33),100,AUBURN,21,21,8,August,2020,6,Friday,5,5:00am-5:59am,13,13,0,This section IS NOT on the NHS,2,Urban,4,Minor Arterial,4,City or Municipal Highway Agency,6,Local Street - Municipality,C ST SW,,0,None,47.27655833,47.27655833,-122.230986110,-122.230986110,0,No Special Jurisdiction,8,Pedestrian,0,The First Harmful Event was Not a Collision with a Motor Vehicle in Transport,0,No,1,Non-Junction,1,Not an Intersection,0,None,,,1,On Roadway,3,Dark - Lighted,,,,,10,Cloudy,0,No,0000000,Not Applicable,99,Unknown,99,Unknown,99,Unknown EMS Scene Arrival Hour,99,Unknown EMS Scene Arrival Minutes,88,"Not Applicable (Not Transported) ",88,Not Applicable (Not Transported),,,,,,,1,0
2020,53,530303,Washington,1,1,0,1,1,1,1,61,SNOHOMISH (61),0,NOT APPLICABLE,8,8,8,August,2020,7,Saturday,0,0:00am-0:59am,38,38,0,This section IS NOT on the NHS,1,Rural,3,Principal Arterial - Other,2,County Highway Agency,4,County Road,CR-110TH ST SE,,2,2,47.89827778,47.89827778,-122.190144440,-122.190144440,0,No Special Jurisdiction,8,Pedestrian,0,The First Harmful Event was Not a Collision with a Motor Vehicle in Transport,0,No,1,Non-Junction,1,Not an Intersection,0,None,,,4,On Roadside,2,Dark - Not Lighted,,,,,1,Clear,0,No,0000000,Not Applicable,0,0:00am-0:59am,40,40,0,0:00am-0:59am,46,46,1,1:00am-1:59am,18,18,,,,,,,1,0
2020,53,530304,Washington,2,2,0,0,0,6,6,77,YAKIMA (77),0,NOT APPLICABLE,26,26,7,July,2020,1,Sunday,11,11:00am-11:59am,33,33,0,This section IS NOT on the NHS,1,Rural,5,Major Collector,2,County Highway Agency,4,County Road,CR-SCOON RD,INDEPENDENCE RD,51,51,46.37454444,46.37454444,-120.019991670,-120.019991670,0,No Special Jurisdiction,12,Motor Vehicle In-Transport,6,Angle,0,No,2,Intersection,2,Four-Way Intersection,0,None,,,1,On Roadway,1,Daylight,,,,,1,Clear,0,No,0000000,Not Applicable,11,11:00am-11:59am,40,40,11,11:00am-11:59am,49,49,12,12:00pm-12:59pm,23,23,,,,,,,1,0
2020,53,530305,Washington,2,2,0,0,0,2,2,47,OKANOGAN (47),1600,OMAK,20,20,8,August,2020,5,Thursday,13,1:00pm-1:59pm,58,58,0,This section IS NOT on the NHS,2,Urban,4,Minor Arterial,1,State Highway Agency,3,State Highway,SR-215,,61,61,48.41680556,48.41680556,-119.512566670,-119.512566670,0,No Special Jurisdiction,12,Motor Vehicle In-Transport,2,Front-to-Front,0,No,1,Non-Junction,1,Not an Intersection,0,None,,,1,On Roadway,1,Daylight,,,,,10,Cloudy,0,No,0000000,Not Applicable,99,Unknown,99,Unknown,99,Unknown EMS Scene Arrival Hour,99,Unknown EMS Scene Arrival Minutes,88,"Not Applicable (Not Transported) ",88,Not Applicable (Not Transported),,,,,,,1,0
2020,53,530306,Washington,1,1,0,1,1,4,4,67,THURSTON (67),1102,LACEY,24,24,8,August,2020,2,Monday,5,5:00am-5:59am,45,45,1,This section IS ON the NHS,2,Urban,1,Interstate,1,State Highway Agency,1,Interstate,I-5,,1118,1118,47.06275556,47.06275556,-122.769416670,-122.769416670,0,No Special Jurisdiction,8,Pedestrian,0,The First Harmful Event was Not a Collision with a Motor Vehicle in Transport,0,No,1,Non-Junction,1,Not an Intersection,0,None,,,1,On Roadway,4,Dawn,,,,,1,Clear,0,No,0000000,Not Applicable,99,Unknown,99,Unknown,99,Unknown EMS Scene Arrival Hour,99,Unknown EMS Scene Arrival Minutes,88,"Not Applicable (Not Transported) ",88,Not Applicable (Not Transported),,,,,,,1,0
2020,53,530307,Washington,1,1,0,0,0,1,1,5,BENTON (5),0,NOT APPLICABLE,24,24,8,August,2020,2,Monday,17,5:00pm-5:59pm,41,41,0,This section IS NOT on the NHS,1,Rural,5,Major Collector,1,State Highway Agency,3,State Highway,SR-225,,55,55,46.32340278,46.32340278,-119.493419440,-119.493419440,0,No Special Jurisdiction,31,"Post, Pole or Other Supports",0,The First Harmful Event was Not a Collision with a Motor Vehicle in Transport,0,No,1,Non-Junction,1,Not an Intersection,0,None,,,4,On Roadside,1,Daylight,,,,,1,Clear,0,No,0000000,Not Applicable,99,Unknown,99,Unknown,99,Unknown EMS Scene Arrival Hour,99,Unknown EMS Scene Arrival Minutes,88,"Not Applicable (Not Transported) ",88,Not Applicable (Not Transported),,,,,,,1,1
2020,53,530308,Washington,2,2,0,0,0,8,8,33,KING (33),0,NOT APPLICABLE,22,22,8,August,2020,7,Saturday,23,11:00pm-11:59pm,24,24,0,This section IS NOT on the NHS,2,Urban,5,Major Collector,2,County Highway Agency,4,County Road,CR-SE COVINGTON SAWYER,,9,9,47.34351111,47.34351111,-122.100044440,-122.100044440,0,No Special Jurisdiction,12,Motor Vehicle In-Transport,6,Angle,0,No,1,Non-Junction,1,Not an Intersection,0,None,,,1,On Roadway,3,Dark - Lighted,,,,,1,Clear,0,No,0000000,Not Applicable,23,11:00pm-11:59pm,42,42,23,11:00pm-11:59pm,58,58,0,0:00am-0:59am,43,43,,,,,,,1,0
2020,53,530309,Washington,2,2,0,0,0,2,2,53,PIERCE (53),0,NOT APPLICABLE,28,28,8,August,2020,6,Friday,14,2:00pm-2:59pm,7,7,1,This section IS ON the NHS,2,Urban,3,Principal Arterial - Other,1,State Highway Agency,3,State Highway,SR-7,,465,465,47.07418611,47.07418611,-122.422341670,-122.422341670,0,No Special Jurisdiction,12,Motor Vehicle In-Transport,6,Angle,0,No,8,Driveway Access Related,1,Not an Intersection,0,None,,,1,On Roadway,1,Daylight,,,,,1,Clear,0,No,0000000,Not Applicable,14,2:00pm-2:59pm,9,9,14,2:00pm-2:59pm,17,17,88,"Not Applicable (Not Transported) ",88,Not Applicable (Not Transported),,,,,,,1,0
2020,53,530310,Washington,2,2,0,0,0,3,3,73,WHATCOM (73),0,NOT APPLICABLE,23,23,8,August,2020,1,Sunday,11,11:00am-11:59am,15,15,0,This section IS NOT on the NHS,1,Rural,4,Minor Arterial,1,State Highway Agency,3,State Highway,SR-20,,1434,1434,48.67960833,48.67960833,-120.881577780,-120.881577780,0,No Special Jurisdiction,12,Motor Vehicle In-Transport,2,Front-to-Front,0,No,1,Non-Junction,1,Not an Intersection,0,None,,,1,On Roadway,1,Daylight,,,,,1,Clear,0,No,0000000,Not Applicable,11,11:00am-11:59am,20,20,12,12:00pm-12:59pm,4,4,88,"Not Applicable (Not Transported) ",88,Not Applicable (Not Transported),,,,,,,1,0
2020,53,530312,Washington,2,2,0,0,0,5,5,7,CHELAN (7),0,NOT APPLICABLE,26,26,8,August,2020,4,Wednesday,13,1:00pm-1:59pm,18,18,1,This section IS ON the NHS,1,Rural,2,Principal Arterial - Other Freeways and Expressways,1,State Highway Agency,2,U.S. Highway,US-2,,1060,1060,47.54123056,47.54123056,-120.564177780,-120.564177780,0,No Special Jurisdiction,12,Motor Vehicle In-Transport,1,Front-to-Rear,0,No,1,Non-Junction,1,Not an Intersection,0,None,,,1,On Roadway,1,Daylight,,,,,1,Clear,0,No,0000000,Not Applicable,13,1:00pm-1:59pm,19,19,13,1:00pm-1:59pm,29,29,14,2:00pm-2:59pm,6,6,,,,,,,1,0
2020,53,530313,Washington,2,2,0,0,0,2,2,63,SPOKANE (63),0,NOT APPLICABLE,24,24,8,August,2020,2,Monday,7,7:00am-7:59am,44,44,1,This section IS ON the NHS,1,Rural,3,Principal Arterial - Other,1,State Highway Agency,2,U.S. Highway,US-395,DENISON-CHATTEROY,1811,1811,47.90368611,47.90368611,-117.439719440,-117.439719440,0,No Special Jurisdiction,12,Motor Vehicle In-Transport,6,Angle,0,No,2,Intersection,2,Four-Way Intersection,0,None,,,1,On Roadway,1,Daylight,,,,,1,Clear,0,No,0000000,Not Applicable,7,7:00am-7:59am,51,51,7,7:00am-7:59am,54,54,88,"Not Applicable (Not Transported) ",88,Not Applicable (Not Transported),,,,,,,1,0
2020,53,530314,Washington,1,1,0,0,0,1,1,63,SPOKANE (63),2110,SPOKANE,28,28,8,August,2020,6,Friday,0,0:00am-0:59am,18,18,0,This section IS NOT on the NHS,2,Urban,5,Major Collector,4,City or Municipal Highway Agency,6,Local Street - Municipality,N AUBREY L WHITE PKWY,,0,None,47.71099444,47.71099444,-117.499655560,-117.499655560,0,No Special Jurisdiction,1,Rollover/Overturn,0,The First Harmful Event was Not a Collision with a Motor Vehicle in Transport,0,No,1,Non-Junction,1,Not an Intersection,0,None,,,4,On Roadside,2,Dark - Not Lighted,,,,,1,Clear,0,No,0000000,Not Applicable,99,Unknown,99,Unknown,99,Unknown EMS Scene Arrival Hour,99,Unknown EMS Scene Arrival Minutes,88,"Not Applicable (Not Transported) ",88,Not Applicable (Not Transported),,,,,,,1,1
2020,53,530315,Washington,1,1,0,0,0,1,1,67,THURSTON (67),2320,TUMWATER,15,15,8,August,2020,7,Saturday,23,11:00pm-11:59pm,11,11,1,This section IS ON the NHS,2,Urban,1,Interstate,1,State Highway Agency,1,Interstate,I-5,,2,2,47.02016667,47.02016667,-122.905830560,-122.905830560,0,No Special Jurisdiction,25,Concrete Traffic Barrier,0,The First Harmful Event was Not a Collision with a Motor Vehicle in Transport,1,Yes,5,Entrance/Exit Ramp Related,1,Not an Intersection,0,None,,,4,On Roadside,2,Dark - Not Lighted,,,,,1,Clear,0,No,0000000,Not Applicable,99,Unknown,99,Unknown,99,Unknown EMS Scene Arrival Hour,99,Unknown EMS Scene Arrival Minutes,88,"Not Applicable (Not Transported) ",88,Not Applicable (Not Transported),,,,,,,1,0
2020,53,530316,Washington,2,2,0,0,0,2,2,33,KING (33),735,FEDERAL WAY,24,24,8,August,2020,2,Monday,11,11:00am-11:59am,11,11,1,This section IS ON the NHS,1,Rural,3,Principal Arterial - Other,4,City or Municipal Highway Agency,6,Local Street - Municipality,CR-PEASLEY CANYON RD S,,99998,Not Reported,47.31093056,47.31093056,-122.278041670,-122.278041670,0,No Special Jurisdiction,12,Motor Vehicle In-Transport,2,Front-to-Front,0,No,1,Non-Junction,1,Not an Intersection,0,None,,,1,On Roadway,1,Daylight,,,,,1,Clear,0,No,0000000,Not Applicable,11,11:00am-11:59am,24,24,11,11:00am-11:59am,35,35,11,11:00am-11:59am,52,52,,,,,,,1,1
2020,53,530317,Washington,3,3,0,0,0,4,4,53,PIERCE (53),0,NOT APPLICABLE,18,18,8,August,2020,3,Tuesday,14,2:00pm-2:59pm,47,47,0,This section IS NOT on the NHS,2,Urban,3,Principal Arterial - Other,1,State Highway Agency,3,State Highway,SR-161,,183,183,47.05485278,47.05485278,-122.294766670,-122.294766670,0,No Special Jurisdiction,12,Motor Vehicle In-Transport,6,Angle,0,No,8,Driveway Access Related,1,Not an Intersection,0,None,,,1,On Roadway,1,Daylight,,,,,1,Clear,0,No,0000000,Not Applicable,99,Unknown,99,Unknown,99,Unknown EMS Scene Arrival Hour,99,Unknown EMS Scene Arrival Minutes,99,Unknown,99,Unknown EMS Hospital Arrival Time,,,,,,,1,0
2020,53,530319,Washington,2,2,0,0,0,2,2,33,KING (33),0,NOT APPLICABLE,25,25,6,June,2020,5,Thursday,22,10:00pm-10:59pm,43,43,0,This section IS NOT on the NHS,1,Rural,5,Major Collector,2,County Highway Agency,4,County Road,CR-CUMBERLAND KANASKET,,75,75,47.29377222,47.29377222,-121.913741670,-121.913741670,0,No Special Jurisdiction,12,Motor Vehicle In-Transport,2,Front-to-Front,0,No,1,Non-Junction,1,Not an Intersection,0,None,,,1,On Roadway,2,Dark - Not Lighted,,,,,1,Clear,0,No,0000000,Not Applicable,22,10:00pm-10:59pm,49,49,23,11:00pm-11:59pm,19,19,0,0:00am-0:59am,15,15,,,,,,,1,0
2020,53,530320,Washington,2,2,0,0,0,5,5,33,KING (33),0,NOT APPLICABLE,29,29,7,July,2020,4,Wednesday,16,4:00pm-4:59pm,5,5,0,This section IS NOT on the NHS,1,Rural,5,Major Collector,2,County Highway Agency,4,County Road,CR-VEAZIE CUMBERLAND RD,,54,54,47.27109722,47.27109722,-121.937027780,-121.937027780,0,No Special Jurisdiction,12,Motor Vehicle In-Transport,6,Angle,0,No,1,Non-Junction,1,Not an Intersection,0,None,,,1,On Roadway,1,Daylight,,,,,1,Clear,0,No,0000000,Not Applicable,99,Unknown,99,Unknown,99,Unknown EMS Scene Arrival Hour,99,Unknown EMS Scene Arrival Minutes,99,Unknown,99,Unknown EMS Hospital Arrival Time,,,,,,,1,0
2020,53,530321,Washington,2,2,0,0,0,2,2,41,LEWIS (41),0,NOT APPLICABLE,26,26,8,August,2020,4,Wednesday,13,1:00pm-1:59pm,45,45,0,This section IS NOT on the NHS,1,Rural,4,Minor Arterial,1,State Highway Agency,3,State Highway,SR-6,,502,502,46.65261944,46.65261944,-122.999230560,-122.999230560,0,No Special Jurisdiction,12,Motor Vehicle In-Transport,2,Front-to-Front,0,No,1,Non-Junction,1,Not an Intersection,0,None,,,1,On Roadway,1,Daylight,,,,,1,Clear,0,No,0000000,Not Applicable,13,1:00pm-1:59pm,49,49,13,1:00pm-1:59pm,53,53,14,2:00pm-2:59pm,15,15,,,,,,,1,0
2020,53,530322,Washington,1,1,0,0,0,1,1,77,YAKIMA (77),0,NOT APPLICABLE,21,21,8,August,2020,6,Friday,23,11:00pm-11:59pm,55,55,0,This section IS NOT on the NHS,1,Rural,5,Major Collector,2,County Highway Agency,4,County Road,CR-VAN BELLE RD,,86,86,46.34553333,46.34553333,-119.997105560,-119.997105560,0,No Special Jurisdiction,34,Ditch,0,The First Harmful Event was Not a Collision with a Motor Vehicle in Transport,0,No,1,Non-Junction,1,Not an Intersection,0,None,,,4,On Roadside,2,Dark - Not Lighted,,,,,1,Clear,0,No,0000000,Not Applicable,23,11:00pm-11:59pm,57,57,0,0:00am-0:59am,4,4,99,Unknown,99,Unknown EMS Hospital Arrival Time,,,,,,,1,1
2020,53,530324,Washington,1,1,0,2,2,1,1,61,SNOHOMISH (61),1280,MARYSVILLE,29,29,8,August,2020,7,Saturday,2,2:00am-2:59am,3,3,0,This section IS NOT on the NHS,2,Urban,7,Local,4,City or Municipal Highway Agency,6,Local Street - Municipality,84TH ST NE,55TTH AVE NE,0,None,48.07169167,48.07169167,-122.156416670,-122.156416670,0,No Special Jurisdiction,41,Shrubbery,0,The First Harmful Event was Not a Collision with a Motor Vehicle in Transport,0,No,3,Intersection-Related,10,L-Intersection,0,None,,,4,On Roadside,3,Dark - Lighted,,,,,1,Clear,0,No,0000000,Not Applicable,99,Unknown,99,Unknown,99,Unknown EMS Scene Arrival Hour,99,Unknown EMS Scene Arrival Minutes,99,Unknown,99,Unknown EMS Hospital Arrival Time,,,,,,,2,1
2020,53,530325,Washington,2,2,0,0,0,3,3,67,THURSTON (67),0,NOT APPLICABLE,29,29,8,August,2020,7,Saturday,3,3:00am-3:59am,7,7,1,This section IS ON the NHS,2,Urban,1,Interstate,1,State Highway Agency,1,Interstate,I-5,,1146,1146,47.06892500,47.06892500,-122.711041670,-122.711041670,0,No Special Jurisdiction,12,Motor Vehicle In-Transport,2,Front-to-Front,0,No,1,Non-Junction,1,Not an Intersection,0,None,,,1,On Roadway,2,Dark - Not Lighted,,,,,1,Clear,0,No,0000000,Not Applicable,99,Unknown,99,Unknown,99,Unknown EMS Scene Arrival Hour,99,Unknown EMS Scene Arrival Minutes,99,Unknown,99,Unknown EMS Hospital Arrival Time,,,,,,,1,1
2020,53,530326,Washington,1,1,0,0,0,1,1,59,SKAMANIA (59),0,NOT APPLICABLE,14,14,8,August,2020,6,Friday,18,6:00pm-6:59pm,21,21,1,This section IS ON the NHS,1,Rural,3,Principal Arterial - Other,1,State Highway Agency,3,State Highway,SR-14,,333,333,45.61704722,45.61704722,-122.042255560,-122.042255560,0,No Special Jurisdiction,11,Live Animal,0,The First Harmful Event was Not a Collision with a Motor Vehicle in Transport,0,No,1,Non-Junction,1,Not an Intersection,0,None,,,1,On Roadway,5,Dusk,,,,,1,Clear,0,No,0000000,Not Applicable,99,Unknown,99,Unknown,99,Unknown EMS Scene Arrival Hour,99,Unknown EMS Scene Arrival Minutes,88,"Not Applicable (Not Transported) ",88,Not Applicable (Not Transported),,,,,,,1,0
2020,53,530327,Washington,1,1,0,1,1,1,1,33,KING (33),2005,SHORELINE,2,2,9,September,2020,4,Wednesday,20,8:00pm-8:59pm,28,28,0,This section IS NOT on the NHS,2,Urban,4,Minor Arterial,4,City or Municipal Highway Agency,6,Local Street - Municipality,NW RICHMOND BEACH RD,,0,None,47.76509167,47.76509167,-122.363241670,-122.363241670,0,No Special Jurisdiction,8,Pedestrian,0,The First Harmful Event was Not a Collision with a Motor Vehicle in Transport,0,No,1,Non-Junction,1,Not an Intersection,0,None,,,1,On Roadway,3,Dark - Lighted,,,,,1,Clear,0,No,0000000,Not Applicable,99,Unknown,99,Unknown,99,Unknown EMS Scene Arrival Hour,99,Unknown EMS Scene Arrival Minutes,88,"Not Applicable (Not Transported) ",88,Not Applicable (Not Transported),,,,,,,1,0
2020,53,530328,Washington,1,1,0,0,0,2,2,11,CLARK (11),0,NOT APPLICABLE,18,18,8,August,2020,3,Tuesday,11,11:00am-11:59am,41,41,0,This section IS NOT on the NHS,1,Rural,5,Major Collector,2,County Highway Agency,4,County Road,CR-NE LUCIA FALLS RD,,22,22,45.84057500,45.84057500,-122.442730560,-122.442730560,0,No Special Jurisdiction,1,Rollover/Overturn,0,The First Harmful Event was Not a Collision with a Motor Vehicle in Transport,0,No,1,Non-Junction,1,Not an Intersection,0,None,,,4,On Roadside,1,Daylight,,,,,1,Clear,0,No,0000000,Not Applicable,99,Unknown,99,Unknown,99,Unknown EMS Scene Arrival Hour,99,Unknown EMS Scene Arrival Minutes,88,"Not Applicable (Not Transported) ",88,Not Applicable (Not Transported),,,,,,,2,0
2020,53,530329,Washington,1,1,0,0,0,1,1,9,CLALLAM (9),0,NOT APPLICABLE,31,31,8,August,2020,2,Monday,15,3:00pm-3:59pm,49,49,0,This section IS NOT on the NHS,1,Rural,7,Local,2,County Highway Agency,4,County Road,CR-OLD MILL RD,,9,9,48.07946944,48.07946944,-123.442569440,-123.442569440,0,No Special Jurisdiction,11,Live Animal,0,The First Harmful Event was Not a Collision with a Motor Vehicle in Transport,0,No,1,Non-Junction,1,Not an Intersection,0,None,,,1,On Roadway,1,Daylight,,,,,1,Clear,0,No,0000000,Not Applicable,99,Unknown,99,Unknown,99,Unknown EMS Scene Arrival Hour,99,Unknown EMS Scene Arrival Minutes,99,Unknown,99,Unknown EMS Hospital Arrival Time,,,,,,,1,1
2020,53,530330,Washington,1,1,0,1,1,1,1,53,PIERCE (53),747,FIFE,28,28,8,August,2020,6,Friday,22,10:00pm-10:59pm,2,2,0,This section IS NOT on the NHS,2,Urban,3,Principal Arterial - Other,4,City or Municipal Highway Agency,6,Local Street - Municipality,PACIFIC HWY E,44TH AVE E,0,None,47.24309444,47.24309444,-122.370527780,-122.370527780,3,Indian Reservation,8,Pedestrian,0,The First Harmful Event was Not a Collision with a Motor Vehicle in Transport,0,No,3,Intersection-Related,3,T-Intersection,0,None,,,1,On Roadway,3,Dark - Lighted,,,,,1,Clear,0,No,0000000,Not Applicable,99,Unknown,99,Unknown,99,Unknown EMS Scene Arrival Hour,99,Unknown EMS Scene Arrival Minutes,88,"Not Applicable (Not Transported) ",88,Not Applicable (Not Transported),,,,,,,1,0
2020,53,530331,Washington,1,1,0,0,0,1,1,77,YAKIMA (77),0,NOT APPLICABLE,31,31,8,August,2020,2,Monday,19,7:00pm-7:59pm,0,0,1,This section IS ON the NHS,1,Rural,1,Interstate,1,State Highway Agency,1,Interstate,I-82,,3,3,46.47029167,46.47029167,-120.397780560,-120.397780560,0,No Special Jurisdiction,1,Rollover/Overturn,0,The First Harmful Event was Not a Collision with a Motor Vehicle in Transport,1,Yes,5,Entrance/Exit Ramp Related,1,Not an Intersection,0,None,,,4,On Roadside,1,Daylight,,,,,1,Clear,0,No,0000000,Not Applicable,99,Unknown,99,Unknown,99,Unknown EMS Scene Arrival Hour,99,Unknown EMS Scene Arrival Minutes,88,"Not Applicable (Not Transported) ",88,Not Applicable (Not Transported),,,,,,,1,1
2020,53,530332,Washington,1,1,0,0,0,1,1,59,SKAMANIA (59),0,NOT APPLICABLE,1,1,9,September,2020,3,Tuesday,16,4:00pm-4:59pm,40,40,0,This section IS NOT on the NHS,1,Rural,5,Major Collector,2,County Highway Agency,4,County Road,CR-WASHOUGAL RIVER RD,,90,90,45.61227778,45.61227778,-122.243027780,-122.243027780,0,No Special Jurisdiction,30,Utility Pole/Light Support,0,The First Harmful Event was Not a Collision with a Motor Vehicle in Transport,0,No,1,Non-Junction,1,Not an Intersection,0,None,,,4,On Roadside,1,Daylight,,,,,1,Clear,0,No,0000000,Not Applicable,99,Unknown,99,Unknown,99,Unknown EMS Scene Arrival Hour,99,Unknown EMS Scene Arrival Minutes,88,"Not Applicable (Not Transported) ",88,Not Applicable (Not Transported),,,,,,,1,1
2020,53,530333,Washington,3,3,0,0,0,5,5,7,CHELAN (7),0,NOT APPLICABLE,28,28,8,August,2020,6,Friday,18,6:00pm-6:59pm,0,0,1,This section IS ON the NHS,1,Rural,3,Principal Arterial - Other,1,State Highway Agency,2,U.S. Highway,US-97,,1547,1547,47.39430556,47.39430556,-120.610569440,-120.610569440,0,No Special Jurisdiction,12,Motor Vehicle In-Transport,2,Front-to-Front,0,No,1,Non-Junction,1,Not an Intersection,0,None,,,1,On Roadway,1,Daylight,,,,,1,Clear,0,No,0000000,Not Applicable,18,6:00pm-6:59pm,10,10,18,6:00pm-6:59pm,35,35,20,8:00pm-8:59pm,4,4,,,,,,,3,0
2020,53,530334,Washington,2,2,0,0,0,3,3,11,CLARK (11),0,NOT APPLICABLE,30,30,8,August,2020,1,Sunday,11,11:00am-11:59am,23,23,0,This section IS NOT on the NHS,1,Rural,6,Minor Collector,2,County Highway Agency,4,County Road,CR-SE VERNON RD,,13,13,45.62036389,45.62036389,-122.293644440,-122.293644440,0,No Special Jurisdiction,11,Live Animal,0,The First Harmful Event was Not a Collision with a Motor Vehicle in Transport,0,No,1,Non-Junction,1,Not an Intersection,0,None,,,1,On Roadway,1,Daylight,,,,,1,Clear,0,No,0000000,Not Applicable,99,Unknown,99,Unknown,99,Unknown EMS Scene Arrival Hour,99,Unknown EMS Scene Arrival Minutes,99,Unknown,99,Unknown EMS Hospital Arrival Time,,,,,,,1,0
2020,53,530335,Washington,1,1,0,0,0,1,1,47,OKANOGAN (47),0,NOT APPLICABLE,17,17,7,July,2020,6,Friday,13,1:00pm-1:59pm,10,10,0,This section IS NOT on the NHS,1,Rural,6,Minor Collector,2,County Highway Agency,4,County Road,CR-COLUMBIA RIVER RD,,99999,Unknown,48.11639167,48.11639167,-119.227969440,-119.227969440,3,Indian Reservation,17,Boulder,0,The First Harmful Event was Not a Collision with a Motor Vehicle in Transport,0,No,1,Non-Junction,1,Not an Intersection,0,None,,,4,On Roadside,9,Reported as Unknown,,,,,1,Clear,0,No,0000000,Not Applicable,99,Unknown,99,Unknown,99,Unknown EMS Scene Arrival Hour,99,Unknown EMS Scene Arrival Minutes,88,"Not Applicable (Not Transported) ",88,Not Applicable (Not Transported),,,,,,,1,0
2020,53,530336,Washington,2,2,0,1,1,2,2,53,PIERCE (53),1124,LAKEWOOD,4,4,9,September,2020,6,Friday,23,11:00pm-11:59pm,21,21,1,This section IS ON the NHS,2,Urban,3,Principal Arterial - Other,1,State Highway Agency,3,State Highway,SR-512,,6,6,47.16041944,47.16041944,-122.468605560,-122.468605560,0,No Special Jurisdiction,8,Pedestrian,0,The First Harmful Event was Not a Collision with a Motor Vehicle in Transport,0,No,1,Non-Junction,1,Not an Intersection,0,None,,,1,On Roadway,3,Dark - Lighted,,,,,1,Clear,0,No,0000000,Not Applicable,23,11:00pm-11:59pm,21,21,23,11:00pm-11:59pm,26,26,88,"Not Applicable (Not Transported) ",88,Not Applicable (Not Transported),,,,,,,1,0
2020,53,530337,Washington,1,1,0,0,0,1,1,53,PIERCE (53),1124,LAKEWOOD,6,6,9,September,2020,1,Sunday,21,9:00pm-9:59pm,19,19,1,This section IS ON the NHS,2,Urban,3,Principal Arterial - Other,4,City or Municipal Highway Agency,6,Local Street - Municipality,WASHINGTON BLVD SW,,0,None,47.14854167,47.14854167,-122.563991670,-122.563991670,0,No Special Jurisdiction,30,Utility Pole/Light Support,0,The First Harmful Event was Not a Collision with a Motor Vehicle in Transport,0,No,1,Non-Junction,1,Not an Intersection,0,None,,,4,On Roadside,3,Dark - Lighted,,,,,1,Clear,0,No,0000000,Not Applicable,99,Unknown,99,Unknown,99,Unknown EMS Scene Arrival Hour,99,Unknown EMS Scene Arrival Minutes,99,Unknown,99,Unknown EMS Hospital Arrival Time,,,,,,,1,0
2020,53,530338,Washington,3,3,0,0,0,3,3,77,YAKIMA (77),1420,MOXEE CITY,2,2,9,September,2020,4,Wednesday,16,4:00pm-4:59pm,10,10,0,This section IS NOT on the NHS,2,Urban,3,Principal Arterial - Other,1,State Highway Agency,3,State Highway,SR-24,RIVARD RD,51,51,46.54999167,46.54999167,-120.385552780,-120.385552780,0,No Special Jurisdiction,12,Motor Vehicle In-Transport,6,Angle,0,No,2,Intersection,2,Four-Way Intersection,0,None,,,1,On Roadway,1,Daylight,,,,,1,Clear,0,No,0000000,Not Applicable,16,4:00pm-4:59pm,22,22,16,4:00pm-4:59pm,24,24,17,5:00pm-5:59pm,13,13,,,,,,,1,0