caseyear,state,st_case,statename,ve_total,ve_forms,pvh_invl,peds,pernotmvit,permvit,persons,county,countyname,city,cityname,day,dayname,month,monthname,year,day_week,day_weekname,hour,hourname,minute,minutename,nhs,nhsname,rur_urb,rur_urbname,func_sys,func_sysname,rd_owner,rd_ownername,route,routename,tway_id,tway_id2,milept,mileptname,latitude,latitudename,longitud,longitudname,sp_jur,sp_jurname,harm_ev,harm_evname,man_coll,man_collname,reljct1,reljct1name,reljct2,reljct2name,typ_int,typ_intname,wrk_zone,wrk_zonename,road_fnc,road_fncname,rel_road,rel_roadname,lgt_cond,lgt_condname,weather1,weather1name,weather2,weather2name,weather,weathername,sch_bus,sch_busname,rail,railname,not_hour,not_hourname,not_min,not_minname,arr_hour,arr_hourname,arr_min,arr_minname,hosp_hr,hosp_hrname,hosp_mn,hosp_mnname,cf1,cf1name,cf2,cf2name,cf3,cf3name,fatals,drunk_dr
2020,53,530419,Washington,1,1,0,0,0,1,1,41,LEWIS (41),0,NOT APPLICABLE,24,24,10,October,2020,7,Saturday,19,7:00pm-7:59pm,42,42,0,This section IS NOT on the NHS,1,Rural,5,Major Collector,2,County Highway Agency,4,County Road,CR-HIGHWAY 603,,59,59,46.59342500,46.59342500,-122.935405560,-122.935405560,0,No Special Jurisdiction,1,Rollover/Overturn,0,The First Harmful Event was Not a Collision with a Motor Vehicle in Transport,0,No,1,Non-Junction,1,Not an Intersection,0,None,,,1,On Roadway,2,Dark - Not Lighted,,,,,1,Clear,0,No,0000000,Not Applicable,19,7:00pm-7:59pm,45,45,19,7:00pm-7:59pm,46,46,88,"Not Applicable (Not Transported) ",88,Not Applicable (Not Transported),,,,,,,1,1
2020,53,530420,Washington,2,2,0,0,0,3,3,67,THURSTON (67),0,NOT APPLICABLE,24,24,10,October,2020,7,Saturday,22,10:00pm-10:59pm,52,52,0,This section IS NOT on the NHS,1,Rural,5,Major Collector,2,County Highway Agency,4,County Road,CR-BALD HILL RD SE,,32,32,46.90020556,46.90020556,-122.542072220,-122.542072220,0,No Special Jurisdiction,12,Motor Vehicle In-Transport,2,Front-to-Front,0,No,1,Non-Junction,1,Not an Intersection,0,None,,,1,On Roadway,2,Dark - Not Lighted,,,,,1,Clear,0,No,0000000,Not Applicable,99,Unknown,98,Unknown if Notified,99,Unknown EMS Scene Arrival Hour,98,Unknown if Arrived,88,"Not Applicable (Not Transported) ",88,Not Applicable (Not Transported),,,,,,,2,0
2020,53,530421,Washington,2,2,0,0,0,3,3,5,BENTON (5),1020,KENNEWICK,4,4,10,October,2020,1,Sunday,1,1:00am-1:59am,2,2,1,This section IS ON the NHS,2,Urban,3,Principal Arterial - Other,4,City or Municipal Highway Agency,6,Local Street - Municipality,W CLEARWATER AVE,N MORAIN ST,0,None,46.21235000,46.21235000,-119.169386110,-119.169386110,0,No Special Jurisdiction,5,Fell/Jumped from Vehicle,0,The First Harmful Event was Not a Collision with a Motor Vehicle in Transport,0,No,2,Intersection,2,Four-Way Intersection,0,None,,,1,On Roadway,3,Dark - Lighted,,,,,1,Clear,0,No,0000000,Not Applicable,1,1:00am-1:59am,2,2,1,1:00am-1:59am,9,9,88,"Not Applicable (Not Transported) ",88,Not Applicable (Not Transported),,,,,,,1,0
2020,53,530422,Washington,2,2,0,1,1,2,2,33,KING (33),1960,SEATTLE,17,17,10,October,2020,7,Saturday,21,9:00pm-9:59pm,36,36,1,This section IS ON the NHS,2,Urban,1,Interstate,1,State Highway Agency,1,Interstate,I-5,,1646,1646,47.59528056,47.59528056,-122.320591670,-122.320591670,0,No Special Jurisdiction,8,Pedestrian,0,The First Harmful Event was Not a Collision with a Motor Vehicle in Transport,0,No,1,Non-Junction,1,Not an Intersection,0,None,,,1,On Roadway,3,Dark - Lighted,,,,,1,Clear,0,No,0000000,Not Applicable,99,Unknown,98,Unknown if Notified,99,Unknown EMS Scene Arrival Hour,98,Unknown if Arrived,88,"Not Applicable (Not Transported) ",88,Not Applicable (Not Transported),,,,,,,1,0
2020,53,530423,Washington,3,3,0,0,0,6,6,63,SPOKANE (63),2110,SPOKANE,30,30,10,October,2020,6,Friday,13,1:00pm-1:59pm,1,1,1,This section IS ON the NHS,2,Urban,1,Interstate,1,State Highway Agency,1,Interstate,I-90,,2809,2809,47.65403333,47.65403333,-117.370680560,-117.370680560,0,No Special Jurisdiction,12,Motor Vehicle In-Transport,7,Sideswipe - Same Direction,0,No,1,Non-Junction,1,Not an Intersection,0,None,,,1,On Roadway,1,Daylight,,,,,1,Clear,0,No,0000000,Not Applicable,99,Unknown,99,Unknown,99,Unknown EMS Scene Arrival Hour,99,Unknown EMS Scene Arrival Minutes,99,Unknown,99,Unknown EMS Hospital Arrival Time,,,,,,,1,0
2020,53,530424,Washington,1,1,0,1,1,2,2,77,YAKIMA (77),0,NOT APPLICABLE,31,31,10,October,2020,7,Saturday,22,10:00pm-10:59pm,4,4,0,This section IS NOT on the NHS,1,Rural,5,Major Collector,2,County Highway Agency,4,County Road,CR-FORT ROAD,BECKER RD,14,14,46.37525278,46.37525278,-120.356991670,-120.356991670,3,Indian Reservation,8,Pedestrian,0,The First Harmful Event was Not a Collision with a Motor Vehicle in Transport,0,No,3,Intersection-Related,2,Four-Way Intersection,0,None,,,1,On Roadway,2,Dark - Not Lighted,,,,,1,Clear,0,No,0000000,Not Applicable,99,Unknown,99,Unknown,99,Unknown EMS Scene Arrival Hour,99,Unknown EMS Scene Arrival Minutes,99,Unknown,99,Unknown EMS Hospital Arrival Time,,,,,,,1,0
2020,53,530425,Washington,1,1,0,1,1,1,1,61,SNOHOMISH (61),690,EVERETT,31,31,10,October,2020,7,Saturday,18,6:00pm-6:59pm,25,25,0,This section IS NOT on the NHS,2,Urban,3,Principal Arterial - Other,1,State Highway Agency,3,State Highway,SR-529,RAINER AVE,7,7,47.98185278,47.98185278,-122.198625000,-122.198625000,0,No Special Jurisdiction,15,Non-Motorist on Personal Conveyance,0,The First Harmful Event was Not a Collision with a Motor Vehicle in Transport,0,No,3,Intersection-Related,2,Four-Way Intersection,0,None,,,1,On Roadway,3,Dark - Lighted,,,,,1,Clear,0,No,0000000,Not Applicable,99,Unknown,99,Unknown,99,Unknown EMS Scene Arrival Hour,99,Unknown EMS Scene Arrival Minutes,88,"Not Applicable (Not Transported) ",88,Not Applicable (Not Transported),,,,,,,1,0
2020,53,530426,Washington,2,2,0,0,0,2,2,77,YAKIMA (77),0,NOT APPLICABLE,30,30,10,October,2020,6,Friday,15,3:00pm-3:59pm,43,43,1,This section IS ON the NHS,1,Rural,3,Principal Arterial - Other,1,State Highway Agency,2,U.S. Highway,US-97,,541,541,46.28361389,46.28361389,-120.364777780,-120.364777780,3,Indian Reservation,12,Motor Vehicle In-Transport,2,Front-to-Front,0,No,1,Non-Junction,1,Not an Intersection,0,None,,,1,On Roadway,1,Daylight,,,,,1,Clear,0,No,0000000,Not Applicable,15,3:00pm-3:59pm,56,56,16,4:00pm-4:59pm,41,41,17,5:00pm-5:59pm,5,5,,,,,,,1,0
2020,53,530427,Washington,3,1,2,0,0,1,1,53,PIERCE (53),2230,TACOMA,3,3,11,November,2020,3,Tuesday,0,0:00am-0:59am,13,13,0,This section IS NOT on the NHS,2,Urban,5,Major Collector,4,City or Municipal Highway Agency,6,Local Street - Municipality,S SHERIDAN AVE,,0,None,47.18670833,47.18670833,-122.452538890,-122.452538890,0,No Special Jurisdiction,14,Parked Motor Vehicle,0,The First Harmful Event was Not a Collision with a Motor Vehicle in Transport,0,No,1,Non-Junction,1,Not an Intersection,1,Construction,,,2,On Shoulder,3,Dark - Lighted,,,,,1,Clear,0,No,0000000,Not Applicable,99,Unknown,98,Unknown if Notified,99,Unknown EMS Scene Arrival Hour,98,Unknown if Arrived,88,"Not Applicable (Not Transported) ",88,Not Applicable (Not Transported),,,,,,,1,0
2020,53,530428,Washington,1,1,0,0,0,1,1,61,SNOHOMISH (61),0,NOT APPLICABLE,25,25,9,September,2020,6,Friday,19,7:00pm-7:59pm,51,51,0,This section IS NOT on the NHS,1,Rural,5,Major Collector,2,County Highway Agency,4,County Road,CR-311TH AVE SE,,85,85,47.85246944,47.85246944,-121.814708330,-121.814708330,0,No Special Jurisdiction,42,Tree (Standing Only),0,The First Harmful Event was Not a Collision with a Motor Vehicle in Transport,0,No,1,Non-Junction,1,Not an Intersection,0,None,,,4,On Roadside,2,Dark - Not Lighted,,,,,2,Rain,0,No,0000000,Not Applicable,19,7:00pm-7:59pm,54,54,20,8:00pm-8:59pm,5,5,20,8:00pm-8:59pm,55,55,,,,,,,1,0
2020,53,530429,Washington,1,1,0,0,0,2,2,33,KING (33),0,NOT APPLICABLE,26,26,10,October,2020,2,Monday,13,1:00pm-1:59pm,13,13,0,This section IS NOT on the NHS,1,Rural,3,Principal Arterial - Other,2,County Highway Agency,4,County Road,CR-78TH AVE S,,2,2,47.36640556,47.36640556,-122.237250000,-122.237250000,0,No Special Jurisdiction,42,Tree (Standing Only),0,The First Harmful Event was Not a Collision with a Motor Vehicle in Transport,0,No,1,Non-Junction,1,Not an Intersection,0,None,,,4,On Roadside,1,Daylight,,,,,10,Cloudy,0,No,0000000,Not Applicable,13,1:00pm-1:59pm,26,26,13,1:00pm-1:59pm,34,34,14,2:00pm-2:59pm,23,23,,,,,,,1,0
2020,53,530430,Washington,1,1,0,0,0,4,4,33,KING (33),670,ENUMCLAW,31,31,10,October,2020,7,Saturday,0,0:00am-0:59am,15,15,0,This section IS NOT on the NHS,2,Urban,4,Minor Arterial,4,City or Municipal Highway Agency,6,Local Street - Municipality,ROOSEVELT AVE,,0,None,47.19922778,47.19922778,-121.992588890,-121.992588890,0,No Special Jurisdiction,30,Utility Pole/Light Support,0,The First Harmful Event was Not a Collision with a Motor Vehicle in Transport,0,No,1,Non-Junction,1,Not an Intersection,0,None,,,4,On Roadside,3,Dark - Lighted,,,,,1,Clear,0,No,0000000,Not Applicable,0,0:00am-0:59am,41,41,1,1:00am-1:59am,4,4,1,1:00am-1:59am,48,48,,,,,,,1,1
2020,53,530431,Washington,2,2,0,0,0,3,3,41,LEWIS (41),0,NOT APPLICABLE,26,26,10,October,2020,2,Monday,6,6:00am-6:59am,35,35,1,This section IS ON the NHS,1,Rural,2,Principal Arterial - Other Freeways and Expressways,1,State Highway Agency,2,U.S. Highway,US-12,,919,919,46.53411389,46.53411389,-122.382263890,-122.382263890,0,No Special Jurisdiction,24,Guardrail Face,0,The First Harmful Event was Not a Collision with a Motor Vehicle in Transport,0,No,1,Non-Junction,1,Not an Intersection,0,None,,,4,On Roadside,2,Dark - Not Lighted,,,,,1,Clear,0,No,0000000,Not Applicable,6,6:00am-6:59am,41,41,7,7:00am-7:59am,13,13,7,7:00am-7:59am,43,43,,,,,,,1,0
2020,53,530432,Washington,2,2,0,0,0,3,3,33,KING (33),0,NOT APPLICABLE,4,4,11,November,2020,4,Wednesday,23,11:00pm-11:59pm,22,22,1,This section IS ON the NHS,2,Urban,3,Principal Arterial - Other,1,State Highway Agency,3,State Highway,SR-509,,327,327,47.50373056,47.50373056,-122.324705560,-122.324705560,0,No Special Jurisdiction,12,Motor Vehicle In-Transport,2,Front-to-Front,0,No,1,Non-Junction,1,Not an Intersection,0,None,,,1,On Roadway,2,Dark - Not Lighted,,,,,10,Cloudy,0,No,0000000,Not Applicable,23,11:00pm-11:59pm,36,36,23,11:00pm-11:59pm,46,46,0,0:00am-0:59am,16,16,,,,,,,1,1
2020,53,530434,Washington,2,2,0,0,0,4,4,11,CLARK (11),240,CAMAS,5,5,11,November,2020,5,Thursday,11,11:00am-11:59am,35,35,0,This section IS NOT on the NHS,2,Urban,4,Minor Arterial,4,City or Municipal Highway Agency,6,Local Street - Municipality,NW LAKE RD,,0,None,45.60754444,45.60754444,-122.416702780,-122.416702780,0,No Special Jurisdiction,12,Motor Vehicle In-Transport,2,Front-to-Front,0,No,1,Non-Junction,1,Not an Intersection,0,None,,,1,On Roadway,1,Daylight,,,,,2,Rain,0,No,0000000,Not Applicable,99,Unknown,99,Unknown,99,Unknown EMS Scene Arrival Hour,99,Unknown EMS Scene Arrival Minutes,99,Unknown,99,Unknown EMS Hospital Arrival Time,,,,,,,1,0
2020,53,530435,Washington,1,1,0,0,0,2,2,61,SNOHOMISH (61),0,NOT APPLICABLE,7,7,11,November,2020,7,Saturday,3,3:00am-3:59am,9,9,0,This section IS NOT on the NHS,1,Rural,6,Minor Collector,1,State Highway Agency,8,Other,20TH ST SE,,7,7,47.97798889,47.97798889,-122.149405560,-122.149405560,0,No Special Jurisdiction,43,Other Fixed Object,0,The First Harmful Event was Not a Collision with a Motor Vehicle in Transport,0,No,1,Non-Junction,1,Not an Intersection,0,None,,,4,On Roadside,2,Dark - Not Lighted,,,,,1,Clear,0,No,0000000,Not Applicable,99,Unknown,98,Unknown if Notified,99,Unknown EMS Scene Arrival Hour,98,Unknown if Arrived,88,"Not Applicable (Not Transported) ",88,Not Applicable (Not Transported),,,,,,,2,1
2020,53,530436,Washington,2,2,0,0,0,2,2,67,THURSTON (67),0,NOT APPLICABLE,30,30,10,October,2020,6,Friday,10,10:00am-10:59am,24,24,1,This section IS ON the NHS,1,Rural,1,Interstate,1,State Highway Agency,1,Interstate,I-5,,952,952,46.89611111,46.89611111,-122.960866670,-122.960866670,0,No Special Jurisdiction,1,Rollover/Overturn,0,The First Harmful Event was Not a Collision with a Motor Vehicle in Transport,1,Yes,5,Entrance/Exit Ramp Related,1,Not an Intersection,0,None,,,1,On Roadway,1,Daylight,,,,,2,Rain,0,No,0000000,Not Applicable,99,Unknown,98,Unknown if Notified,99,Unknown EMS Scene Arrival Hour,98,Unknown if Arrived,88,"Not Applicable (Not Transported) ",88,Not Applicable (Not Transported),,,,,,,1,0
2020,53,530437,Washington,3,3,0,0,0,5,5,5,BENTON (5),0,NOT APPLICABLE,4,4,11,November,2020,4,Wednesday,6,6:00am-6:59am,33,33,0,This section IS NOT on the NHS,1,Rural,4,Minor Arterial,1,State Highway Agency,3,State Highway,SR-24,N COLD CREEK RD,354,354,46.56930278,46.56930278,-119.791080560,-119.791080560,0,No Special Jurisdiction,12,Motor Vehicle In-Transport,1,Front-to-Rear,0,No,3,Intersection-Related,3,T-Intersection,0,None,,,1,On Roadway,4,Dawn,,,,,1,Clear,0,No,0000000,Not Applicable,99,Unknown,98,Unknown if Notified,99,Unknown EMS Scene Arrival Hour,98,Unknown if Arrived,88,"Not Applicable (Not Transported) ",88,Not Applicable (Not Transported),,,,,,,2,0
2020,53,530438,Washington,1,1,0,1,1,1,1,33,KING (33),2310,TUKWILA,6,6,11,November,2020,6,Friday,5,5:00am-5:59am,55,55,0,This section IS NOT on the NHS,2,Urban,4,Minor Arterial,4,City or Municipal Highway Agency,6,Local Street - Municipality,SOUTHCENTER BLVD,,0,None,47.46408889,47.46408889,-122.260861110,-122.260861110,0,No Special Jurisdiction,8,Pedestrian,0,The First Harmful Event was Not a Collision with a Motor Vehicle in Transport,0,No,1,Non-Junction,1,Not an Intersection,0,None,,,1,On Roadway,3,Dark - Lighted,,,,,1,Clear,0,No,0000000,Not Applicable,99,Unknown,99,Unknown,99,Unknown EMS Scene Arrival Hour,99,Unknown EMS Scene Arrival Minutes,99,Unknown,99,Unknown EMS Hospital Arrival Time,,,,,,,1,0
2020,53,530439,Washington,1,1,0,0,0,1,1,33,KING (33),0,NOT APPLICABLE,8,8,11,November,2020,1,Sunday,21,9:00pm-9:59pm,9,9,0,This section IS NOT on the NHS,2,Urban,5,Major Collector,2,County Highway Agency,4,County Road,CR-MILITARY RD S,,17,17,47.27873889,47.27873889,-122.275372220,-122.275372220,0,No Special Jurisdiction,59,"Traffic Sign Support ",0,The First Harmful Event was Not a Collision with a Motor Vehicle in Transport,0,No,1,Non-Junction,1,Not an Intersection,0,None,,,4,On Roadside,3,Dark - Lighted,,,,,1,Clear,0,No,0000000,Not Applicable,99,Unknown,98,Unknown if Notified,99,Unknown EMS Scene Arrival Hour,98,Unknown if Arrived,88,"Not Applicable (Not Transported) ",88,Not Applicable (Not Transported),,,,,,,1,1
2020,53,530440,Washington,2,2,0,0,0,3,3,21,FRANKLIN (21),1660,PASCO,7,7,11,November,2020,7,Saturday,1,1:00am-1:59am,56,56,1,This section IS ON the NHS,2,Urban,1,Interstate,1,State Highway Agency,1,Interstate,I-182,,132,132,46.24846667,46.24846667,-119.106238890,-119.106238890,0,No Special Jurisdiction,12,Motor Vehicle In-Transport,2,Front-to-Front,0,No,1,Non-Junction,1,Not an Intersection,0,None,,,1,On Roadway,3,Dark - Lighted,,,,,1,Clear,0,No,0000000,Not Applicable,1,1:00am-1:59am,56,56,2,2:00am-2:59am,2,2,2,2:00am-2:59am,30,30,,,,,,,1,1
2020,53,530441,Washington,2,2,0,1,1,2,2,33,KING (33),735,FEDERAL WAY,8,8,11,November,2020,1,Sunday,17,5:00pm-5:59pm,26,26,1,This section IS ON the NHS,2,Urban,3,Principal Arterial - Other,1,State Highway Agency,3,State Highway,SR-99,,68,68,47.32298333,47.32298333,-122.313263890,-122.313263890,0,No Special Jurisdiction,8,Pedestrian,0,The First Harmful Event was Not a Collision with a Motor Vehicle in Transport,0,No,1,Non-Junction,1,Not an Intersection,0,None,,,1,On Roadway,3,Dark - Lighted,,,,,1,Clear,0,No,0000000,Not Applicable,17,5:00pm-5:59pm,29,29,17,5:00pm-5:59pm,33,33,88,"Not Applicable (Not Transported) ",88,Not Applicable (Not Transported),,,,,,,1,0
2020,53,530442,Washington,2,2,0,1,1,1,1,57,SKAGIT (57),0,NOT APPLICABLE,12,12,11,November,2020,5,Thursday,17,5:00pm-5:59pm,25,25,1,This section IS ON the NHS,1,Rural,1,Interstate,1,State Highway Agency,1,Interstate,I-5,,2215,2215,48.34710556,48.34710556,-122.336280560,-122.336280560,0,No Special Jurisdiction,12,Motor Vehicle In-Transport,1,Front-to-Rear,0,No,1,Non-Junction,1,Not an Intersection,0,None,,,1,On Roadway,2,Dark - Not Lighted,,,,,10,Cloudy,0,No,0000000,Not Applicable,17,5:00pm-5:59pm,23,23,17,5:00pm-5:59pm,44,44,18,6:00pm-6:59pm,6,6,,,,,,,1,1
2020,53,530443,Washington,2,2,0,0,0,2,2,77,YAKIMA (77),1440,NACHES,12,12,11,November,2020,5,Thursday,14,2:00pm-2:59pm,41,41,0,This section IS NOT on the NHS,2,Urban,5,Major Collector,4,City or Municipal Highway Agency,6,Local Street - Municipality,E 2ND ST,SINCLAIR AVE,0,None,46.73094167,46.73094167,-120.697691670,-120.697691670,0,No Special Jurisdiction,12,Motor Vehicle In-Transport,6,Angle,0,No,2,Intersection,2,Four-Way Intersection,0,None,,,1,On Roadway,1,Daylight,,,,,1,Clear,0,No,0000000,Not Applicable,14,2:00pm-2:59pm,42,42,14,2:00pm-2:59pm,58,58,15,3:00pm-3:59pm,22,22,,,,,,,1,0
2020,53,530444,Washington,1,1,0,1,1,1,1,35,KITSAP (35),0,NOT APPLICABLE,10,10,11,November,2020,3,Tuesday,17,5:00pm-5:59pm,1,1,0,This section IS NOT on the NHS,1,Rural,5,Major Collector,2,County Highway Agency,4,County Road,CR-SUQUAMISH WAY NE,,12,12,47.72831111,47.72831111,-122.560680560,-122.560680560,3,Indian Reservation,8,Pedestrian,0,The First Harmful Event was Not a Collision with a Motor Vehicle in Transport,0,No,1,Non-Junction,1,Not an Intersection,0,None,,,2,On Shoulder,3,Dark - Lighted,,,,,2,Rain,0,No,0000000,Not Applicable,99,Unknown,98,Unknown if Notified,99,Unknown EMS Scene Arrival Hour,98,Unknown if Arrived,88,"Not Applicable (Not Transported) ",88,Not Applicable (Not Transported),,,,,,,1,0
2020,53,530445,Washington,1,1,0,1,1,1,1,33,KING (33),0,NOT APPLICABLE,14,14,11,November,2020,7,Saturday,9,9:00am-9:59am,18,18,0,This section IS NOT on the NHS,1,Rural,5,Major Collector,2,County Highway Agency,4,County Road,CR-SW BANK RD,100TH AVE SW,6,6,47.44743056,47.44743056,-122.461819440,-122.461819440,0,No Special Jurisdiction,8,Pedestrian,0,The First Harmful Event was Not a Collision with a Motor Vehicle in Transport,0,No,3,Intersection-Related,2,Four-Way Intersection,0,None,,,1,On Roadway,1,Daylight,,,,,10,Cloudy,0,No,0000000,Not Applicable,9,9:00am-9:59am,26,26,9,9:00am-9:59am,42,42,10,10:00am-10:59am,5,5,,,,,,,1,0
2020,53,530446,Washington,2,2,0,0,0,2,2,65,STEVENS (65),0,NOT APPLICABLE,18,18,11,November,2020,4,Wednesday,7,7:00am-7:59am,18,18,1,This section IS ON the NHS,1,Rural,2,Principal Arterial - Other Freeways and Expressways,1,State Highway Agency,2,U.S. Highway,US-395,,1998,1998,48.12080000,48.12080000,-117.649122220,-117.649122220,0,No Special Jurisdiction,12,Motor Vehicle In-Transport,6,Angle,0,No,1,Non-Junction,1,Not an Intersection,0,None,,,1,On Roadway,4,Dawn,,,,,1,Clear,0,No,0000000,Not Applicable,99,Unknown,99,Unknown,99,Unknown EMS Scene Arrival Hour,99,Unknown EMS Scene Arrival Minutes,99,Unknown,99,Unknown EMS Hospital Arrival Time,,,,,,,1,0
2020,53,530447,Washington,1,1,0,0,0,4,4,61,SNOHOMISH (61),690,EVERETT,18,18,11,November,2020,4,Wednesday,10,10:00am-10:59am,7,7,1,This section IS ON the NHS,2,Urban,1,Interstate,1,State Highway Agency,1,Interstate,I-5 RAMP,,1,1,47.92290556,47.92290556,-122.225425000,-122.225425000,0,No Special Jurisdiction,20,Impact Attenuator/Crash Cushion,0,The First Harmful Event was Not a Collision with a Motor Vehicle in Transport,0,No,5,Entrance/Exit Ramp Related,1,Not an Intersection,0,None,,,8,Gore,1,Daylight,,,,,2,Rain,0,No,0000000,Not Applicable,10,10:00am-10:59am,10,10,10,10:00am-10:59am,12,12,10,10:00am-10:59am,39,39,,,,,,,1,0
2020,53,530448,Washington,1,1,0,1,1,1,1,33,KING (33),1960,SEATTLE,31,31,10,October,2020,7,Saturday,19,7:00pm-7:59pm,45,45,1,This section IS ON the NHS,2,Urban,3,Principal Arterial - Other,4,City or Municipal Highway Agency,6,Local Street - Municipality,RAINIER AVE S,S ALASKA ST,0,None,47.56079167,47.56079167,-122.287077780,-122.287077780,0,No Special Jurisdiction,8,Pedestrian,0,The First Harmful Event was Not a Collision with a Motor Vehicle in Transport,0,No,3,Intersection-Related,2,Four-Way Intersection,0,None,,,1,On Roadway,3,Dark - Lighted,,,,,1,Clear,0,No,0000000,Not Applicable,19,7:00pm-7:59pm,46,46,19,7:00pm-7:59pm,51,51,20,8:00pm-8:59pm,22,22,,,,,,,1,0
2020,53,530449,Washington,1,1,0,1,1,1,1,63,SPOKANE (63),2110,SPOKANE,19,19,11,November,2020,5,Thursday,20,8:00pm-8:59pm,0,0,1,This section IS ON the NHS,2,Urban,3,Principal Arterial - Other,4,City or Municipal Highway Agency,6,Local Street - Municipality,W WELLESLEY AVE,N BELT ST,0,None,47.70075556,47.70075556,-117.443230560,-117.443230560,0,No Special Jurisdiction,8,Pedestrian,0,The First Harmful Event was Not a Collision with a Motor Vehicle in Transport,0,No,3,Intersection-Related,2,Four-Way Intersection,0,None,,,1,On Roadway,2,Dark - Not Lighted,,,,,1,Clear,0,No,0000000,Not Applicable,99,Unknown,99,Unknown,99,Unknown EMS Scene Arrival Hour,99,Unknown EMS Scene Arrival Minutes,99,Unknown,99,Unknown EMS Hospital Arrival Time,,,,,,,1,0
2020,53,530450,Washington,1,1,0,1,1,1,1,33,KING (33),1960,SEATTLE,4,4,11,November,2020,4,Wednesday,17,5:00pm-5:59pm,49,49,1,This section IS ON the NHS,2,Urban,3,Principal Arterial - Other,1,State Highway Agency,3,State Highway,SR-099,N 137TH ST,337,337,47.72873056,47.72873056,-122.345055560,-122.345055560,0,No Special Jurisdiction,8,Pedestrian,0,The First Harmful Event was Not a Collision with a Motor Vehicle in Transport,0,No,3,Intersection-Related,2,Four-Way Intersection,0,None,,,1,On Roadway,3,Dark - Lighted,,,,,2,Rain,0,No,0000000,Not Applicable,17,5:00pm-5:59pm,50,50,17,5:00pm-5:59pm,58,58,88,"Not Applicable (Not Transported) ",88,Not Applicable (Not Transported),,,,,,,1,0
2020,53,530451,Washington,2,2,0,0,0,4,4,33,KING (33),0,NOT APPLICABLE,18,18,11,November,2020,4,Wednesday,4,4:00am-4:59am,25,25,1,This section IS ON the NHS,2,Urban,3,Principal Arterial - Other,1,State Highway Agency,3,State Highway,SR-18,,109,109,47.34841667,47.34841667,-122.137708330,-122.137708330,0,No Special Jurisdiction,12,Motor Vehicle In-Transport,1,Front-to-Rear,0,No,1,Non-Junction,1,Not an Intersection,0,None,,,1,On Roadway,3,Dark - Lighted,,,,,2,Rain,0,No,0000000,Not Applicable,4,4:00am-4:59am,54,54,5,5:00am-5:59am,7,7,99,Unknown,99,Unknown EMS Hospital Arrival Time,,,,,,,1,0
2020,53,530452,Washington,2,2,0,0,0,3,3,11,CLARK (11),0,NOT APPLICABLE,14,14,11,November,2020,7,Saturday,20,8:00pm-8:59pm,55,55,0,This section IS NOT on the NHS,2,Urban,5,Major Collector,2,County Highway Agency,4,County Road,CR-NE 72ND AVE,NE 139TH ST,43,43,45.72230556,45.72230556,-122.599422220,-122.599422220,0,No Special Jurisdiction,12,Motor Vehicle In-Transport,6,Angle,0,No,2,Intersection,2,Four-Way Intersection,0,None,,,1,On Roadway,2,Dark - Not Lighted,,,,,2,Rain,0,No,0000000,Not Applicable,99,Unknown,99,Unknown,99,Unknown EMS Scene Arrival Hour,99,Unknown EMS Scene Arrival Minutes,99,Unknown,99,Unknown EMS Hospital Arrival Time,,,,,,,1,0
2020,53,530453,Washington,2,2,0,0,0,3,3,29,ISLAND (29),1550,OAK HARBOR,12,12,11,November,2020,5,Thursday,17,5:00pm-5:59pm,15,15,0,This section IS NOT on the NHS,2,Urban,4,Minor Arterial,4,City or Municipal Highway Agency,6,Local Street - Municipality,SE REGATTA DR,SE 8th Ave,0,None,48.29200278,48.29200278,-122.635822220,-122.635822220,0,No Special Jurisdiction,12,Motor Vehicle In-Transport,6,Angle,0,No,2,Intersection,3,T-Intersection,0,None,,,1,On Roadway,2,Dark - Not Lighted,,,,,1,Clear,0,No,0000000,Not Applicable,17,5:00pm-5:59pm,30,30,17,5:00pm-5:59pm,35,35,88,"Not Applicable (Not Transported) ",88,Not Applicable (Not Transported),,,,,,,1,0
2020,53,530454,Washington,3,3,0,0,0,7,7,9,CLALLAM (9),0,NOT APPLICABLE,13,13,11,November,2020,6,Friday,15,3:00pm-3:59pm,8,8,1,This section IS ON the NHS,2,Urban,3,Principal Arterial - Other,1,State Highway Agency,2,U.S. Highway,US-101,CARLSBORG RD,2605,2605,48.07963333,48.07963333,-123.172966670,-123.172966670,0,No Special Jurisdiction,12,Motor Vehicle In-Transport,6,Angle,0,No,2,Intersection,2,Four-Way Intersection,0,None,,,1,On Roadway,1,Daylight,,,,,10,Cloudy,0,No,0000000,Not Applicable,15,3:00pm-3:59pm,11,11,15,3:00pm-3:59pm,14,14,15,3:00pm-3:59pm,39,39,,,,,,,1,0
2020,53,530455,Washington,2,2,0,0,0,3,3,53,PIERCE (53),2230,TACOMA,21,21,11,November,2020,7,Saturday,14,2:00pm-2:59pm,28,28,1,This section IS ON the NHS,2,Urban,3,Principal Arterial - Other,1,State Highway Agency,3,State Highway,SR-509,,52,52,47.27021667,47.27021667,-122.370908330,-122.370908330,3,Indian Reservation,12,Motor Vehicle In-Transport,6,Angle,0,No,1,Non-Junction,1,Not an Intersection,0,None,,,1,On Roadway,1,Daylight,,,,,10,Cloudy,0,No,0000000,Not Applicable,14,2:00pm-2:59pm,46,46,14,2:00pm-2:59pm,57,57,15,3:00pm-3:59pm,18,18,,,,,,,1,0
2020,53,530456,Washington,2,2,0,0,0,2,2,77,YAKIMA (77),0,NOT APPLICABLE,18,18,11,November,2020,4,Wednesday,20,8:00pm-8:59pm,49,49,0,This section IS NOT on the NHS,1,Rural,4,Minor Arterial,1,State Highway Agency,2,U.S. Highway,US-97,,668,668,46.42602500,46.42602500,-120.408330560,-120.408330560,3,Indian Reservation,12,Motor Vehicle In-Transport,1,Front-to-Rear,0,No,1,Non-Junction,1,Not an Intersection,0,None,,,1,On Roadway,2,Dark - Not Lighted,,,,,1,Clear,0,No,0000000,Not Applicable,20,8:00pm-8:59pm,54,54,21,9:00pm-9:59pm,15,15,22,10:00pm-10:59pm,2,2,,,,,,,1,2