caseyear,state,st_case,statename,ve_total,ve_forms,pvh_invl,peds,pernotmvit,permvit,persons,county,countyname,city,cityname,day,dayname,month,monthname,year,day_week,day_weekname,hour,hourname,minute,minutename,nhs,nhsname,rur_urb,rur_urbname,func_sys,func_sysname,rd_owner,rd_ownername,route,routename,tway_id,tway_id2,milept,mileptname,latitude,latitudename,longitud,longitudname,sp_jur,sp_jurname,harm_ev,harm_evname,man_coll,man_collname,reljct1,reljct1name,reljct2,reljct2name,typ_int,typ_intname,wrk_zone,wrk_zonename,road_fnc,road_fncname,rel_road,rel_roadname,lgt_cond,lgt_condname,weather1,weather1name,weather2,weather2name,weather,weathername,sch_bus,sch_busname,rail,railname,not_hour,not_hourname,not_min,not_minname,arr_hour,arr_hourname,arr_min,arr_minname,hosp_hr,hosp_hrname,hosp_mn,hosp_mnname,cf1,cf1name,cf2,cf2name,cf3,cf3name,fatals,drunk_dr
2020,53,530457,Washington,1,1,0,0,0,1,1,11,CLARK (11),2370,VANCOUVER,13,13,11,November,2020,6,Friday,15,3:00pm-3:59pm,37,37,1,This section IS ON the NHS,2,Urban,1,Interstate,1,State Highway Agency,1,Interstate,I-205,,53,53,45.66898056,45.66898056,-122.580650000,-122.580650000,0,No Special Jurisdiction,42,Tree (Standing Only),0,The First Harmful Event was Not a Collision with a Motor Vehicle in Transport,0,No,1,Non-Junction,1,Not an Intersection,0,None,,,4,On Roadside,1,Daylight,,,,,10,Cloudy,0,No,0000000,Not Applicable,99,Unknown,99,Unknown,99,Unknown EMS Scene Arrival Hour,99,Unknown EMS Scene Arrival Minutes,99,Unknown,99,Unknown EMS Hospital Arrival Time,,,,,,,1,0
2020,53,530458,Washington,1,1,0,0,0,1,1,33,KING (33),2310,TUKWILA,22,22,11,November,2020,1,Sunday,22,10:00pm-10:59pm,46,46,0,This section IS NOT on the NHS,2,Urban,7,Local,4,City or Municipal Highway Agency,6,Local Street - Municipality,48TH AVE S,,0,None,47.48848056,47.48848056,-122.266502780,-122.266502780,0,No Special Jurisdiction,43,Other Fixed Object,0,The First Harmful Event was Not a Collision with a Motor Vehicle in Transport,0,No,1,Non-Junction,1,Not an Intersection,0,None,,,4,On Roadside,3,Dark - Lighted,,,,,2,Rain,0,No,0000000,Not Applicable,99,Unknown,98,Unknown if Notified,99,Unknown EMS Scene Arrival Hour,98,Unknown if Arrived,88,"Not Applicable (Not Transported) ",88,Not Applicable (Not Transported),,,,,,,1,1
2020,53,530459,Washington,1,1,0,1,1,2,2,73,WHATCOM (73),0,NOT APPLICABLE,19,19,11,November,2020,5,Thursday,20,8:00pm-8:59pm,10,10,0,This section IS NOT on the NHS,1,Rural,5,Major Collector,2,County Highway Agency,4,County Road,CR-BIRCH BAY LYNDEN RD,PERCIE RD,32,32,48.93554444,48.93554444,-122.676916670,-122.676916670,0,No Special Jurisdiction,8,Pedestrian,0,The First Harmful Event was Not a Collision with a Motor Vehicle in Transport,0,No,3,Intersection-Related,3,T-Intersection,0,None,,,1,On Roadway,2,Dark - Not Lighted,,,,,1,Clear,0,No,0000000,Not Applicable,20,8:00pm-8:59pm,13,13,20,8:00pm-8:59pm,16,16,88,"Not Applicable (Not Transported) ",88,Not Applicable (Not Transported),,,,,,,1,0
2020,53,530460,Washington,4,4,0,0,0,4,4,7,CHELAN (7),0,NOT APPLICABLE,21,21,11,November,2020,7,Saturday,6,6:00am-6:59am,41,41,0,This section IS NOT on the NHS,2,Urban,5,Major Collector,2,County Highway Agency,4,County Road,CR-MALAGA ALCOA HWY,APPLEYARD DR,6,6,47.38986389,47.38986389,-120.289983330,-120.289983330,0,No Special Jurisdiction,12,Motor Vehicle In-Transport,8,Sideswipe - Opposite Direction,0,No,2,Intersection,3,T-Intersection,0,None,,,1,On Roadway,4,Dawn,,,,,10,Cloudy,0,No,0000000,Not Applicable,99,Unknown,98,Unknown if Notified,99,Unknown EMS Scene Arrival Hour,98,Unknown if Arrived,99,Unknown,98,Unknown if Transported,,,,,,,1,0
2020,53,530461,Washington,2,2,0,0,0,2,2,53,PIERCE (53),1770,PUYALLUP,23,23,7,July,2020,5,Thursday,10,10:00am-10:59am,41,41,0,This section IS NOT on the NHS,2,Urban,5,Major Collector,4,City or Municipal Highway Agency,6,Local Street - Municipality,5TH ST NE,5th Ave NE,0,None,47.19549167,47.19549167,-122.287680560,-122.287680560,0,No Special Jurisdiction,12,Motor Vehicle In-Transport,6,Angle,0,No,2,Intersection,3,T-Intersection,0,None,,,1,On Roadway,1,Daylight,,,,,1,Clear,0,No,0000000,Not Applicable,99,Unknown,99,Unknown,99,Unknown EMS Scene Arrival Hour,99,Unknown EMS Scene Arrival Minutes,99,Unknown,99,Unknown EMS Hospital Arrival Time,,,,,,,1,0
2020,53,530462,Washington,1,1,0,0,0,1,1,19,FERRY (19),0,NOT APPLICABLE,6,6,10,October,2020,3,Tuesday,19,7:00pm-7:59pm,0,0,0,This section IS NOT on the NHS,1,Rural,4,Minor Arterial,1,State Highway Agency,3,State Highway,SR-20,,3086,3086,48.59901944,48.59901944,-118.651200000,-118.651200000,0,No Special Jurisdiction,35,Embankment,0,The First Harmful Event was Not a Collision with a Motor Vehicle in Transport,0,No,1,Non-Junction,1,Not an Intersection,0,None,,,4,On Roadside,2,Dark - Not Lighted,,,,,1,Clear,0,No,0000000,Not Applicable,19,7:00pm-7:59pm,0,0,19,7:00pm-7:59pm,19,19,19,7:00pm-7:59pm,43,43,,,,,,,1,1
2020,53,530463,Washington,2,2,0,0,0,2,2,33,KING (33),735,FEDERAL WAY,29,29,10,October,2020,5,Thursday,15,3:00pm-3:59pm,14,14,1,This section IS ON the NHS,2,Urban,3,Principal Arterial - Other,4,City or Municipal Highway Agency,6,Local Street - Municipality,21ST AVE SW,,0,None,47.30009167,47.30009167,-122.360977780,-122.360977780,0,No Special Jurisdiction,1,Rollover/Overturn,0,The First Harmful Event was Not a Collision with a Motor Vehicle in Transport,0,No,8,Driveway Access Related,1,Not an Intersection,0,None,,,1,On Roadway,1,Daylight,,,,,1,Clear,0,No,0000000,Not Applicable,15,3:00pm-3:59pm,15,15,15,3:00pm-3:59pm,24,24,16,4:00pm-4:59pm,13,13,,,,,,,1,0
2020,53,530464,Washington,2,2,0,0,0,3,3,77,YAKIMA (77),2590,YAKIMA,16,16,11,November,2020,2,Monday,16,4:00pm-4:59pm,50,50,0,This section IS NOT on the NHS,2,Urban,4,Minor Arterial,4,City or Municipal Highway Agency,6,Local Street - Municipality,S 64TH AVE,Occidental Rd,0,None,46.56373056,46.56373056,-120.593766670,-120.593766670,0,No Special Jurisdiction,12,Motor Vehicle In-Transport,6,Angle,0,No,2,Intersection,2,Four-Way Intersection,0,None,,,1,On Roadway,3,Dark - Lighted,,,,,1,Clear,0,No,0000000,Not Applicable,16,4:00pm-4:59pm,51,51,17,5:00pm-5:59pm,2,2,17,5:00pm-5:59pm,24,24,,,,,,,1,0
2020,53,530465,Washington,2,1,1,0,0,2,2,17,DOUGLAS (17),200,BRIDGEPORT,14,14,11,November,2020,7,Saturday,18,6:00pm-6:59pm,9,9,0,This section IS NOT on the NHS,1,Rural,5,Major Collector,1,State Highway Agency,3,State Highway,SR-173,17TH ST,8,8,48.00636667,48.00636667,-119.668252780,-119.668252780,0,No Special Jurisdiction,14,Parked Motor Vehicle,0,The First Harmful Event was Not a Collision with a Motor Vehicle in Transport,0,No,3,Intersection-Related,3,T-Intersection,0,None,,,5,Outside Trafficway,2,Dark - Not Lighted,,,,,2,Rain,0,No,0000000,Not Applicable,18,6:00pm-6:59pm,55,55,19,7:00pm-7:59pm,5,5,19,7:00pm-7:59pm,30,30,,,,,,,1,1
2020,53,530466,Washington,2,2,0,0,0,3,3,33,KING (33),0,NOT APPLICABLE,27,27,11,November,2020,6,Friday,17,5:00pm-5:59pm,47,47,0,This section IS NOT on the NHS,2,Urban,3,Principal Arterial - Other,2,County Highway Agency,4,County Road,CR-ISSAQUAH HOBART RD S,,105,105,47.44716667,47.44716667,-121.988630560,-121.988630560,0,No Special Jurisdiction,12,Motor Vehicle In-Transport,6,Angle,0,No,1,Non-Junction,1,Not an Intersection,0,None,,,1,On Roadway,2,Dark - Not Lighted,,,,,1,Clear,0,No,0000000,Not Applicable,17,5:00pm-5:59pm,48,48,17,5:00pm-5:59pm,58,58,18,6:00pm-6:59pm,35,35,,,,,,,1,1
2020,53,530467,Washington,1,1,0,2,2,1,1,77,YAKIMA (77),2590,YAKIMA,20,20,11,November,2020,6,Friday,17,5:00pm-5:59pm,59,59,0,This section IS NOT on the NHS,2,Urban,7,Local,4,City or Municipal Highway Agency,6,Local Street - Municipality,N GORDON RD,,0,None,46.62554167,46.62554167,-120.517019440,-120.517019440,0,No Special Jurisdiction,8,Pedestrian,0,The First Harmful Event was Not a Collision with a Motor Vehicle in Transport,0,No,1,Non-Junction,1,Not an Intersection,0,None,,,2,On Shoulder,2,Dark - Not Lighted,,,,,10,Cloudy,0,No,0000000,Not Applicable,18,6:00pm-6:59pm,2,2,18,6:00pm-6:59pm,6,6,18,6:00pm-6:59pm,25,25,,,,,,,1,1
2020,53,530468,Washington,2,2,0,0,0,3,3,77,YAKIMA (77),0,NOT APPLICABLE,26,26,11,November,2020,5,Thursday,17,5:00pm-5:59pm,15,15,0,This section IS NOT on the NHS,1,Rural,5,Major Collector,2,County Highway Agency,4,County Road,CR-YAKIMA VALLEY HWY,,40,40,46.47682222,46.47682222,-120.392347220,-120.392347220,0,No Special Jurisdiction,12,Motor Vehicle In-Transport,2,Front-to-Front,0,No,1,Non-Junction,1,Not an Intersection,0,None,,,1,On Roadway,2,Dark - Not Lighted,,,,,1,Clear,0,No,0000000,Not Applicable,17,5:00pm-5:59pm,21,21,17,5:00pm-5:59pm,39,39,18,6:00pm-6:59pm,6,6,,,,,,,1,1
2020,53,530469,Washington,2,2,0,0,0,2,2,61,SNOHOMISH (61),0,NOT APPLICABLE,25,25,10,October,2020,1,Sunday,15,3:00pm-3:59pm,8,8,0,This section IS NOT on the NHS,1,Rural,5,Major Collector,2,County Highway Agency,4,County Road,CR-PIONEER HWY E,,1,1,48.18778889,48.18778889,-122.205930560,-122.205930560,0,No Special Jurisdiction,12,Motor Vehicle In-Transport,6,Angle,0,No,8,Driveway Access Related,1,Not an Intersection,0,None,,,1,On Roadway,1,Daylight,,,,,1,Clear,0,No,0000000,Not Applicable,15,3:00pm-3:59pm,11,11,15,3:00pm-3:59pm,18,18,15,3:00pm-3:59pm,41,41,,,,,,,1,1
2020,53,530470,Washington,1,1,0,0,0,3,3,33,KING (33),0,NOT APPLICABLE,19,19,8,August,2020,4,Wednesday,18,6:00pm-6:59pm,2,2,0,This section IS NOT on the NHS,2,Urban,5,Major Collector,2,County Highway Agency,4,County Road,CR-SE 192ND ST,148TH AVE SE,0,None,47.43035278,47.43035278,-122.143966670,-122.143966670,0,No Special Jurisdiction,38,Fence,0,The First Harmful Event was Not a Collision with a Motor Vehicle in Transport,0,No,3,Intersection-Related,3,T-Intersection,0,None,,,4,On Roadside,1,Daylight,,,,,1,Clear,0,No,0000000,Not Applicable,99,Unknown,99,Unknown,99,Unknown EMS Scene Arrival Hour,99,Unknown EMS Scene Arrival Minutes,99,Unknown,99,Unknown EMS Hospital Arrival Time,,,,,,,1,0
2020,53,530471,Washington,1,1,0,1,1,2,2,33,KING (33),109,BELLEVUE,30,30,11,November,2020,2,Monday,17,5:00pm-5:59pm,19,19,0,This section IS NOT on the NHS,2,Urban,4,Minor Arterial,4,City or Municipal Highway Agency,6,Local Street - Municipality,NE 8TH ST,,0,None,47.61697778,47.61697778,-122.126213890,-122.126213890,0,No Special Jurisdiction,8,Pedestrian,0,The First Harmful Event was Not a Collision with a Motor Vehicle in Transport,0,No,1,Non-Junction,1,Not an Intersection,0,None,,,1,On Roadway,5,Dusk,,,,,1,Clear,0,No,0000000,Not Applicable,17,5:00pm-5:59pm,21,21,17,5:00pm-5:59pm,27,27,17,5:00pm-5:59pm,52,52,,,,,,,1,0
2020,53,530472,Washington,7,7,0,0,0,7,7,33,KING (33),1640,PACIFIC,1,1,12,December,2020,3,Tuesday,23,11:00pm-11:59pm,35,35,0,This section IS NOT on the NHS,2,Urban,3,Principal Arterial - Other,1,State Highway Agency,3,State Highway,SR-167,,132,132,47.26889167,47.26889167,-122.260727780,-122.260727780,0,No Special Jurisdiction,12,Motor Vehicle In-Transport,2,Front-to-Front,0,No,1,Non-Junction,1,Not an Intersection,0,None,,,1,On Roadway,3,Dark - Lighted,,,,,1,Clear,0,No,0000000,Not Applicable,99,Unknown,99,Unknown,99,Unknown EMS Scene Arrival Hour,99,Unknown EMS Scene Arrival Minutes,88,"Not Applicable (Not Transported) ",88,Not Applicable (Not Transported),,,,,,,2,1
2020,53,530473,Washington,2,2,0,0,0,2,2,45,MASON (45),0,NOT APPLICABLE,1,1,12,December,2020,3,Tuesday,9,9:00am-9:59am,10,10,0,This section IS NOT on the NHS,1,Rural,5,Major Collector,2,County Highway Agency,4,County Road,CR-W SHELTON MATLOCK RD,,113,113,47.24304722,47.24304722,-123.302855560,-123.302855560,0,No Special Jurisdiction,12,Motor Vehicle In-Transport,2,Front-to-Front,0,No,1,Non-Junction,1,Not an Intersection,0,None,,,1,On Roadway,1,Daylight,,,,,5,"Fog, Smog, Smoke",0,No,0000000,Not Applicable,9,9:00am-9:59am,29,29,9,9:00am-9:59am,32,32,10,10:00am-10:59am,17,17,,,,,,,1,0
2020,53,530474,Washington,2,2,0,0,0,2,2,67,THURSTON (67),0,NOT APPLICABLE,4,4,12,December,2020,6,Friday,5,5:00am-5:59am,4,4,1,This section IS ON the NHS,2,Urban,3,Principal Arterial - Other,1,State Highway Agency,2,U.S. Highway,US-101,,3589,3589,47.06656667,47.06656667,-123.018797220,-123.018797220,0,No Special Jurisdiction,12,Motor Vehicle In-Transport,2,Front-to-Front,0,No,1,Non-Junction,1,Not an Intersection,0,None,,,1,On Roadway,2,Dark - Not Lighted,,,,,10,Cloudy,0,No,0000000,Not Applicable,99,Unknown,99,Unknown,99,Unknown EMS Scene Arrival Hour,99,Unknown EMS Scene Arrival Minutes,99,Unknown,99,Unknown EMS Hospital Arrival Time,,,,,,,1,0
2020,53,530475,Washington,1,1,0,1,1,1,1,61,SNOHOMISH (61),0,NOT APPLICABLE,1,1,12,December,2020,3,Tuesday,8,8:00am-8:59am,24,24,0,This section IS NOT on the NHS,2,Urban,5,Major Collector,2,County Highway Agency,4,County Road,CR-35TH AVE W,,4,4,47.85587778,47.85587778,-122.280255560,-122.280255560,0,No Special Jurisdiction,8,Pedestrian,0,The First Harmful Event was Not a Collision with a Motor Vehicle in Transport,0,No,1,Non-Junction,1,Not an Intersection,0,None,,,2,On Shoulder,1,Daylight,,,,,1,Clear,0,No,0000000,Not Applicable,99,Unknown,98,Unknown if Notified,99,Unknown EMS Scene Arrival Hour,98,Unknown if Arrived,88,"Not Applicable (Not Transported) ",88,Not Applicable (Not Transported),,,,,,,1,0
2020,53,530476,Washington,2,2,0,0,0,3,3,53,PIERCE (53),2230,TACOMA,7,7,12,December,2020,2,Monday,20,8:00pm-8:59pm,27,27,1,This section IS ON the NHS,2,Urban,3,Principal Arterial - Other,1,State Highway Agency,3,State Highway,SR-7,,554,554,47.19988611,47.19988611,-122.433866670,-122.433866670,0,No Special Jurisdiction,42,Tree (Standing Only),0,The First Harmful Event was Not a Collision with a Motor Vehicle in Transport,0,No,1,Non-Junction,1,Not an Intersection,0,None,,,4,On Roadside,3,Dark - Lighted,,,,,10,Cloudy,0,No,0000000,Not Applicable,99,Unknown,99,Unknown,99,Unknown EMS Scene Arrival Hour,99,Unknown EMS Scene Arrival Minutes,99,Unknown,99,Unknown EMS Hospital Arrival Time,,,,,,,1,0
2020,53,530477,Washington,2,2,0,0,0,2,2,33,KING (33),1264,MAPLE VALLEY,6,6,12,December,2020,1,Sunday,16,4:00pm-4:59pm,3,3,0,This section IS NOT on the NHS,2,Urban,4,Minor Arterial,1,State Highway Agency,3,State Highway,SR-516,WITTE RD SE,154,154,47.35796667,47.35796667,-122.043530560,-122.043530560,0,No Special Jurisdiction,12,Motor Vehicle In-Transport,2,Front-to-Front,0,No,2,Intersection,2,Four-Way Intersection,0,None,,,1,On Roadway,1,Daylight,,,,,1,Clear,0,No,0000000,Not Applicable,16,4:00pm-4:59pm,5,5,16,4:00pm-4:59pm,14,14,88,"Not Applicable (Not Transported) ",88,Not Applicable (Not Transported),,,,,,,1,1
2020,53,530478,Washington,1,1,0,1,1,2,2,53,PIERCE (53),0,NOT APPLICABLE,8,8,12,December,2020,3,Tuesday,17,5:00pm-5:59pm,50,50,0,This section IS NOT on the NHS,2,Urban,3,Principal Arterial - Other,2,County Highway Agency,4,County Road,CR-112TH ST E,,62,62,47.15527778,47.15527778,-122.423566670,-122.423566670,0,No Special Jurisdiction,8,Pedestrian,0,The First Harmful Event was Not a Collision with a Motor Vehicle in Transport,0,No,1,Non-Junction,1,Not an Intersection,0,None,,,1,On Roadway,3,Dark - Lighted,,,,,2,Rain,0,No,0000000,Not Applicable,17,5:00pm-5:59pm,50,50,17,5:00pm-5:59pm,55,55,88,"Not Applicable (Not Transported) ",88,Not Applicable (Not Transported),,,,,,,1,0
2020,53,530479,Washington,1,1,0,0,0,1,1,27,GRAYS HARBOR (27),930,HOQUIAM,10,10,12,December,2020,5,Thursday,0,0:00am-0:59am,0,0,0,This section IS NOT on the NHS,2,Urban,5,Major Collector,4,City or Municipal Highway Agency,6,Local Street - Municipality,ENDRESEN RD,,0,None,46.98900278,46.98900278,-123.900877780,-123.900877780,0,No Special Jurisdiction,24,Guardrail Face,0,The First Harmful Event was Not a Collision with a Motor Vehicle in Transport,0,No,1,Non-Junction,1,Not an Intersection,0,None,,,4,On Roadside,3,Dark - Lighted,,,,,5,"Fog, Smog, Smoke",0,No,0000000,Not Applicable,99,Unknown,98,Unknown if Notified,99,Unknown EMS Scene Arrival Hour,98,Unknown if Arrived,88,"Not Applicable (Not Transported) ",88,Not Applicable (Not Transported),,,,,,,1,1
2020,53,530480,Washington,1,1,0,1,1,1,1,63,SPOKANE (63),2110,SPOKANE,9,9,12,December,2020,4,Wednesday,19,7:00pm-7:59pm,49,49,0,This section IS NOT on the NHS,2,Urban,4,Minor Arterial,4,City or Municipal Highway Agency,6,Local Street - Municipality,S HOWARD ST,W 3rd Ave,0,None,47.65348056,47.65348056,-117.421055560,-117.421055560,0,No Special Jurisdiction,8,Pedestrian,0,The First Harmful Event was Not a Collision with a Motor Vehicle in Transport,0,No,3,Intersection-Related,2,Four-Way Intersection,0,None,,,1,On Roadway,3,Dark - Lighted,,,,,1,Clear,0,No,0000000,Not Applicable,19,7:00pm-7:59pm,51,51,19,7:00pm-7:59pm,56,56,88,"Not Applicable (Not Transported) ",88,Not Applicable (Not Transported),,,,,,,1,0
2020,53,530481,Washington,1,1,0,0,0,1,1,77,YAKIMA (77),0,NOT APPLICABLE,9,9,12,December,2020,4,Wednesday,15,3:00pm-3:59pm,32,32,0,This section IS NOT on the NHS,1,Rural,6,Minor Collector,2,County Highway Agency,4,County Road,CR-N TRACK RD,,90,90,46.40535833,46.40535833,-120.351952780,-120.351952780,3,Indian Reservation,1,Rollover/Overturn,0,The First Harmful Event was Not a Collision with a Motor Vehicle in Transport,0,No,1,Non-Junction,1,Not an Intersection,0,None,,,4,On Roadside,1,Daylight,,,,,1,Clear,0,No,0000000,Not Applicable,15,3:00pm-3:59pm,43,43,15,3:00pm-3:59pm,46,46,88,"Not Applicable (Not Transported) ",88,Not Applicable (Not Transported),,,,,,,1,1
2020,53,530482,Washington,2,2,0,0,0,2,2,63,SPOKANE (63),0,NOT APPLICABLE,10,10,12,December,2020,5,Thursday,17,5:00pm-5:59pm,58,58,1,This section IS ON the NHS,2,Urban,3,Principal Arterial - Other,1,State Highway Agency,2,U.S. Highway,US-2,,2687,2687,47.64294444,47.64294444,-117.614155560,-117.614155560,0,No Special Jurisdiction,12,Motor Vehicle In-Transport,6,Angle,0,No,8,Driveway Access Related,1,Not an Intersection,0,None,,,1,On Roadway,3,Dark - Lighted,,,,,1,Clear,0,No,0000000,Not Applicable,18,6:00pm-6:59pm,5,5,18,6:00pm-6:59pm,9,9,88,"Not Applicable (Not Transported) ",88,Not Applicable (Not Transported),,,,,,,1,0
2020,53,530483,Washington,2,2,0,0,0,2,2,53,PIERCE (53),2210,SUMNER,5,5,11,November,2020,5,Thursday,16,4:00pm-4:59pm,36,36,0,This section IS NOT on the NHS,2,Urban,4,Minor Arterial,4,City or Municipal Highway Agency,6,Local Street - Municipality,E VALLEY HWY E,,99998,Not Reported,47.22680833,47.22680833,-122.226919440,-122.226919440,0,No Special Jurisdiction,12,Motor Vehicle In-Transport,2,Front-to-Front,0,No,1,Non-Junction,1,Not an Intersection,0,None,,,1,On Roadway,1,Daylight,,,,,2,Rain,0,No,0000000,Not Applicable,16,4:00pm-4:59pm,35,35,16,4:00pm-4:59pm,45,45,17,5:00pm-5:59pm,45,45,,,,,,,1,0
2020,53,530484,Washington,1,1,0,0,0,1,1,45,MASON (45),0,NOT APPLICABLE,9,9,12,December,2020,4,Wednesday,0,0:00am-0:59am,1,1,0,This section IS NOT on the NHS,1,Rural,5,Major Collector,2,County Highway Agency,4,County Road,CR-E HARSTINE BRIDGE RD,,1,1,47.24706667,47.24706667,-122.930433330,-122.930433330,0,No Special Jurisdiction,35,Embankment,0,The First Harmful Event was Not a Collision with a Motor Vehicle in Transport,0,No,1,Non-Junction,1,Not an Intersection,0,None,,,4,On Roadside,3,Dark - Lighted,,,,,2,Rain,0,No,0000000,Not Applicable,99,Unknown,98,Unknown if Notified,99,Unknown EMS Scene Arrival Hour,98,Unknown if Arrived,88,"Not Applicable (Not Transported) ",88,Not Applicable (Not Transported),,,,,,,1,0
2020,53,530485,Washington,1,1,0,0,0,1,1,65,STEVENS (65),0,NOT APPLICABLE,2,2,12,December,2020,4,Wednesday,19,7:00pm-7:59pm,59,59,0,This section IS NOT on the NHS,1,Rural,6,Minor Collector,2,County Highway Agency,4,County Road,CR-ONION CREEK RD,,30,30,48.67232500,48.67232500,-117.915097220,-117.915097220,0,No Special Jurisdiction,1,Rollover/Overturn,0,The First Harmful Event was Not a Collision with a Motor Vehicle in Transport,0,No,1,Non-Junction,1,Not an Intersection,0,None,,,4,On Roadside,2,Dark - Not Lighted,,,,,1,Clear,0,No,0000000,Not Applicable,20,8:00pm-8:59pm,3,3,20,8:00pm-8:59pm,17,17,20,8:00pm-8:59pm,55,55,,,,,,,1,0
2020,53,530486,Washington,2,2,0,0,0,2,2,25,GRANT (25),0,NOT APPLICABLE,26,26,10,October,2020,2,Monday,17,5:00pm-5:59pm,58,58,0,This section IS NOT on the NHS,1,Rural,3,Principal Arterial - Other,1,State Highway Agency,3,State Highway,SR-26,SR-262,253,253,46.86253056,46.86253056,-119.475327780,-119.475327780,0,No Special Jurisdiction,12,Motor Vehicle In-Transport,6,Angle,0,No,2,Intersection,2,Four-Way Intersection,0,None,,,1,On Roadway,3,Dark - Lighted,,,,,10,Cloudy,0,No,0000000,Not Applicable,99,Unknown,98,Unknown if Notified,99,Unknown EMS Scene Arrival Hour,98,Unknown if Arrived,88,"Not Applicable (Not Transported) ",88,Not Applicable (Not Transported),,,,,,,1,1
2020,53,530487,Washington,1,1,0,1,1,1,1,73,WHATCOM (73),0,NOT APPLICABLE,7,7,12,December,2020,2,Monday,17,5:00pm-5:59pm,10,10,0,This section IS NOT on the NHS,1,Rural,5,Major Collector,2,County Highway Agency,4,County Road,CR-ENTERPRISE RD,,13,13,48.92449167,48.92449167,-122.574591670,-122.574591670,0,No Special Jurisdiction,8,Pedestrian,0,The First Harmful Event was Not a Collision with a Motor Vehicle in Transport,0,No,1,Non-Junction,1,Not an Intersection,0,None,,,1,On Roadway,2,Dark - Not Lighted,,,,,2,Rain,0,No,0000000,Not Applicable,99,Unknown,99,Unknown,99,Unknown EMS Scene Arrival Hour,99,Unknown EMS Scene Arrival Minutes,88,"Not Applicable (Not Transported) ",88,Not Applicable (Not Transported),,,,,,,1,0
2020,53,530488,Washington,1,1,0,0,0,2,2,45,MASON (45),0,NOT APPLICABLE,8,8,12,December,2020,3,Tuesday,2,2:00am-2:59am,1,1,1,This section IS ON the NHS,1,Rural,3,Principal Arterial - Other,1,State Highway Agency,2,U.S. Highway,US-101,,3386,3386,47.29919167,47.29919167,-123.181502780,-123.181502780,0,No Special Jurisdiction,42,Tree (Standing Only),0,The First Harmful Event was Not a Collision with a Motor Vehicle in Transport,0,No,1,Non-Junction,1,Not an Intersection,0,None,,,4,On Roadside,2,Dark - Not Lighted,,,,,2,Rain,0,No,0000000,Not Applicable,2,2:00am-2:59am,0,0,2,2:00am-2:59am,13,13,2,2:00am-2:59am,40,40,,,,,,,1,1
2020,53,530489,Washington,1,1,0,1,1,1,1,57,SKAGIT (57),50,ANACORTES,14,14,12,December,2020,2,Monday,15,3:00pm-3:59pm,38,38,1,This section IS ON the NHS,2,Urban,3,Principal Arterial - Other,1,State Highway Agency,3,State Highway,SR-20,22ND ST,35,35,48.50451667,48.50451667,-122.612716670,-122.612716670,0,No Special Jurisdiction,8,Pedestrian,0,The First Harmful Event was Not a Collision with a Motor Vehicle in Transport,0,No,3,Intersection-Related,2,Four-Way Intersection,0,None,,,1,On Roadway,1,Daylight,,,,,1,Clear,0,No,0000000,Not Applicable,15,3:00pm-3:59pm,37,37,15,3:00pm-3:59pm,45,45,15,3:00pm-3:59pm,52,52,,,,,,,1,0
2020,53,530490,Washington,1,1,0,1,1,1,1,33,KING (33),1960,SEATTLE,8,8,12,December,2020,3,Tuesday,10,10:00am-10:59am,30,30,0,This section IS NOT on the NHS,2,Urban,4,Minor Arterial,4,City or Municipal Highway Agency,6,Local Street - Municipality,QUEEN ANNE AVE N,W BLAINE ST,0,None,47.63474444,47.63474444,-122.356980560,-122.356980560,0,No Special Jurisdiction,8,Pedestrian,0,The First Harmful Event was Not a Collision with a Motor Vehicle in Transport,0,No,3,Intersection-Related,2,Four-Way Intersection,0,None,,,1,On Roadway,1,Daylight,,,,,2,Rain,0,No,0000000,Not Applicable,99,Unknown,99,Unknown,99,Unknown EMS Scene Arrival Hour,99,Unknown EMS Scene Arrival Minutes,99,Unknown,99,Unknown EMS Hospital Arrival Time,,,,,,,1,0
2020,53,530491,Washington,1,1,0,0,0,1,1,29,ISLAND (29),0,NOT APPLICABLE,14,14,12,December,2020,2,Monday,17,5:00pm-5:59pm,32,32,1,This section IS ON the NHS,2,Urban,3,Principal Arterial - Other,1,State Highway Agency,3,State Highway,SR-20,,368,368,48.35806111,48.35806111,-122.617613890,-122.617613890,0,No Special Jurisdiction,1,Rollover/Overturn,0,The First Harmful Event was Not a Collision with a Motor Vehicle in Transport,0,No,1,Non-Junction,1,Not an Intersection,0,None,,,4,On Roadside,2,Dark - Not Lighted,,,,,1,Clear,0,No,0000000,Not Applicable,99,Unknown,99,Unknown,99,Unknown EMS Scene Arrival Hour,99,Unknown EMS Scene Arrival Minutes,88,"Not Applicable (Not Transported) ",88,Not Applicable (Not Transported),,,,,,,1,0
2020,53,530492,Washington,5,5,0,0,0,6,6,21,FRANKLIN (21),1660,PASCO,10,10,12,December,2020,5,Thursday,15,3:00pm-3:59pm,30,30,1,This section IS ON the NHS,2,Urban,1,Interstate,1,State Highway Agency,1,Interstate,I-182,,135,135,46.24865556,46.24865556,-119.100308330,-119.100308330,0,No Special Jurisdiction,12,Motor Vehicle In-Transport,2,Front-to-Front,1,Yes,5,Entrance/Exit Ramp Related,1,Not an Intersection,0,None,,,1,On Roadway,1,Daylight,,,,,10,Cloudy,0,No,0000000,Not Applicable,15,3:00pm-3:59pm,32,32,15,3:00pm-3:59pm,53,53,88,"Not Applicable (Not Transported) ",88,Not Applicable (Not Transported),,,,,,,1,0