caseyear,state,st_case,statename,ve_total,ve_forms,pvh_invl,peds,pernotmvit,permvit,persons,county,countyname,city,cityname,day,dayname,month,monthname,year,day_week,day_weekname,hour,hourname,minute,minutename,nhs,nhsname,rur_urb,rur_urbname,func_sys,func_sysname,rd_owner,rd_ownername,route,routename,tway_id,tway_id2,milept,mileptname,latitude,latitudename,longitud,longitudname,sp_jur,sp_jurname,harm_ev,harm_evname,man_coll,man_collname,reljct1,reljct1name,reljct2,reljct2name,typ_int,typ_intname,wrk_zone,wrk_zonename,road_fnc,road_fncname,rel_road,rel_roadname,lgt_cond,lgt_condname,weather1,weather1name,weather2,weather2name,weather,weathername,sch_bus,sch_busname,rail,railname,not_hour,not_hourname,not_min,not_minname,arr_hour,arr_hourname,arr_min,arr_minname,hosp_hr,hosp_hrname,hosp_mn,hosp_mnname,cf1,cf1name,cf2,cf2name,cf3,cf3name,fatals,drunk_dr
2021,53,530150,Washington,2,2,0,0,0,2,2,77,YAKIMA (77),0,NOT APPLICABLE,24,24,5,May,2021,2,Monday,19,7:00pm-7:59pm,3,3,0,This section IS NOT on the NHS,2,Urban,4,Minor Arterial,1,State Highway Agency,3,State Highway,SR-823,,53,53,46.67955833,46.67955833,-120.489625000,-120.489625000,0,No Special Jurisdiction,12,Motor Vehicle In-Transport,2,Front-to-Front,0,No,1,Non-Junction,1,Not an Intersection,0,None,,,1,On Roadway,1,Daylight,,,,,1,Clear,0,No,0000000,Not Applicable,19,7:00pm-7:59pm,8,8,19,7:00pm-7:59pm,17,17,19,7:00pm-7:59pm,44,44,,,,,,,1,
2021,53,530151,Washington,2,2,0,1,1,4,4,53,PIERCE (53),1350,MILTON,7,7,5,May,2021,6,Friday,3,3:00am-3:59am,48,48,1,This section IS ON the NHS,2,Urban,1,Interstate,1,State Highway Agency,1,Interstate,I-5,,1393,1393,47.25476944,47.25476944,-122.331366670,-122.331366670,0,No Special Jurisdiction,8,Pedestrian,0,The First Harmful Event was Not a Collision with a Motor Vehicle in Transport,0,No,1,Non-Junction,1,Not an Intersection,0,None,,,1,On Roadway,3,Dark - Lighted,,,,,1,Clear,0,No,0000000,Not Applicable,99,Unknown,99,Unknown,99,Unknown EMS Scene Arrival Hour,99,Unknown EMS Scene Arrival Minutes,88,"Not Applicable (Not Transported) ",88,Not Applicable (Not Transported),,,,,,,1,
2021,53,530152,Washington,2,2,0,0,0,2,2,53,PIERCE (53),1124,LAKEWOOD,4,4,5,May,2021,3,Tuesday,23,11:00pm-11:59pm,40,40,1,This section IS ON the NHS,2,Urban,1,Interstate,1,State Highway Agency,1,Interstate,I-5,,1250,1250,47.13924444,47.13924444,-122.521180560,-122.521180560,0,No Special Jurisdiction,25,Concrete Traffic Barrier,0,The First Harmful Event was Not a Collision with a Motor Vehicle in Transport,0,No,1,Non-Junction,1,Not an Intersection,1,Construction,,,3,On Median,3,Dark - Lighted,,,,,1,Clear,0,No,0000000,Not Applicable,23,11:00pm-11:59pm,43,43,23,11:00pm-11:59pm,50,50,0,0:00am-0:59am,6,6,,,,,,,1,
2021,53,530153,Washington,1,1,0,0,0,1,1,45,MASON (45),0,NOT APPLICABLE,10,10,5,May,2021,2,Monday,17,5:00pm-5:59pm,40,40,0,This section IS NOT on the NHS,1,Rural,3,Principal Arterial - Other,1,State Highway Agency,3,State Highway,SR-3,,242,242,47.42356389,47.42356389,-122.847161110,-122.847161110,0,No Special Jurisdiction,42,Tree (Standing Only),0,The First Harmful Event was Not a Collision with a Motor Vehicle in Transport,0,No,1,Non-Junction,1,Not an Intersection,0,None,,,4,On Roadside,1,Daylight,,,,,1,Clear,0,No,0000000,Not Applicable,99,Unknown,99,Unknown,99,Unknown EMS Scene Arrival Hour,99,Unknown EMS Scene Arrival Minutes,88,"Not Applicable (Not Transported) ",88,Not Applicable (Not Transported),,,,,,,1,
2021,53,530154,Washington,2,2,0,0,0,3,3,67,THURSTON (67),0,NOT APPLICABLE,26,26,5,May,2021,4,Wednesday,21,9:00pm-9:59pm,8,8,0,This section IS NOT on the NHS,1,Rural,5,Major Collector,2,County Highway Agency,4,County Road,CR-SKOOKUMCHUCK RD SE,,49,49,46.79623889,46.79623889,-122.765266670,-122.765266670,0,No Special Jurisdiction,1,Rollover/Overturn,0,The First Harmful Event was Not a Collision with a Motor Vehicle in Transport,0,No,1,Non-Junction,1,Not an Intersection,0,None,,,1,On Roadway,2,Dark - Not Lighted,,,,,1,Clear,0,No,0000000,Not Applicable,99,Unknown,99,Unknown,99,Unknown EMS Scene Arrival Hour,99,Unknown EMS Scene Arrival Minutes,88,"Not Applicable (Not Transported) ",88,Not Applicable (Not Transported),,,,,,,1,
2021,53,530155,Washington,1,1,0,1,1,3,3,77,YAKIMA (77),2220,SUNNYSIDE,26,26,3,March,2021,6,Friday,19,7:00pm-7:59pm,3,3,0,This section IS NOT on the NHS,2,Urban,5,Major Collector,4,City or Municipal Highway Agency,6,Local Street - Municipality,NORTH AVE,,0,None,46.33101944,46.33101944,-120.009741670,-120.009741670,0,No Special Jurisdiction,8,Pedestrian,0,The First Harmful Event was Not a Collision with a Motor Vehicle in Transport,0,No,1,Non-Junction,1,Not an Intersection,0,None,,,1,On Roadway,5,Dusk,,,,,1,Clear,0,No,0000000,Not Applicable,19,7:00pm-7:59pm,4,4,19,7:00pm-7:59pm,7,7,19,7:00pm-7:59pm,22,22,,,,,,,1,
2021,53,530156,Washington,1,1,0,1,1,1,1,33,KING (33),1960,SEATTLE,10,10,4,April,2021,7,Saturday,17,5:00pm-5:59pm,28,28,0,This section IS NOT on the NHS,2,Urban,2,Principal Arterial - Other Freeways and Expressways,1,State Highway Agency,3,State Highway,SR-99,,276,276,47.64088333,47.64088333,-122.346505560,-122.346505560,0,No Special Jurisdiction,8,Pedestrian,0,The First Harmful Event was Not a Collision with a Motor Vehicle in Transport,0,No,1,Non-Junction,1,Not an Intersection,0,None,,,4,On Roadside,1,Daylight,,,,,1,Clear,0,No,0000000,Not Applicable,99,Unknown,99,Unknown,99,Unknown EMS Scene Arrival Hour,99,Unknown EMS Scene Arrival Minutes,99,Unknown,99,Unknown EMS Hospital Arrival Time,,,,,,,1,
2021,53,530157,Washington,1,1,0,0,0,1,1,9,CLALLAM (9),0,NOT APPLICABLE,28,28,5,May,2021,6,Friday,10,10:00am-10:59am,43,43,0,This section IS NOT on the NHS,1,Rural,5,Major Collector,1,State Highway Agency,3,State Highway,SR-112,,557,557,48.11789444,48.11789444,-123.644700000,-123.644700000,0,No Special Jurisdiction,1,Rollover/Overturn,0,The First Harmful Event was Not a Collision with a Motor Vehicle in Transport,0,No,1,Non-Junction,1,Not an Intersection,0,None,,,4,On Roadside,1,Daylight,,,,,1,Clear,0,No,0000000,Not Applicable,99,Unknown,99,Unknown,99,Unknown EMS Scene Arrival Hour,99,Unknown EMS Scene Arrival Minutes,88,"Not Applicable (Not Transported) ",88,Not Applicable (Not Transported),,,,,,,1,
2021,53,530158,Washington,4,4,0,0,0,4,4,11,CLARK (11),1860,RIDGEFIELD,29,29,5,May,2021,7,Saturday,23,11:00pm-11:59pm,0,0,1,This section IS ON the NHS,1,Rural,1,Interstate,1,State Highway Agency,1,Interstate,I-5,,138,138,45.81017778,45.81017778,-122.683088890,-122.683088890,0,No Special Jurisdiction,12,Motor Vehicle In-Transport,1,Front-to-Rear,0,No,1,Non-Junction,1,Not an Intersection,0,None,,,1,On Roadway,3,Dark - Lighted,,,,,1,Clear,0,No,0000000,Not Applicable,23,11:00pm-11:59pm,0,0,23,11:00pm-11:59pm,12,12,23,11:00pm-11:59pm,35,35,,,,,,,1,
2021,53,530159,Washington,1,1,0,0,0,1,1,53,PIERCE (53),0,NOT APPLICABLE,28,28,5,May,2021,6,Friday,22,10:00pm-10:59pm,14,14,0,This section IS NOT on the NHS,1,Rural,4,Minor Arterial,1,State Highway Agency,3,State Highway,SR-507,,427,427,47.06755556,47.06755556,-122.443480560,-122.443480560,0,No Special Jurisdiction,42,Tree (Standing Only),0,The First Harmful Event was Not a Collision with a Motor Vehicle in Transport,0,No,1,Non-Junction,1,Not an Intersection,0,None,,,4,On Roadside,2,Dark - Not Lighted,,,,,1,Clear,0,No,0000000,Not Applicable,22,10:00pm-10:59pm,5,5,22,10:00pm-10:59pm,15,15,88,"Not Applicable (Not Transported) ",88,Not Applicable (Not Transported),,,,,,,1,
2021,53,530160,Washington,1,1,0,0,0,1,1,59,SKAMANIA (59),0,NOT APPLICABLE,30,30,5,May,2021,1,Sunday,21,9:00pm-9:59pm,48,48,0,This section IS NOT on the NHS,1,Rural,3,Principal Arterial - Other,1,State Highway Agency,3,State Highway,SR-14,,256,256,45.58674167,45.58674167,-122.188805560,-122.188805560,0,No Special Jurisdiction,39,Wall,0,The First Harmful Event was Not a Collision with a Motor Vehicle in Transport,0,No,1,Non-Junction,1,Not an Intersection,0,None,,,4,On Roadside,2,Dark - Not Lighted,,,,,1,Clear,0,No,0000000,Not Applicable,99,Unknown,99,Unknown,99,Unknown EMS Scene Arrival Hour,99,Unknown EMS Scene Arrival Minutes,88,"Not Applicable (Not Transported) ",88,Not Applicable (Not Transported),,,,,,,1,
2021,53,530161,Washington,3,3,0,0,0,5,5,63,SPOKANE (63),2110,SPOKANE,29,29,5,May,2021,7,Saturday,23,11:00pm-11:59pm,41,41,1,This section IS ON the NHS,2,Urban,3,Principal Arterial - Other,1,State Highway Agency,2,U.S. Highway,US-2,,2733,2733,47.64308889,47.64308889,-117.515952780,-117.515952780,0,No Special Jurisdiction,12,Motor Vehicle In-Transport,6,Angle,0,No,1,Non-Junction,1,Not an Intersection,0,None,,,1,On Roadway,3,Dark - Lighted,,,,,1,Clear,0,No,0000000,Not Applicable,23,11:00pm-11:59pm,42,42,23,11:00pm-11:59pm,47,47,0,0:00am-0:59am,52,52,,,,,,,2,
2021,53,530162,Washington,1,1,0,1,1,1,1,45,MASON (45),0,NOT APPLICABLE,31,31,5,May,2021,2,Monday,15,3:00pm-3:59pm,22,22,0,This section IS NOT on the NHS,1,Rural,5,Major Collector,2,County Highway Agency,4,County Road,CR-MIDDLE SATSOP RD,,71,71,47.08896944,47.08896944,-123.472397220,-123.472397220,0,No Special Jurisdiction,8,Pedestrian,0,The First Harmful Event was Not a Collision with a Motor Vehicle in Transport,0,No,1,Non-Junction,1,Not an Intersection,0,None,,,1,On Roadway,1,Daylight,,,,,1,Clear,0,No,0000000,Not Applicable,15,3:00pm-3:59pm,56,56,16,4:00pm-4:59pm,26,26,17,5:00pm-5:59pm,35,35,,,,,,,1,
2021,53,530163,Washington,3,2,1,1,1,4,4,77,YAKIMA (77),0,NOT APPLICABLE,15,15,5,May,2021,7,Saturday,1,1:00am-1:59am,30,30,0,This section IS NOT on the NHS,2,Urban,4,Minor Arterial,1,State Highway Agency,3,State Highway,SR-823,,53,53,46.67979722,46.67979722,-120.488433330,-120.488433330,0,No Special Jurisdiction,12,Motor Vehicle In-Transport,1,Front-to-Rear,0,No,1,Non-Junction,1,Not an Intersection,2,Maintenance,,,1,On Roadway,3,Dark - Lighted,,,,,1,Clear,0,No,0000000,Not Applicable,1,1:00am-1:59am,27,27,1,1:00am-1:59am,43,43,2,2:00am-2:59am,25,25,,,,,,,1,
2021,53,530165,Washington,1,1,0,1,1,2,2,61,SNOHOMISH (61),0,NOT APPLICABLE,1,1,6,June,2021,3,Tuesday,22,10:00pm-10:59pm,26,26,0,This section IS NOT on the NHS,2,Urban,3,Principal Arterial - Other,1,State Highway Agency,3,State Highway,SR-525,,36,36,47.88127500,47.88127500,-122.278983330,-122.278983330,0,No Special Jurisdiction,8,Pedestrian,0,The First Harmful Event was Not a Collision with a Motor Vehicle in Transport,0,No,1,Non-Junction,1,Not an Intersection,0,None,,,1,On Roadway,3,Dark - Lighted,,,,,1,Clear,0,No,0000000,Not Applicable,22,10:00pm-10:59pm,28,28,22,10:00pm-10:59pm,33,33,88,"Not Applicable (Not Transported) ",88,Not Applicable (Not Transported),,,,,,,1,
2021,53,530166,Washington,1,1,0,1,1,2,2,53,PIERCE (53),0,NOT APPLICABLE,9,9,6,June,2021,4,Wednesday,0,0:00am-0:59am,36,36,0,This section IS NOT on the NHS,2,Urban,3,Principal Arterial - Other,2,County Highway Agency,4,County Road,CR-224TH ST E,,44,44,47.05325833,47.05325833,-122.310286110,-122.310286110,0,No Special Jurisdiction,8,Pedestrian,0,The First Harmful Event was Not a Collision with a Motor Vehicle in Transport,0,No,1,Non-Junction,1,Not an Intersection,0,None,,,1,On Roadway,2,Dark - Not Lighted,,,,,1,Clear,0,No,0000000,Not Applicable,99,Unknown,99,Unknown,99,Unknown EMS Scene Arrival Hour,99,Unknown EMS Scene Arrival Minutes,88,"Not Applicable (Not Transported) ",88,Not Applicable (Not Transported),,,,,,,1,
2021,53,530167,Washington,1,1,0,1,1,1,1,33,KING (33),1030,KENT,8,8,6,June,2021,3,Tuesday,14,2:00pm-2:59pm,18,18,0,This section IS NOT on the NHS,2,Urban,3,Principal Arterial - Other,1,State Highway Agency,3,State Highway,SR-181,WASHINGTON AVE N,2,2,47.38134722,47.38134722,-122.247361110,-122.247361110,0,No Special Jurisdiction,15,Non-Motorist on Personal Conveyance,0,The First Harmful Event was Not a Collision with a Motor Vehicle in Transport,0,No,2,Intersection,2,Four-Way Intersection,0,None,,,1,On Roadway,1,Daylight,,,,,1,Clear,0,No,0000000,Not Applicable,14,2:00pm-2:59pm,19,19,14,2:00pm-2:59pm,24,24,88,"Not Applicable (Not Transported) ",88,Not Applicable (Not Transported),,,,,,,1,
2021,53,530168,Washington,3,3,0,0,0,4,4,5,BENTON (5),1850,RICHLAND,9,9,6,June,2021,4,Wednesday,16,4:00pm-4:59pm,12,12,0,This section IS NOT on the NHS,2,Urban,4,Minor Arterial,4,City or Municipal Highway Agency,6,Local Street - Municipality,LESLIE RD,,0,None,46.23605000,46.23605000,-119.260702780,-119.260702780,0,No Special Jurisdiction,12,Motor Vehicle In-Transport,7,Sideswipe - Same Direction,0,No,1,Non-Junction,1,Not an Intersection,0,None,,,1,On Roadway,1,Daylight,,,,,1,Clear,0,No,0000000,Not Applicable,99,Unknown,99,Unknown,99,Unknown EMS Scene Arrival Hour,99,Unknown EMS Scene Arrival Minutes,88,"Not Applicable (Not Transported) ",88,Not Applicable (Not Transported),,,,,,,1,
2021,53,530169,Washington,1,1,0,0,0,1,1,25,GRANT (25),0,NOT APPLICABLE,9,9,6,June,2021,4,Wednesday,10,10:00am-10:59am,9,9,0,This section IS NOT on the NHS,1,Rural,4,Minor Arterial,1,State Highway Agency,3,State Highway,SR-28,,548,548,47.35788333,47.35788333,-119.512069440,-119.512069440,0,No Special Jurisdiction,38,Fence,0,The First Harmful Event was Not a Collision with a Motor Vehicle in Transport,0,No,1,Non-Junction,1,Not an Intersection,0,None,,,4,On Roadside,1,Daylight,,,,,1,Clear,0,No,0000000,Not Applicable,99,Unknown,99,Unknown,99,Unknown EMS Scene Arrival Hour,99,Unknown EMS Scene Arrival Minutes,88,"Not Applicable (Not Transported) ",88,Not Applicable (Not Transported),,,,,,,1,
2021,53,530170,Washington,2,2,0,0,0,2,2,27,GRAYS HARBOR (27),0,NOT APPLICABLE,7,7,6,June,2021,2,Monday,16,4:00pm-4:59pm,38,38,0,This section IS NOT on the NHS,1,Rural,4,Minor Arterial,1,State Highway Agency,3,State Highway,SR-105,,396,396,46.91772500,46.91772500,-123.958108330,-123.958108330,0,No Special Jurisdiction,12,Motor Vehicle In-Transport,2,Front-to-Front,0,No,1,Non-Junction,1,Not an Intersection,0,None,,,1,On Roadway,1,Daylight,,,,,1,Clear,0,No,0000000,Not Applicable,99,Unknown,99,Unknown,99,Unknown EMS Scene Arrival Hour,99,Unknown EMS Scene Arrival Minutes,88,"Not Applicable (Not Transported) ",88,Not Applicable (Not Transported),,,,,,,2,
2021,53,530171,Washington,1,1,0,1,1,2,2,67,THURSTON (67),0,NOT APPLICABLE,2,2,6,June,2021,4,Wednesday,11,11:00am-11:59am,23,23,0,This section IS NOT on the NHS,1,Rural,2,Principal Arterial - Other Freeways and Expressways,1,State Highway Agency,3,State Highway,SR-8,SUMMIT LAKE RD NW,134,134,47.04839444,47.04839444,-123.145461110,-123.145461110,0,No Special Jurisdiction,9,Pedalcyclist,0,The First Harmful Event was Not a Collision with a Motor Vehicle in Transport,0,No,3,Intersection-Related,2,Four-Way Intersection,0,None,,,1,On Roadway,1,Daylight,,,,,1,Clear,0,No,0000000,Not Applicable,99,Unknown,99,Unknown,99,Unknown EMS Scene Arrival Hour,99,Unknown EMS Scene Arrival Minutes,88,"Not Applicable (Not Transported) ",88,Not Applicable (Not Transported),,,,,,,1,
2021,53,530172,Washington,2,2,0,0,0,2,2,33,KING (33),735,FEDERAL WAY,8,8,6,June,2021,3,Tuesday,17,5:00pm-5:59pm,19,19,0,This section IS NOT on the NHS,2,Urban,3,Principal Arterial - Other,1,State Highway Agency,3,State Highway,SR-99,1ST AVE S,27,27,47.26606389,47.26606389,-122.334794440,-122.334794440,0,No Special Jurisdiction,12,Motor Vehicle In-Transport,1,Front-to-Rear,0,No,3,Intersection-Related,4,Y-Intersection,0,None,,,1,On Roadway,1,Daylight,,,,,1,Clear,0,No,0000000,Not Applicable,17,5:00pm-5:59pm,21,21,17,5:00pm-5:59pm,28,28,88,"Not Applicable (Not Transported) ",88,Not Applicable (Not Transported),,,,,,,1,
2021,53,530173,Washington,2,2,0,0,0,3,3,53,PIERCE (53),0,NOT APPLICABLE,12,12,6,June,2021,7,Saturday,23,11:00pm-11:59pm,20,20,0,This section IS NOT on the NHS,2,Urban,3,Principal Arterial - Other,2,County Highway Agency,4,County Road,CR-SPANAWAY LOOP RD S,,35,35,47.13788333,47.13788333,-122.459044440,-122.459044440,0,No Special Jurisdiction,12,Motor Vehicle In-Transport,1,Front-to-Rear,0,No,1,Non-Junction,1,Not an Intersection,0,None,,,1,On Roadway,3,Dark - Lighted,,,,,2,Rain,0,No,0000000,Not Applicable,23,11:00pm-11:59pm,20,20,23,11:00pm-11:59pm,26,26,23,11:00pm-11:59pm,57,57,,,,,,,1,
2021,53,530174,Washington,1,1,0,0,0,2,2,63,SPOKANE (63),0,NOT APPLICABLE,10,10,6,June,2021,5,Thursday,19,7:00pm-7:59pm,4,4,0,This section IS NOT on the NHS,2,Urban,7,Local,2,County Highway Agency,4,County Road,CR-THOMAS MALLEN RD,,22,22,47.59512778,47.59512778,-117.540222220,-117.540222220,0,No Special Jurisdiction,38,Fence,0,The First Harmful Event was Not a Collision with a Motor Vehicle in Transport,0,No,1,Non-Junction,1,Not an Intersection,0,None,,,4,On Roadside,1,Daylight,,,,,1,Clear,0,No,0000000,Not Applicable,19,7:00pm-7:59pm,7,7,19,7:00pm-7:59pm,20,20,20,8:00pm-8:59pm,12,12,,,,,,,1,
2021,53,530175,Washington,1,1,0,0,0,1,1,63,SPOKANE (63),0,NOT APPLICABLE,13,13,6,June,2021,1,Sunday,19,7:00pm-7:59pm,4,4,0,This section IS NOT on the NHS,1,Rural,7,Local,2,County Highway Agency,4,County Road,CR-BELMONT RD,,31,31,47.56873333,47.56873333,-117.157805560,-117.157805560,0,No Special Jurisdiction,42,Tree (Standing Only),0,The First Harmful Event was Not a Collision with a Motor Vehicle in Transport,0,No,1,Non-Junction,1,Not an Intersection,0,None,,,4,On Roadside,1,Daylight,,,,,1,Clear,0,No,0000000,Not Applicable,19,7:00pm-7:59pm,6,6,19,7:00pm-7:59pm,18,18,88,"Not Applicable (Not Transported) ",88,Not Applicable (Not Transported),,,,,,,1,
2021,53,530176,Washington,2,1,1,4,4,1,1,33,KING (33),1960,SEATTLE,13,13,6,June,2021,1,Sunday,1,1:00am-1:59am,19,19,1,This section IS ON the NHS,2,Urban,1,Interstate,1,State Highway Agency,1,Interstate,I-5,,1632,1632,47.57539722,47.57539722,-122.319961110,-122.319961110,0,No Special Jurisdiction,25,Concrete Traffic Barrier,0,The First Harmful Event was Not a Collision with a Motor Vehicle in Transport,0,No,1,Non-Junction,1,Not an Intersection,0,None,,,3,On Median,3,Dark - Lighted,,,,,2,Rain,0,No,0000000,Not Applicable,1,1:00am-1:59am,19,19,1,1:00am-1:59am,27,27,88,"Not Applicable (Not Transported) ",88,Not Applicable (Not Transported),,,,,,,1,
2021,53,530178,Washington,2,2,0,0,0,2,2,55,SAN JUAN (55),0,NOT APPLICABLE,31,31,5,May,2021,2,Monday,17,5:00pm-5:59pm,16,16,0,This section IS NOT on the NHS,1,Rural,5,Major Collector,2,County Highway Agency,4,County Road,CR-BEAVERTON VALLEY RD,,31,31,48.54492500,48.54492500,-123.078583330,-123.078583330,0,No Special Jurisdiction,12,Motor Vehicle In-Transport,6,Angle,0,No,1,Non-Junction,1,Not an Intersection,0,None,,,1,On Roadway,1,Daylight,,,,,1,Clear,0,No,0000000,Not Applicable,17,5:00pm-5:59pm,17,17,17,5:00pm-5:59pm,24,24,18,6:00pm-6:59pm,8,8,,,,,,,1,
2021,53,530179,Washington,1,1,0,1,1,1,1,61,SNOHOMISH (61),0,NOT APPLICABLE,6,6,6,June,2021,1,Sunday,0,0:00am-0:59am,2,2,0,This section IS NOT on the NHS,2,Urban,3,Principal Arterial - Other,2,County Highway Agency,4,County Road,CR-128TH ST SW,8TH AVE W,9,9,47.88190000,47.88190000,-122.244216670,-122.244216670,0,No Special Jurisdiction,8,Pedestrian,0,The First Harmful Event was Not a Collision with a Motor Vehicle in Transport,0,No,3,Intersection-Related,2,Four-Way Intersection,0,None,,,1,On Roadway,3,Dark - Lighted,,,,,2,Rain,0,No,0000000,Not Applicable,99,Unknown,99,Unknown,99,Unknown EMS Scene Arrival Hour,99,Unknown EMS Scene Arrival Minutes,99,Unknown,99,Unknown EMS Hospital Arrival Time,,,,,,,1,
2021,53,530180,Washington,1,1,0,0,0,2,2,53,PIERCE (53),210,BUCKLEY,10,10,6,June,2021,5,Thursday,0,0:00am-0:59am,1,1,0,This section IS NOT on the NHS,2,Urban,3,Principal Arterial - Other,1,State Highway Agency,3,State Highway,SR-410,SR-165,119,119,47.15806111,47.15806111,-122.036363890,-122.036363890,0,No Special Jurisdiction,59,"Traffic Sign Support ",0,The First Harmful Event was Not a Collision with a Motor Vehicle in Transport,0,No,3,Intersection-Related,3,T-Intersection,0,None,,,4,On Roadside,3,Dark - Lighted,,,,,1,Clear,0,No,0000000,Not Applicable,99,Unknown,99,Unknown,99,Unknown EMS Scene Arrival Hour,99,Unknown EMS Scene Arrival Minutes,99,Unknown,99,Unknown EMS Hospital Arrival Time,,,,,,,1,
2021,53,530181,Washington,1,1,0,0,0,1,1,71,WALLA WALLA (71),2390,WALLA WALLA,6,6,6,June,2021,1,Sunday,4,4:00am-4:59am,8,8,0,This section IS NOT on the NHS,2,Urban,7,Local,4,City or Municipal Highway Agency,6,Local Street - Municipality,S HOWARD ST,,0,None,46.06537500,46.06537500,-118.325119440,-118.325119440,0,No Special Jurisdiction,1,Rollover/Overturn,0,The First Harmful Event was Not a Collision with a Motor Vehicle in Transport,0,No,1,Non-Junction,1,Not an Intersection,0,None,,,1,On Roadway,2,Dark - Not Lighted,,,,,10,Cloudy,0,No,0000000,Not Applicable,4,4:00am-4:59am,24,24,4,4:00am-4:59am,29,29,88,"Not Applicable (Not Transported) ",88,Not Applicable (Not Transported),,,,,,,1,
2021,53,530183,Washington,2,2,0,0,0,2,2,41,LEWIS (41),0,NOT APPLICABLE,18,18,6,June,2021,6,Friday,15,3:00pm-3:59pm,45,45,1,This section IS ON the NHS,1,Rural,3,Principal Arterial - Other,1,State Highway Agency,2,U.S. Highway,US-12,YOUNG RD,1171,1171,46.53407222,46.53407222,-121.907800000,-121.907800000,0,No Special Jurisdiction,12,Motor Vehicle In-Transport,1,Front-to-Rear,0,No,2,Intersection,2,Four-Way Intersection,0,None,,,1,On Roadway,1,Daylight,,,,,1,Clear,0,No,0000000,Not Applicable,15,3:00pm-3:59pm,42,42,15,3:00pm-3:59pm,52,52,16,4:00pm-4:59pm,17,17,,,,,,,1,
2021,53,530184,Washington,2,2,0,0,0,5,5,11,CLARK (11),0,NOT APPLICABLE,14,14,6,June,2021,2,Monday,13,1:00pm-1:59pm,28,28,0,This section IS NOT on the NHS,1,Rural,4,Minor Arterial,1,State Highway Agency,3,State Highway,SR-503,,146,146,45.87146111,45.87146111,-122.516425000,-122.516425000,0,No Special Jurisdiction,12,Motor Vehicle In-Transport,2,Front-to-Front,0,No,1,Non-Junction,1,Not an Intersection,0,None,,,1,On Roadway,1,Daylight,,,,,2,Rain,0,No,0000000,Not Applicable,13,1:00pm-1:59pm,27,27,13,1:00pm-1:59pm,34,34,14,2:00pm-2:59pm,32,32,,,,,,,3,
2021,53,530185,Washington,1,1,0,0,0,1,1,33,KING (33),1960,SEATTLE,28,28,5,May,2021,6,Friday,12,12:00pm-12:59pm,46,46,0,This section IS NOT on the NHS,2,Urban,5,Major Collector,4,City or Municipal Highway Agency,6,Local Street - Municipality,MILITARY RD S,,0,None,47.53460000,47.53460000,-122.294900000,-122.294900000,0,No Special Jurisdiction,41,Shrubbery,0,The First Harmful Event was Not a Collision with a Motor Vehicle in Transport,0,No,1,Non-Junction,1,Not an Intersection,0,None,,,4,On Roadside,1,Daylight,,,,,1,Clear,0,No,0000000,Not Applicable,12,12:00pm-12:59pm,46,46,12,12:00pm-12:59pm,53,53,13,1:00pm-1:59pm,27,27,,,,,,,1,
2021,53,530186,Washington,2,2,0,0,0,5,5,33,KING (33),735,FEDERAL WAY,15,15,6,June,2021,3,Tuesday,19,7:00pm-7:59pm,8,8,0,This section IS NOT on the NHS,2,Urban,3,Principal Arterial - Other,1,State Highway Agency,3,State Highway,SR-99,374TH ST,27,27,47.26611667,47.26611667,-122.334733330,-122.334733330,0,No Special Jurisdiction,12,Motor Vehicle In-Transport,6,Angle,0,No,3,Intersection-Related,3,T-Intersection,0,None,,,1,On Roadway,5,Dusk,,,,,1,Clear,0,No,0000000,Not Applicable,19,7:00pm-7:59pm,10,10,19,7:00pm-7:59pm,18,18,19,7:00pm-7:59pm,39,39,,,,,,,2,
2021,53,530187,Washington,1,1,0,0,0,1,1,33,KING (33),1960,SEATTLE,28,28,5,May,2021,6,Friday,21,9:00pm-9:59pm,7,7,0,This section IS NOT on the NHS,2,Urban,2,Principal Arterial - Other Freeways and Expressways,4,City or Municipal Highway Agency,6,Local Street - Municipality,W SEATTLE BRG E RAMP,,0,None,47.57078611,47.57078611,-122.327902780,-122.327902780,0,No Special Jurisdiction,25,Concrete Traffic Barrier,0,The First Harmful Event was Not a Collision with a Motor Vehicle in Transport,0,No,5,Entrance/Exit Ramp Related,1,Not an Intersection,0,None,,,4,On Roadside,3,Dark - Lighted,,,,,1,Clear,0,No,0000000,Not Applicable,21,9:00pm-9:59pm,11,11,21,9:00pm-9:59pm,17,17,88,"Not Applicable (Not Transported) ",88,Not Applicable (Not Transported),,,,,,,1,
2021,53,530188,Washington,2,2,0,0,0,2,2,35,KITSAP (35),0,NOT APPLICABLE,25,25,1,January,2021,2,Monday,7,7:00am-7:59am,59,59,0,This section IS NOT on the NHS,1,Rural,3,Principal Arterial - Other,1,State Highway Agency,3,State Highway,SR-3,PIONEER HILL RD NW,545,545,47.78395556,47.78395556,-122.651241670,-122.651241670,0,No Special Jurisdiction,12,Motor Vehicle In-Transport,6,Angle,0,No,2,Intersection,2,Four-Way Intersection,0,None,,,1,On Roadway,1,Daylight,,,,,1,Clear,0,No,0000000,Not Applicable,7,7:00am-7:59am,57,57,8,8:00am-8:59am,1,1,9,9:00am-9:59am,18,18,,,,,,,1,