caseyear,state,st_case,statename,ve_total,ve_forms,pvh_invl,peds,pernotmvit,permvit,persons,county,countyname,city,cityname,day,dayname,month,monthname,year,day_week,day_weekname,hour,hourname,minute,minutename,nhs,nhsname,rur_urb,rur_urbname,func_sys,func_sysname,rd_owner,rd_ownername,route,routename,tway_id,tway_id2,milept,mileptname,latitude,latitudename,longitud,longitudname,sp_jur,sp_jurname,harm_ev,harm_evname,man_coll,man_collname,reljct1,reljct1name,reljct2,reljct2name,typ_int,typ_intname,wrk_zone,wrk_zonename,road_fnc,road_fncname,rel_road,rel_roadname,lgt_cond,lgt_condname,weather1,weather1name,weather2,weather2name,weather,weathername,sch_bus,sch_busname,rail,railname,not_hour,not_hourname,not_min,not_minname,arr_hour,arr_hourname,arr_min,arr_minname,hosp_hr,hosp_hrname,hosp_mn,hosp_mnname,cf1,cf1name,cf2,cf2name,cf3,cf3name,fatals,drunk_dr
2021,53,530189,Washington,1,1,0,0,0,2,2,63,SPOKANE (63),2110,SPOKANE,22,22,6,June,2021,3,Tuesday,2,2:00am-2:59am,54,54,0,This section IS NOT on the NHS,2,Urban,3,Principal Arterial - Other,1,State Highway Agency,3,State Highway,SR-290,,16,16,47.66228611,47.66228611,-117.375930560,-117.375930560,0,No Special Jurisdiction,40,Fire Hydrant,0,The First Harmful Event was Not a Collision with a Motor Vehicle in Transport,0,No,1,Non-Junction,1,Not an Intersection,0,None,,,4,On Roadside,3,Dark - Lighted,,,,,1,Clear,0,No,0000000,Not Applicable,2,2:00am-2:59am,55,55,3,3:00am-3:59am,3,3,3,3:00am-3:59am,22,22,,,,,,,1,
2021,53,530190,Washington,2,2,0,0,0,8,8,25,GRANT (25),0,NOT APPLICABLE,13,13,6,June,2021,1,Sunday,15,3:00pm-3:59pm,37,37,0,This section IS NOT on the NHS,1,Rural,5,Major Collector,2,County Highway Agency,4,County Road,CR-DODSON RD,RD 4 NW,187,187,47.14794167,47.14794167,-119.555436110,-119.555436110,0,No Special Jurisdiction,12,Motor Vehicle In-Transport,6,Angle,0,No,2,Intersection,2,Four-Way Intersection,0,None,,,1,On Roadway,1,Daylight,,,,,10,Cloudy,0,No,0000000,Not Applicable,15,3:00pm-3:59pm,39,39,15,3:00pm-3:59pm,57,57,16,4:00pm-4:59pm,57,57,,,,,,,1,
2021,53,530191,Washington,1,1,0,1,1,1,1,15,COWLITZ (15),0,NOT APPLICABLE,22,22,6,June,2021,3,Tuesday,20,8:00pm-8:59pm,45,45,1,This section IS ON the NHS,1,Rural,1,Interstate,1,State Highway Agency,1,Interstate,I-5,,243,243,45.94416111,45.94416111,-122.778602780,-122.778602780,0,No Special Jurisdiction,8,Pedestrian,0,The First Harmful Event was Not a Collision with a Motor Vehicle in Transport,0,No,1,Non-Junction,1,Not an Intersection,0,None,,,1,On Roadway,1,Daylight,,,,,1,Clear,0,No,0000000,Not Applicable,99,Unknown,99,Unknown,99,Unknown EMS Scene Arrival Hour,99,Unknown EMS Scene Arrival Minutes,88,"Not Applicable (Not Transported) ",88,Not Applicable (Not Transported),,,,,,,1,
2021,53,530192,Washington,2,2,0,0,0,2,2,29,ISLAND (29),0,NOT APPLICABLE,12,12,6,June,2021,7,Saturday,18,6:00pm-6:59pm,20,20,0,This section IS NOT on the NHS,1,Rural,6,Minor Collector,2,County Highway Agency,4,County Road,CR-RACE RD,,13,13,48.18120278,48.18120278,-122.590897220,-122.590897220,0,No Special Jurisdiction,42,Tree (Standing Only),0,The First Harmful Event was Not a Collision with a Motor Vehicle in Transport,0,No,1,Non-Junction,1,Not an Intersection,0,None,,,4,On Roadside,1,Daylight,,,,,1,Clear,0,No,0000000,Not Applicable,18,6:00pm-6:59pm,19,19,18,6:00pm-6:59pm,29,29,19,7:00pm-7:59pm,7,7,,,,,,,1,
2021,53,530193,Washington,1,1,0,0,0,1,1,57,SKAGIT (57),0,NOT APPLICABLE,22,22,6,June,2021,3,Tuesday,18,6:00pm-6:59pm,40,40,0,This section IS NOT on the NHS,1,Rural,6,Minor Collector,2,County Highway Agency,4,County Road,CR-CONCRETE SAUK VALLEY RD,,26,26,48.51821389,48.51821389,-121.747108330,-121.747108330,0,No Special Jurisdiction,42,Tree (Standing Only),0,The First Harmful Event was Not a Collision with a Motor Vehicle in Transport,0,No,1,Non-Junction,1,Not an Intersection,0,None,,,4,On Roadside,1,Daylight,,,,,1,Clear,0,No,0000000,Not Applicable,18,6:00pm-6:59pm,45,45,19,7:00pm-7:59pm,2,2,88,"Not Applicable (Not Transported) ",88,Not Applicable (Not Transported),,,,,,,1,
2021,53,530194,Washington,1,1,0,1,1,1,1,33,KING (33),1960,SEATTLE,18,18,6,June,2021,6,Friday,19,7:00pm-7:59pm,32,32,0,This section IS NOT on the NHS,2,Urban,2,Principal Arterial - Other Freeways and Expressways,1,State Highway Agency,3,State Highway,SR-509,,343,343,47.52488056,47.52488056,-122.333488890,-122.333488890,0,No Special Jurisdiction,8,Pedestrian,0,The First Harmful Event was Not a Collision with a Motor Vehicle in Transport,0,No,1,Non-Junction,1,Not an Intersection,0,None,,,1,On Roadway,1,Daylight,,,,,1,Clear,0,No,0000000,Not Applicable,19,7:00pm-7:59pm,35,35,19,7:00pm-7:59pm,44,44,20,8:00pm-8:59pm,13,13,,,,,,,1,
2021,53,530195,Washington,2,2,0,0,0,2,2,63,SPOKANE (63),2113,SPOKANE VALLEY,22,22,6,June,2021,3,Tuesday,10,10:00am-10:59am,45,45,0,This section IS NOT on the NHS,2,Urban,3,Principal Arterial - Other,4,City or Municipal Highway Agency,6,Local Street - Municipality,E SPRAGUE AVE,N Gillis Rd,0,None,47.65714167,47.65714167,-117.257211110,-117.257211110,0,No Special Jurisdiction,12,Motor Vehicle In-Transport,2,Front-to-Front,0,No,3,Intersection-Related,3,T-Intersection,0,None,,,1,On Roadway,1,Daylight,,,,,1,Clear,0,No,0000000,Not Applicable,10,10:00am-10:59am,46,46,10,10:00am-10:59am,52,52,11,11:00am-11:59am,23,23,,,,,,,1,
2021,53,530196,Washington,1,1,0,0,0,1,1,63,SPOKANE (63),0,NOT APPLICABLE,26,26,6,June,2021,7,Saturday,20,8:00pm-8:59pm,38,38,0,This section IS NOT on the NHS,1,Rural,5,Major Collector,2,County Highway Agency,4,County Road,CR-CHARLES RD,,77,77,47.79182778,47.79182778,-117.587386110,-117.587386110,0,No Special Jurisdiction,42,Tree (Standing Only),0,The First Harmful Event was Not a Collision with a Motor Vehicle in Transport,0,No,1,Non-Junction,1,Not an Intersection,0,None,,,4,On Roadside,1,Daylight,,,,,1,Clear,0,No,0000000,Not Applicable,20,8:00pm-8:59pm,42,42,20,8:00pm-8:59pm,59,59,21,9:00pm-9:59pm,46,46,,,,,,,1,
2021,53,530197,Washington,2,2,0,0,0,3,3,61,SNOHOMISH (61),0,NOT APPLICABLE,14,14,6,June,2021,2,Monday,22,10:00pm-10:59pm,19,19,0,This section IS NOT on the NHS,2,Urban,3,Principal Arterial - Other,1,State Highway Agency,3,State Highway,SR-99,,443,443,47.87014444,47.87014444,-122.276305560,-122.276305560,0,No Special Jurisdiction,12,Motor Vehicle In-Transport,2,Front-to-Front,0,No,1,Non-Junction,1,Not an Intersection,0,None,,,1,On Roadway,3,Dark - Lighted,,,,,10,Cloudy,0,No,0000000,Not Applicable,22,10:00pm-10:59pm,16,16,22,10:00pm-10:59pm,24,24,99,Unknown,99,Unknown EMS Hospital Arrival Time,,,,,,,2,
2021,53,530198,Washington,1,1,0,0,0,5,5,53,PIERCE (53),0,NOT APPLICABLE,28,28,6,June,2021,2,Monday,21,9:00pm-9:59pm,14,14,0,This section IS NOT on the NHS,1,Rural,5,Major Collector,2,County Highway Agency,4,County Road,CR-BLISS COCHRANE RD NW,,6,6,47.36244167,47.36244167,-122.779952780,-122.779952780,0,No Special Jurisdiction,42,Tree (Standing Only),0,The First Harmful Event was Not a Collision with a Motor Vehicle in Transport,0,No,1,Non-Junction,1,Not an Intersection,0,None,,,4,On Roadside,5,Dusk,,,,,1,Clear,0,No,0000000,Not Applicable,21,9:00pm-9:59pm,14,14,21,9:00pm-9:59pm,48,48,22,10:00pm-10:59pm,45,45,,,,,,,1,
2021,53,530199,Washington,1,1,0,0,0,2,2,57,SKAGIT (57),0,NOT APPLICABLE,26,26,6,June,2021,7,Saturday,19,7:00pm-7:59pm,55,55,0,This section IS NOT on the NHS,1,Rural,7,Local,2,County Highway Agency,4,County Road,CR-CONCRETE SAUK VALLEY RD,,6,6,48.39838056,48.39838056,-121.563963890,-121.563963890,0,No Special Jurisdiction,35,Embankment,0,The First Harmful Event was Not a Collision with a Motor Vehicle in Transport,0,No,1,Non-Junction,1,Not an Intersection,0,None,,,4,On Roadside,1,Daylight,,,,,1,Clear,0,No,0000000,Not Applicable,19,7:00pm-7:59pm,55,55,20,8:00pm-8:59pm,25,25,88,"Not Applicable (Not Transported) ",88,Not Applicable (Not Transported),,,,,,,1,
2021,53,530200,Washington,2,2,0,0,0,3,3,11,CLARK (11),0,NOT APPLICABLE,15,15,6,June,2021,3,Tuesday,9,9:00am-9:59am,39,39,0,This section IS NOT on the NHS,2,Urban,2,Principal Arterial - Other Freeways and Expressways,1,State Highway Agency,3,State Highway,SR-500,NE 76TH ST,67,67,45.67782500,45.67782500,-122.552544440,-122.552544440,0,No Special Jurisdiction,12,Motor Vehicle In-Transport,6,Angle,0,No,2,Intersection,2,Four-Way Intersection,0,None,,,1,On Roadway,1,Daylight,,,,,10,Cloudy,0,No,0000000,Not Applicable,9,9:00am-9:59am,36,36,9,9:00am-9:59am,47,47,10,10:00am-10:59am,11,11,,,,,,,1,
2021,53,530201,Washington,2,2,0,0,0,3,3,33,KING (33),0,NOT APPLICABLE,7,7,6,June,2021,2,Monday,3,3:00am-3:59am,54,54,0,This section IS NOT on the NHS,1,Rural,3,Principal Arterial - Other,1,State Highway Agency,3,State Highway,SR-900,,110,110,47.51391944,47.51391944,-122.077133330,-122.077133330,0,No Special Jurisdiction,12,Motor Vehicle In-Transport,2,Front-to-Front,0,No,1,Non-Junction,1,Not an Intersection,0,None,,,1,On Roadway,2,Dark - Not Lighted,,,,,2,Rain,0,No,0000000,Not Applicable,3,3:00am-3:59am,55,55,4,4:00am-4:59am,6,6,4,4:00am-4:59am,33,33,,,,,,,1,
2021,53,530202,Washington,3,3,0,0,0,3,3,53,PIERCE (53),0,NOT APPLICABLE,18,18,6,June,2021,6,Friday,13,1:00pm-1:59pm,32,32,0,This section IS NOT on the NHS,2,Urban,2,Principal Arterial - Other Freeways and Expressways,1,State Highway Agency,3,State Highway,SR-167,,82,82,47.20224444,47.20224444,-122.257911110,-122.257911110,0,No Special Jurisdiction,12,Motor Vehicle In-Transport,1,Front-to-Rear,0,No,1,Non-Junction,1,Not an Intersection,0,None,,,1,On Roadway,1,Daylight,,,,,1,Clear,0,No,0000000,Not Applicable,13,1:00pm-1:59pm,33,33,13,1:00pm-1:59pm,46,46,88,"Not Applicable (Not Transported) ",88,Not Applicable (Not Transported),,,,,,,1,
2021,53,530204,Washington,1,1,0,0,0,2,2,5,BENTON (5),0,NOT APPLICABLE,1,1,7,July,2021,5,Thursday,5,5:00am-5:59am,0,0,1,This section IS ON the NHS,1,Rural,1,Interstate,1,State Highway Agency,1,Interstate,I-82,,1212,1212,46.04681111,46.04681111,-119.224541670,-119.224541670,0,No Special Jurisdiction,24,Guardrail Face,0,The First Harmful Event was Not a Collision with a Motor Vehicle in Transport,0,No,1,Non-Junction,1,Not an Intersection,0,None,,,4,On Roadside,9,Reported as Unknown,,,,,10,Cloudy,0,No,0000000,Not Applicable,99,Unknown,99,Unknown,99,Unknown EMS Scene Arrival Hour,99,Unknown EMS Scene Arrival Minutes,88,"Not Applicable (Not Transported) ",88,Not Applicable (Not Transported),,,,,,,2,
2021,53,530205,Washington,2,2,0,0,0,4,4,77,YAKIMA (77),0,NOT APPLICABLE,29,29,4,April,2021,5,Thursday,15,3:00pm-3:59pm,58,58,1,This section IS ON the NHS,1,Rural,3,Principal Arterial - Other,1,State Highway Agency,2,U.S. Highway,US-97,,509,509,46.25663889,46.25663889,-120.409605560,-120.409605560,3,Indian Reservation,12,Motor Vehicle In-Transport,2,Front-to-Front,0,No,1,Non-Junction,1,Not an Intersection,0,None,,,1,On Roadway,1,Daylight,,,,,1,Clear,0,No,0000000,Not Applicable,15,3:00pm-3:59pm,58,58,16,4:00pm-4:59pm,12,12,17,5:00pm-5:59pm,5,5,,,,,,,1,
2021,53,530206,Washington,1,1,0,1,1,1,1,33,KING (33),1830,RENTON,29,29,6,June,2021,3,Tuesday,4,4:00am-4:59am,36,36,0,This section IS NOT on the NHS,2,Urban,2,Principal Arterial - Other Freeways and Expressways,1,State Highway Agency,3,State Highway,SR-167,,259,259,47.44389444,47.44389444,-122.216713890,-122.216713890,0,No Special Jurisdiction,8,Pedestrian,0,The First Harmful Event was Not a Collision with a Motor Vehicle in Transport,0,No,1,Non-Junction,1,Not an Intersection,0,None,,,1,On Roadway,4,Dawn,,,,,1,Clear,0,No,0000000,Not Applicable,4,4:00am-4:59am,50,50,4,4:00am-4:59am,55,55,88,"Not Applicable (Not Transported) ",88,Not Applicable (Not Transported),,,,,,,1,
2021,53,530207,Washington,2,2,0,0,0,2,2,53,PIERCE (53),2230,TACOMA,4,4,7,July,2021,1,Sunday,13,1:00pm-1:59pm,48,48,0,This section IS NOT on the NHS,2,Urban,3,Principal Arterial - Other,1,State Highway Agency,6,Local Street - Municipality,S HOSMER,S 82ND ST,3,3,47.18285278,47.18285278,-122.463211110,-122.463211110,0,No Special Jurisdiction,12,Motor Vehicle In-Transport,6,Angle,0,No,2,Intersection,3,T-Intersection,0,None,,,1,On Roadway,1,Daylight,,,,,1,Clear,0,No,0000000,Not Applicable,13,1:00pm-1:59pm,48,48,13,1:00pm-1:59pm,53,53,88,"Not Applicable (Not Transported) ",88,Not Applicable (Not Transported),,,,,,,1,
2021,53,530208,Washington,2,2,0,1,1,2,2,33,KING (33),1960,SEATTLE,6,6,6,June,2021,1,Sunday,22,10:00pm-10:59pm,39,39,0,This section IS NOT on the NHS,2,Urban,3,Principal Arterial - Other,4,City or Municipal Highway Agency,6,Local Street - Municipality,MARTIN LUTHER KING JR WAY S,S Edmunds St,0,None,47.55867778,47.55867778,-122.291869440,-122.291869440,0,No Special Jurisdiction,8,Pedestrian,0,The First Harmful Event was Not a Collision with a Motor Vehicle in Transport,0,No,3,Intersection-Related,2,Four-Way Intersection,0,None,,,1,On Roadway,3,Dark - Lighted,,,,,2,Rain,0,No,0000000,Not Applicable,22,10:00pm-10:59pm,41,41,22,10:00pm-10:59pm,51,51,23,11:00pm-11:59pm,10,10,,,,,,,1,
2021,53,530209,Washington,3,3,0,0,0,5,5,15,COWLITZ (15),0,NOT APPLICABLE,4,4,7,July,2021,1,Sunday,3,3:00am-3:59am,11,11,1,This section IS ON the NHS,1,Rural,1,Interstate,1,State Highway Agency,1,Interstate,I-5,,337,337,46.06105556,46.06105556,-122.866661110,-122.866661110,0,No Special Jurisdiction,12,Motor Vehicle In-Transport,2,Front-to-Front,0,No,1,Non-Junction,1,Not an Intersection,0,None,,,1,On Roadway,2,Dark - Not Lighted,,,,,10,Cloudy,0,No,0000000,Not Applicable,3,3:00am-3:59am,10,10,3,3:00am-3:59am,22,22,3,3:00am-3:59am,41,41,,,,,,,1,
2021,53,530210,Washington,2,2,0,1,1,3,3,63,SPOKANE (63),2113,SPOKANE VALLEY,30,30,6,June,2021,4,Wednesday,21,9:00pm-9:59pm,53,53,0,This section IS NOT on the NHS,2,Urban,3,Principal Arterial - Other,4,City or Municipal Highway Agency,6,Local Street - Municipality,N SULLIVAN RD,,0,None,47.66645556,47.66645556,-117.196708330,-117.196708330,0,No Special Jurisdiction,8,Pedestrian,0,The First Harmful Event was Not a Collision with a Motor Vehicle in Transport,0,No,1,Non-Junction,1,Not an Intersection,0,None,,,1,On Roadway,3,Dark - Lighted,,,,,1,Clear,0,No,0000000,Not Applicable,99,Unknown,99,Unknown,99,Unknown EMS Scene Arrival Hour,99,Unknown EMS Scene Arrival Minutes,88,"Not Applicable (Not Transported) ",88,Not Applicable (Not Transported),,,,,,,1,
2021,53,530211,Washington,1,1,0,0,0,1,1,63,SPOKANE (63),0,NOT APPLICABLE,1,1,7,July,2021,5,Thursday,14,2:00pm-2:59pm,37,37,0,This section IS NOT on the NHS,1,Rural,6,Minor Collector,2,County Highway Agency,4,County Road,CR-MALLOY PRAIRIE RD,,8,8,47.44456944,47.44456944,-117.779419440,-117.779419440,0,No Special Jurisdiction,24,Guardrail Face,0,The First Harmful Event was Not a Collision with a Motor Vehicle in Transport,0,No,1,Non-Junction,1,Not an Intersection,0,None,,,4,On Roadside,1,Daylight,,,,,1,Clear,0,No,0000000,Not Applicable,99,Unknown,99,Unknown,99,Unknown EMS Scene Arrival Hour,99,Unknown EMS Scene Arrival Minutes,88,"Not Applicable (Not Transported) ",88,Not Applicable (Not Transported),,,,,,,1,
2021,53,530212,Washington,2,2,0,0,0,3,3,53,PIERCE (53),747,FIFE,4,4,7,July,2021,1,Sunday,13,1:00pm-1:59pm,56,56,0,This section IS NOT on the NHS,2,Urban,3,Principal Arterial - Other,4,City or Municipal Highway Agency,6,Local Street - Municipality,PACIFIC HWY E,46th Ave E,0,None,47.24308889,47.24308889,-122.367386110,-122.367386110,3,Indian Reservation,12,Motor Vehicle In-Transport,6,Angle,0,No,2,Intersection,3,T-Intersection,0,None,,,1,On Roadway,1,Daylight,,,,,1,Clear,0,No,0000000,Not Applicable,13,1:00pm-1:59pm,57,57,14,2:00pm-2:59pm,3,3,88,"Not Applicable (Not Transported) ",88,Not Applicable (Not Transported),,,,,,,1,
2021,53,530213,Washington,1,1,0,0,0,2,2,15,COWLITZ (15),0,NOT APPLICABLE,2,2,7,July,2021,6,Friday,8,8:00am-8:59am,29,29,0,This section IS NOT on the NHS,2,Urban,3,Principal Arterial - Other,1,State Highway Agency,3,State Highway,SR-4,COAL CREEK RD,552,552,46.17668056,46.17668056,-123.025802780,-123.025802780,0,No Special Jurisdiction,30,Utility Pole/Light Support,0,The First Harmful Event was Not a Collision with a Motor Vehicle in Transport,0,No,3,Intersection-Related,2,Four-Way Intersection,0,None,,,12,Pedestrian Refuge Island or Traffic Island,1,Daylight,,,,,10,Cloudy,0,No,0000000,Not Applicable,8,8:00am-8:59am,29,29,8,8:00am-8:59am,45,45,9,9:00am-9:59am,3,3,,,,,,,1,
2021,53,530214,Washington,2,2,0,0,0,3,3,73,WHATCOM (73),0,NOT APPLICABLE,23,23,6,June,2021,4,Wednesday,11,11:00am-11:59am,21,21,0,This section IS NOT on the NHS,1,Rural,5,Major Collector,1,State Highway Agency,3,State Highway,SR-9,,864,864,48.87677500,48.87677500,-122.309547220,-122.309547220,0,No Special Jurisdiction,12,Motor Vehicle In-Transport,6,Angle,0,No,8,Driveway Access Related,1,Not an Intersection,0,None,,,1,On Roadway,1,Daylight,,,,,1,Clear,0,No,0000000,Not Applicable,11,11:00am-11:59am,20,20,11,11:00am-11:59am,37,37,12,12:00pm-12:59pm,4,4,,,,,,,1,
2021,53,530215,Washington,1,1,0,0,0,1,1,33,KING (33),100,AUBURN,25,25,6,June,2021,6,Friday,0,0:00am-0:59am,50,50,0,This section IS NOT on the NHS,2,Urban,2,Principal Arterial - Other Freeways and Expressways,1,State Highway Agency,3,State Highway,SR-18,,30,30,47.30382500,47.30382500,-122.262191670,-122.262191670,0,No Special Jurisdiction,25,Concrete Traffic Barrier,0,The First Harmful Event was Not a Collision with a Motor Vehicle in Transport,0,No,1,Non-Junction,1,Not an Intersection,0,None,,,4,On Roadside,2,Dark - Not Lighted,,,,,1,Clear,0,No,0000000,Not Applicable,0,0:00am-0:59am,59,59,1,1:00am-1:59am,11,11,2,2:00am-2:59am,0,0,,,,,,,1,
2021,53,530216,Washington,1,1,0,0,0,2,2,77,YAKIMA (77),0,NOT APPLICABLE,30,30,6,June,2021,4,Wednesday,11,11:00am-11:59am,12,12,1,This section IS ON the NHS,2,Urban,4,Minor Arterial,1,State Highway Agency,2,U.S. Highway,US-97,,631,631,46.38761944,46.38761944,-120.354530560,-120.354530560,3,Indian Reservation,25,Concrete Traffic Barrier,0,The First Harmful Event was Not a Collision with a Motor Vehicle in Transport,0,No,1,Non-Junction,1,Not an Intersection,0,None,,,3,On Median,1,Daylight,,,,,1,Clear,0,No,0000000,Not Applicable,11,11:00am-11:59am,12,12,11,11:00am-11:59am,17,17,11,11:00am-11:59am,47,47,,,,,,,1,
2021,53,530217,Washington,2,2,0,0,0,2,2,65,STEVENS (65),0,NOT APPLICABLE,6,6,7,July,2021,3,Tuesday,19,7:00pm-7:59pm,0,0,1,This section IS ON the NHS,1,Rural,3,Principal Arterial - Other,1,State Highway Agency,2,U.S. Highway,US-395,MANTZ-RICKY RD,2327,2327,48.52184722,48.52184722,-117.903013890,-117.903013890,0,No Special Jurisdiction,12,Motor Vehicle In-Transport,6,Angle,0,No,2,Intersection,3,T-Intersection,0,None,,,1,On Roadway,1,Daylight,,,,,1,Clear,0,No,0000000,Not Applicable,19,7:00pm-7:59pm,13,13,19,7:00pm-7:59pm,18,18,19,7:00pm-7:59pm,25,25,,,,,,,1,
2021,53,530218,Washington,3,3,0,0,0,5,5,11,CLARK (11),2370,VANCOUVER,9,9,7,July,2021,6,Friday,11,11:00am-11:59am,59,59,1,This section IS ON the NHS,2,Urban,1,Interstate,1,State Highway Agency,1,Interstate,I-205,,32,32,45.64116944,45.64116944,-122.563416670,-122.563416670,0,No Special Jurisdiction,12,Motor Vehicle In-Transport,1,Front-to-Rear,0,No,1,Non-Junction,1,Not an Intersection,0,None,,,1,On Roadway,1,Daylight,,,,,1,Clear,0,No,0000000,Not Applicable,11,11:00am-11:59am,59,59,12,12:00pm-12:59pm,5,5,12,12:00pm-12:59pm,19,19,,,,,,,2,
2021,53,530219,Washington,3,3,0,0,0,3,3,1,ADAMS (1),0,NOT APPLICABLE,25,25,6,June,2021,6,Friday,13,1:00pm-1:59pm,28,28,0,This section IS NOT on the NHS,1,Rural,2,Principal Arterial - Other Freeways and Expressways,1,State Highway Agency,3,State Highway,SR-17,SUTTON RD,249,249,46.87005556,46.87005556,-119.132963890,-119.132963890,0,No Special Jurisdiction,12,Motor Vehicle In-Transport,1,Front-to-Rear,0,No,3,Intersection-Related,2,Four-Way Intersection,0,None,,,1,On Roadway,1,Daylight,,,,,1,Clear,0,No,0000000,Not Applicable,99,Unknown,99,Unknown,99,Unknown EMS Scene Arrival Hour,99,Unknown EMS Scene Arrival Minutes,88,"Not Applicable (Not Transported) ",88,Not Applicable (Not Transported),,,,,,,1,
2021,53,530220,Washington,1,1,0,0,0,1,1,61,SNOHOMISH (61),690,EVERETT,8,8,7,July,2021,5,Thursday,15,3:00pm-3:59pm,45,45,1,This section IS ON the NHS,2,Urban,1,Interstate,1,State Highway Agency,1,Interstate,I-5,,1920,1920,47.95490278,47.95490278,-122.200066670,-122.200066670,0,No Special Jurisdiction,24,Guardrail Face,0,The First Harmful Event was Not a Collision with a Motor Vehicle in Transport,0,No,1,Non-Junction,1,Not an Intersection,0,None,,,3,On Median,1,Daylight,,,,,1,Clear,0,No,0000000,Not Applicable,15,3:00pm-3:59pm,42,42,15,3:00pm-3:59pm,55,55,16,4:00pm-4:59pm,23,23,,,,,,,1,
2021,53,530221,Washington,4,4,0,0,0,6,6,7,CHELAN (7),0,NOT APPLICABLE,9,9,7,July,2021,6,Friday,15,3:00pm-3:59pm,22,22,1,This section IS ON the NHS,1,Rural,3,Principal Arterial - Other,1,State Highway Agency,2,U.S. Highway,US-2,,875,875,47.70908333,47.70908333,-120.742363890,-120.742363890,0,No Special Jurisdiction,24,Guardrail Face,0,The First Harmful Event was Not a Collision with a Motor Vehicle in Transport,0,No,1,Non-Junction,1,Not an Intersection,0,None,,,4,On Roadside,1,Daylight,,,,,1,Clear,0,No,0000000,Not Applicable,15,3:00pm-3:59pm,26,26,15,3:00pm-3:59pm,40,40,17,5:00pm-5:59pm,25,25,,,,,,,1,
2021,53,530222,Washington,1,1,0,0,0,1,1,67,THURSTON (67),1102,LACEY,12,12,7,July,2021,2,Monday,0,0:00am-0:59am,11,11,0,This section IS NOT on the NHS,2,Urban,4,Minor Arterial,4,City or Municipal Highway Agency,6,Local Street - Municipality,CARPENTER RD SE,,0,None,47.04771111,47.04771111,-122.796583330,-122.796583330,0,No Special Jurisdiction,42,Tree (Standing Only),0,The First Harmful Event was Not a Collision with a Motor Vehicle in Transport,0,No,1,Non-Junction,1,Not an Intersection,0,None,,,4,On Roadside,3,Dark - Lighted,,,,,1,Clear,0,No,0000000,Not Applicable,99,Unknown,99,Unknown,99,Unknown EMS Scene Arrival Hour,99,Unknown EMS Scene Arrival Minutes,99,Unknown,99,Unknown EMS Hospital Arrival Time,,,,,,,1,
2021,53,530223,Washington,2,2,0,0,0,2,2,77,YAKIMA (77),0,NOT APPLICABLE,25,25,6,June,2021,6,Friday,4,4:00am-4:59am,55,55,0,This section IS NOT on the NHS,1,Rural,5,Major Collector,2,County Highway Agency,4,County Road,CR-WAPATO RD W,,7,7,46.44800556,46.44800556,-120.444580560,-120.444580560,3,Indian Reservation,12,Motor Vehicle In-Transport,1,Front-to-Rear,0,No,1,Non-Junction,1,Not an Intersection,0,None,,,1,On Roadway,2,Dark - Not Lighted,,,,,1,Clear,0,No,0000000,Not Applicable,4,4:00am-4:59am,55,55,5,5:00am-5:59am,12,12,88,"Not Applicable (Not Transported) ",88,Not Applicable (Not Transported),,,,,,,1,
2021,53,530224,Washington,2,2,0,0,0,4,4,25,GRANT (25),0,NOT APPLICABLE,13,13,6,June,2021,1,Sunday,8,8:00am-8:59am,18,18,1,This section IS ON the NHS,1,Rural,1,Interstate,1,State Highway Agency,1,Interstate,I-90,,173,173,47.10453333,47.10453333,-119.408700000,-119.408700000,0,No Special Jurisdiction,12,Motor Vehicle In-Transport,2,Front-to-Front,0,No,1,Non-Junction,1,Not an Intersection,0,None,,,1,On Roadway,1,Daylight,,,,,1,Clear,0,No,0000000,Not Applicable,7,7:00am-7:59am,51,51,8,8:00am-8:59am,6,6,88,"Not Applicable (Not Transported) ",88,Not Applicable (Not Transported),,,,,,,1,
2021,53,530225,Washington,1,1,0,0,0,1,1,35,KITSAP (35),0,NOT APPLICABLE,20,20,6,June,2021,1,Sunday,19,7:00pm-7:59pm,44,44,0,This section IS NOT on the NHS,1,Rural,2,Principal Arterial - Other Freeways and Expressways,1,State Highway Agency,3,State Highway,SR-16,,270,270,47.52738889,47.52738889,-122.700119440,-122.700119440,0,No Special Jurisdiction,24,Guardrail Face,0,The First Harmful Event was Not a Collision with a Motor Vehicle in Transport,0,No,1,Non-Junction,1,Not an Intersection,0,None,,,4,On Roadside,1,Daylight,,,,,1,Clear,0,No,0000000,Not Applicable,19,7:00pm-7:59pm,47,47,20,8:00pm-8:59pm,7,7,88,"Not Applicable (Not Transported) ",88,Not Applicable (Not Transported),,,,,,,1,
2021,53,530226,Washington,1,1,0,0,0,1,1,35,KITSAP (35),0,NOT APPLICABLE,10,10,7,July,2021,7,Saturday,21,9:00pm-9:59pm,45,45,0,This section IS NOT on the NHS,1,Rural,5,Major Collector,2,County Highway Agency,4,County Road,CR-BETHEL BURLEY RD SE,,15,15,47.42445000,47.42445000,-122.631216670,-122.631216670,0,No Special Jurisdiction,42,Tree (Standing Only),0,The First Harmful Event was Not a Collision with a Motor Vehicle in Transport,0,No,1,Non-Junction,1,Not an Intersection,0,None,,,4,On Roadside,1,Daylight,,,,,1,Clear,0,No,0000000,Not Applicable,21,9:00pm-9:59pm,46,46,21,9:00pm-9:59pm,56,56,88,"Not Applicable (Not Transported) ",88,Not Applicable (Not Transported),,,,,,,1,
2021,53,530227,Washington,1,1,0,0,0,1,1,33,KING (33),0,NOT APPLICABLE,12,12,7,July,2021,2,Monday,19,7:00pm-7:59pm,22,22,0,This section IS NOT on the NHS,2,Urban,5,Major Collector,2,County Highway Agency,4,County Road,CR-LANDSBURG RD SE,,39,39,47.36221389,47.36221389,-121.973877780,-121.973877780,0,No Special Jurisdiction,42,Tree (Standing Only),0,The First Harmful Event was Not a Collision with a Motor Vehicle in Transport,0,No,1,Non-Junction,1,Not an Intersection,0,None,,,4,On Roadside,1,Daylight,,,,,1,Clear,0,No,0000000,Not Applicable,99,Unknown,99,Unknown,99,Unknown EMS Scene Arrival Hour,99,Unknown EMS Scene Arrival Minutes,88,"Not Applicable (Not Transported) ",88,Not Applicable (Not Transported),,,,,,,1,