caseyear,state,st_case,statename,ve_total,ve_forms,pvh_invl,peds,pernotmvit,permvit,persons,county,countyname,city,cityname,day,dayname,month,monthname,year,day_week,day_weekname,hour,hourname,minute,minutename,nhs,nhsname,rur_urb,rur_urbname,func_sys,func_sysname,rd_owner,rd_ownername,route,routename,tway_id,tway_id2,milept,mileptname,latitude,latitudename,longitud,longitudname,sp_jur,sp_jurname,harm_ev,harm_evname,man_coll,man_collname,reljct1,reljct1name,reljct2,reljct2name,typ_int,typ_intname,wrk_zone,wrk_zonename,road_fnc,road_fncname,rel_road,rel_roadname,lgt_cond,lgt_condname,weather1,weather1name,weather2,weather2name,weather,weathername,sch_bus,sch_busname,rail,railname,not_hour,not_hourname,not_min,not_minname,arr_hour,arr_hourname,arr_min,arr_minname,hosp_hr,hosp_hrname,hosp_mn,hosp_mnname,cf1,cf1name,cf2,cf2name,cf3,cf3name,fatals,drunk_dr
2021,53,530268,Washington,1,1,0,1,1,1,1,77,YAKIMA (77),2590,YAKIMA,18,18,7,July,2021,1,Sunday,20,8:00pm-8:59pm,0,0,0,This section IS NOT on the NHS,2,Urban,3,Principal Arterial - Other,4,City or Municipal Highway Agency,6,Local Street - Municipality,N 5TH AVE,,0,None,46.60945000,46.60945000,-120.518547220,-120.518547220,0,No Special Jurisdiction,9,Pedalcyclist,0,The First Harmful Event was Not a Collision with a Motor Vehicle in Transport,0,No,1,Non-Junction,1,Not an Intersection,0,None,,,1,On Roadway,1,Daylight,,,,,1,Clear,0,No,0000000,Not Applicable,20,8:00pm-8:59pm,2,2,20,8:00pm-8:59pm,5,5,20,8:00pm-8:59pm,19,19,,,,,,,1,
2021,53,530269,Washington,1,1,0,2,2,1,1,61,SNOHOMISH (61),0,NOT APPLICABLE,3,3,8,August,2021,3,Tuesday,1,1:00am-1:59am,43,43,0,This section IS NOT on the NHS,1,Rural,6,Minor Collector,2,County Highway Agency,4,County Road,CR-13TH AVE W,,3,3,47.84509722,47.84509722,-122.251327780,-122.251327780,0,No Special Jurisdiction,8,Pedestrian,0,The First Harmful Event was Not a Collision with a Motor Vehicle in Transport,0,No,1,Non-Junction,1,Not an Intersection,0,None,,,1,On Roadway,2,Dark - Not Lighted,,,,,1,Clear,0,No,0000000,Not Applicable,1,1:00am-1:59am,45,45,1,1:00am-1:59am,56,56,2,2:00am-2:59am,14,14,,,,,,,1,
2021,53,530270,Washington,1,1,0,0,0,1,1,45,MASON (45),0,NOT APPLICABLE,23,23,7,July,2021,6,Friday,4,4:00am-4:59am,0,0,0,This section IS NOT on the NHS,2,Urban,5,Major Collector,2,County Highway Agency,4,County Road,CR-JOHNS PRAIRIE RD,,27,27,47.24766389,47.24766389,-123.066569440,-123.066569440,0,No Special Jurisdiction,1,Rollover/Overturn,0,The First Harmful Event was Not a Collision with a Motor Vehicle in Transport,0,No,1,Non-Junction,1,Not an Intersection,0,None,,,1,On Roadway,2,Dark - Not Lighted,,,,,1,Clear,0,No,0000000,Not Applicable,99,Unknown,99,Unknown,99,Unknown EMS Scene Arrival Hour,99,Unknown EMS Scene Arrival Minutes,88,"Not Applicable (Not Transported) ",88,Not Applicable (Not Transported),,,,,,,1,
2021,53,530271,Washington,1,1,0,0,0,1,1,53,PIERCE (53),2230,TACOMA,29,29,7,July,2021,5,Thursday,20,8:00pm-8:59pm,10,10,0,This section IS NOT on the NHS,2,Urban,2,Principal Arterial - Other Freeways and Expressways,1,State Highway Agency,3,State Highway,SR-7,,580,580,47.23037222,47.23037222,-122.428925000,-122.428925000,0,No Special Jurisdiction,25,Concrete Traffic Barrier,0,The First Harmful Event was Not a Collision with a Motor Vehicle in Transport,1,Yes,19,Other location within Interchange Area,1,Not an Intersection,0,None,,,3,On Median,1,Daylight,,,,,1,Clear,0,No,0000000,Not Applicable,20,8:00pm-8:59pm,11,11,20,8:00pm-8:59pm,20,20,88,"Not Applicable (Not Transported) ",88,Not Applicable (Not Transported),,,,,,,1,
2021,53,530272,Washington,2,2,0,0,0,2,2,33,KING (33),1030,KENT,10,10,6,June,2021,5,Thursday,20,8:00pm-8:59pm,0,0,0,This section IS NOT on the NHS,2,Urban,4,Minor Arterial,4,City or Municipal Highway Agency,6,Local Street - Municipality,VETERANS DR,,0,None,47.39516944,47.39516944,-122.284308330,-122.284308330,0,No Special Jurisdiction,5,Fell/Jumped from Vehicle,0,The First Harmful Event was Not a Collision with a Motor Vehicle in Transport,0,No,1,Non-Junction,1,Not an Intersection,0,None,,,1,On Roadway,1,Daylight,,,,,1,Clear,0,No,0000000,Not Applicable,20,8:00pm-8:59pm,2,2,20,8:00pm-8:59pm,9,9,88,"Not Applicable (Not Transported) ",88,Not Applicable (Not Transported),,,,,,,1,
2021,53,530273,Washington,1,1,0,1,1,1,1,33,KING (33),100,AUBURN,1,1,8,August,2021,1,Sunday,0,0:00am-0:59am,43,43,0,This section IS NOT on the NHS,2,Urban,3,Principal Arterial - Other,1,State Highway Agency,3,State Highway,SR-164,,7,7,47.29615278,47.29615278,-122.216080560,-122.216080560,0,No Special Jurisdiction,8,Pedestrian,0,The First Harmful Event was Not a Collision with a Motor Vehicle in Transport,0,No,1,Non-Junction,1,Not an Intersection,0,None,,,1,On Roadway,3,Dark - Lighted,,,,,10,Cloudy,0,No,0000000,Not Applicable,99,Unknown,99,Unknown,99,Unknown EMS Scene Arrival Hour,99,Unknown EMS Scene Arrival Minutes,99,Unknown,99,Unknown EMS Hospital Arrival Time,,,,,,,1,
2021,53,530274,Washington,2,2,0,0,0,2,2,33,KING (33),2310,TUKWILA,3,3,8,August,2021,3,Tuesday,19,7:00pm-7:59pm,28,28,0,This section IS NOT on the NHS,2,Urban,5,Major Collector,4,City or Municipal Highway Agency,6,Local Street - Municipality,SOUTHCENTER PKWY,,0,None,47.42638611,47.42638611,-122.270500000,-122.270500000,0,No Special Jurisdiction,12,Motor Vehicle In-Transport,1,Front-to-Rear,0,No,1,Non-Junction,1,Not an Intersection,0,None,,,1,On Roadway,1,Daylight,,,,,1,Clear,0,No,0000000,Not Applicable,19,7:00pm-7:59pm,32,32,19,7:00pm-7:59pm,39,39,20,8:00pm-8:59pm,11,11,,,,,,,1,
2021,53,530275,Washington,2,2,0,0,0,2,2,25,GRANT (25),0,NOT APPLICABLE,26,26,7,July,2021,2,Monday,4,4:00am-4:59am,33,33,0,This section IS NOT on the NHS,1,Rural,7,Local,2,County Highway Agency,4,County Road,CR-RD 9 NW,,36,36,47.21841944,47.21841944,-119.930930560,-119.930930560,0,No Special Jurisdiction,12,Motor Vehicle In-Transport,1,Front-to-Rear,0,No,1,Non-Junction,1,Not an Intersection,0,None,,,1,On Roadway,2,Dark - Not Lighted,,,,,1,Clear,0,No,0000000,Not Applicable,4,4:00am-4:59am,33,33,4,4:00am-4:59am,45,45,88,"Not Applicable (Not Transported) ",88,Not Applicable (Not Transported),,,,,,,1,
2021,53,530276,Washington,1,1,0,0,0,1,1,11,CLARK (11),2370,VANCOUVER,30,30,7,July,2021,6,Friday,22,10:00pm-10:59pm,17,17,0,This section IS NOT on the NHS,2,Urban,2,Principal Arterial - Other Freeways and Expressways,1,State Highway Agency,3,State Highway,SR-500,STAPLETON RD,24,24,45.64786111,45.64786111,-122.617133330,-122.617133330,0,No Special Jurisdiction,25,Concrete Traffic Barrier,0,The First Harmful Event was Not a Collision with a Motor Vehicle in Transport,1,Yes,3,Intersection-Related,4,Y-Intersection,0,None,,,12,Pedestrian Refuge Island or Traffic Island,3,Dark - Lighted,,,,,1,Clear,0,No,0000000,Not Applicable,22,10:00pm-10:59pm,15,15,22,10:00pm-10:59pm,26,26,88,"Not Applicable (Not Transported) ",88,Not Applicable (Not Transported),,,,,,,1,
2021,53,530277,Washington,2,2,0,0,0,7,7,57,SKAGIT (57),0,NOT APPLICABLE,3,3,8,August,2021,3,Tuesday,18,6:00pm-6:59pm,36,36,1,This section IS ON the NHS,1,Rural,1,Interstate,1,State Highway Agency,1,Interstate,I-5,,2325,2325,48.50370000,48.50370000,-122.337188890,-122.337188890,0,No Special Jurisdiction,57,Cable Barrier,0,The First Harmful Event was Not a Collision with a Motor Vehicle in Transport,0,No,1,Non-Junction,1,Not an Intersection,0,None,,,3,On Median,1,Daylight,,,,,1,Clear,0,No,0000000,Not Applicable,18,6:00pm-6:59pm,36,36,18,6:00pm-6:59pm,47,47,88,"Not Applicable (Not Transported) ",88,Not Applicable (Not Transported),,,,,,,1,
2021,53,530279,Washington,2,2,0,0,0,2,2,43,LINCOLN (43),0,NOT APPLICABLE,6,6,8,August,2021,6,Friday,15,3:00pm-3:59pm,48,48,1,This section IS ON the NHS,1,Rural,1,Interstate,1,State Highway Agency,1,Interstate,I-90,,2409,2409,47.30069722,47.30069722,-118.015975000,-118.015975000,0,No Special Jurisdiction,12,Motor Vehicle In-Transport,6,Angle,0,No,1,Non-Junction,1,Not an Intersection,0,None,,,1,On Roadway,1,Daylight,,,,,1,Clear,0,No,0000000,Not Applicable,15,3:00pm-3:59pm,53,53,16,4:00pm-4:59pm,1,1,17,5:00pm-5:59pm,15,15,,,,,,,1,
2021,53,530280,Washington,1,1,0,0,0,7,7,77,YAKIMA (77),0,NOT APPLICABLE,5,5,8,August,2021,5,Thursday,10,10:00am-10:59am,5,5,0,This section IS NOT on the NHS,1,Rural,7,Local,2,County Highway Agency,4,County Road,CR-SHIELDS RD,,2,2,46.42255833,46.42255833,-120.565461110,-120.565461110,3,Indian Reservation,59,"Traffic Sign Support ",0,The First Harmful Event was Not a Collision with a Motor Vehicle in Transport,0,No,1,Non-Junction,1,Not an Intersection,0,None,,,4,On Roadside,1,Daylight,,,,,10,Cloudy,0,No,0000000,Not Applicable,10,10:00am-10:59am,8,8,10,10:00am-10:59am,34,34,11,11:00am-11:59am,12,12,,,,,,,3,
2021,53,530281,Washington,1,1,0,0,0,2,2,53,PIERCE (53),0,NOT APPLICABLE,6,6,8,August,2021,6,Friday,1,1:00am-1:59am,31,31,0,This section IS NOT on the NHS,2,Urban,4,Minor Arterial,2,County Highway Agency,4,County Road,CR-WALLER RD E,,49,49,47.15834722,47.15834722,-122.388886110,-122.388886110,0,No Special Jurisdiction,21,Bridge Pier or Support,0,The First Harmful Event was Not a Collision with a Motor Vehicle in Transport,0,No,1,Non-Junction,1,Not an Intersection,0,None,,,4,On Roadside,2,Dark - Not Lighted,,,,,8,Other,0,No,0000000,Not Applicable,99,Unknown,99,Unknown,99,Unknown EMS Scene Arrival Hour,99,Unknown EMS Scene Arrival Minutes,88,"Not Applicable (Not Transported) ",88,Not Applicable (Not Transported),,,,,,,2,
2021,53,530282,Washington,2,2,0,0,0,3,3,63,SPOKANE (63),2113,SPOKANE VALLEY,24,24,7,July,2021,7,Saturday,19,7:00pm-7:59pm,52,52,0,This section IS NOT on the NHS,2,Urban,3,Principal Arterial - Other,1,State Highway Agency,3,State Highway,SR-290,,98,98,47.69489167,47.69489167,-117.210311110,-117.210311110,0,No Special Jurisdiction,12,Motor Vehicle In-Transport,2,Front-to-Front,0,No,1,Non-Junction,1,Not an Intersection,0,None,,,1,On Roadway,1,Daylight,,,,,1,Clear,0,No,0000000,Not Applicable,19,7:00pm-7:59pm,50,50,20,8:00pm-8:59pm,3,3,20,8:00pm-8:59pm,37,37,,,,,,,1,
2021,53,530283,Washington,2,2,0,0,0,4,4,11,CLARK (11),107,BATTLE GROUND,27,27,7,July,2021,3,Tuesday,16,4:00pm-4:59pm,52,52,0,This section IS NOT on the NHS,2,Urban,4,Minor Arterial,4,City or Municipal Highway Agency,6,Local Street - Municipality,SE EATON BLVD,,0,None,45.76663611,45.76663611,-122.511452780,-122.511452780,0,No Special Jurisdiction,12,Motor Vehicle In-Transport,2,Front-to-Front,0,No,1,Non-Junction,1,Not an Intersection,0,None,,,1,On Roadway,1,Daylight,,,,,1,Clear,0,No,0000000,Not Applicable,16,4:00pm-4:59pm,53,53,17,5:00pm-5:59pm,17,17,17,5:00pm-5:59pm,45,45,,,,,,,1,
2021,53,530284,Washington,2,2,0,0,0,5,5,53,PIERCE (53),2230,TACOMA,7,7,8,August,2021,7,Saturday,23,11:00pm-11:59pm,32,32,0,This section IS NOT on the NHS,2,Urban,3,Principal Arterial - Other,4,City or Municipal Highway Agency,6,Local Street - Municipality,S 72ND ST,S Yakima Ave,0,None,47.19190556,47.19190556,-122.443252780,-122.443252780,0,No Special Jurisdiction,12,Motor Vehicle In-Transport,6,Angle,0,No,2,Intersection,2,Four-Way Intersection,0,None,,,1,On Roadway,3,Dark - Lighted,,,,,1,Clear,0,No,0000000,Not Applicable,22,10:00pm-10:59pm,33,33,23,11:00pm-11:59pm,9,9,23,11:00pm-11:59pm,31,31,,,,,,,2,
2021,53,530285,Washington,1,1,0,0,0,1,1,73,WHATCOM (73),0,NOT APPLICABLE,9,9,8,August,2021,2,Monday,4,4:00am-4:59am,0,0,0,This section IS NOT on the NHS,1,Rural,5,Major Collector,1,State Highway Agency,3,State Highway,SR-547,,40,40,48.96871944,48.96871944,-122.163916670,-122.163916670,0,No Special Jurisdiction,38,Fence,0,The First Harmful Event was Not a Collision with a Motor Vehicle in Transport,0,No,1,Non-Junction,1,Not an Intersection,0,None,,,4,On Roadside,2,Dark - Not Lighted,,,,,10,Cloudy,0,No,0000000,Not Applicable,99,Unknown,99,Unknown,99,Unknown EMS Scene Arrival Hour,99,Unknown EMS Scene Arrival Minutes,88,"Not Applicable (Not Transported) ",88,Not Applicable (Not Transported),,,,,,,1,
2021,53,530286,Washington,3,3,0,0,0,5,5,25,GRANT (25),0,NOT APPLICABLE,8,8,8,August,2021,1,Sunday,0,0:00am-0:59am,35,35,0,This section IS NOT on the NHS,1,Rural,4,Minor Arterial,1,State Highway Agency,3,State Highway,SR-243,,106,106,46.68986111,46.68986111,-119.913819440,-119.913819440,0,No Special Jurisdiction,12,Motor Vehicle In-Transport,2,Front-to-Front,0,No,1,Non-Junction,1,Not an Intersection,0,None,,,1,On Roadway,2,Dark - Not Lighted,,,,,1,Clear,0,No,0000000,Not Applicable,0,0:00am-0:59am,40,40,0,0:00am-0:59am,51,51,1,1:00am-1:59am,41,41,,,,,,,1,
2021,53,530287,Washington,1,1,0,0,0,1,1,73,WHATCOM (73),0,NOT APPLICABLE,1,1,6,June,2021,3,Tuesday,21,9:00pm-9:59pm,25,25,0,This section IS NOT on the NHS,1,Rural,6,Minor Collector,2,County Highway Agency,4,County Road,CR-ROOSEVELT WY,BAY VIEW RD,24,24,49.00203333,49.00203333,-123.035466670,-123.035466670,0,No Special Jurisdiction,39,Wall,0,The First Harmful Event was Not a Collision with a Motor Vehicle in Transport,0,No,3,Intersection-Related,10,L-Intersection,0,None,,,4,On Roadside,1,Daylight,,,,,1,Clear,0,No,0000000,Not Applicable,21,9:00pm-9:59pm,28,28,21,9:00pm-9:59pm,28,28,88,"Not Applicable (Not Transported) ",88,Not Applicable (Not Transported),,,,,,,1,
2021,53,530288,Washington,1,1,0,0,0,2,2,75,WHITMAN (75),0,NOT APPLICABLE,2,2,6,June,2021,4,Wednesday,13,1:00pm-1:59pm,20,20,0,This section IS NOT on the NHS,1,Rural,3,Principal Arterial - Other,1,State Highway Agency,3,State Highway,SR-26,,1191,1191,46.81237778,46.81237778,-117.613808330,-117.613808330,0,No Special Jurisdiction,59,"Traffic Sign Support ",0,The First Harmful Event was Not a Collision with a Motor Vehicle in Transport,0,No,1,Non-Junction,1,Not an Intersection,0,None,,,4,On Roadside,1,Daylight,,,,,1,Clear,0,No,0000000,Not Applicable,99,Unknown,99,Unknown,99,Unknown EMS Scene Arrival Hour,99,Unknown EMS Scene Arrival Minutes,99,Unknown,99,Unknown EMS Hospital Arrival Time,,,,,,,2,
2021,53,530289,Washington,1,1,0,1,1,1,1,35,KITSAP (35),0,NOT APPLICABLE,9,9,8,August,2021,2,Monday,22,10:00pm-10:59pm,42,42,0,This section IS NOT on the NHS,2,Urban,4,Minor Arterial,2,County Highway Agency,4,County Road,CR-CLEAR CRK RD NW,,29,29,47.70573056,47.70573056,-122.692055560,-122.692055560,0,No Special Jurisdiction,8,Pedestrian,0,The First Harmful Event was Not a Collision with a Motor Vehicle in Transport,0,No,1,Non-Junction,1,Not an Intersection,0,None,,,1,On Roadway,2,Dark - Not Lighted,,,,,1,Clear,0,No,0000000,Not Applicable,99,Unknown,99,Unknown,99,Unknown EMS Scene Arrival Hour,99,Unknown EMS Scene Arrival Minutes,88,"Not Applicable (Not Transported) ",88,Not Applicable (Not Transported),,,,,,,1,
2021,53,530290,Washington,1,1,0,0,0,1,1,23,GARFIELD (23),0,NOT APPLICABLE,10,10,8,August,2021,3,Tuesday,17,5:00pm-5:59pm,40,40,1,This section IS ON the NHS,1,Rural,3,Principal Arterial - Other,1,State Highway Agency,2,U.S. Highway,US-12,,4080,4080,46.44624444,46.44624444,-117.459350000,-117.459350000,0,No Special Jurisdiction,34,Ditch,0,The First Harmful Event was Not a Collision with a Motor Vehicle in Transport,0,No,1,Non-Junction,1,Not an Intersection,0,None,,,4,On Roadside,1,Daylight,,,,,1,Clear,0,No,0000000,Not Applicable,17,5:00pm-5:59pm,40,40,17,5:00pm-5:59pm,50,50,18,6:00pm-6:59pm,8,8,,,,,,,1,
2021,53,530291,Washington,2,2,0,0,0,5,5,11,CLARK (11),0,NOT APPLICABLE,12,12,8,August,2021,5,Thursday,0,0:00am-0:59am,0,0,1,This section IS ON the NHS,2,Urban,1,Interstate,1,State Highway Agency,1,Interstate,I-5,,85,85,45.73198056,45.73198056,-122.657105560,-122.657105560,0,No Special Jurisdiction,12,Motor Vehicle In-Transport,1,Front-to-Rear,0,No,1,Non-Junction,1,Not an Intersection,2,Maintenance,,,1,On Roadway,2,Dark - Not Lighted,,,,,1,Clear,0,No,0000000,Not Applicable,0,0:00am-0:59am,1,1,0,0:00am-0:59am,21,21,0,0:00am-0:59am,58,58,,,,,,,2,
2021,53,530292,Washington,2,2,0,0,0,2,2,71,WALLA WALLA (71),0,NOT APPLICABLE,6,6,8,August,2021,6,Friday,5,5:00am-5:59am,8,8,0,This section IS NOT on the NHS,1,Rural,4,Minor Arterial,1,State Highway Agency,3,State Highway,SR-124,,91,91,46.23656389,46.23656389,-118.836227780,-118.836227780,0,No Special Jurisdiction,12,Motor Vehicle In-Transport,2,Front-to-Front,0,No,1,Non-Junction,1,Not an Intersection,0,None,,,1,On Roadway,2,Dark - Not Lighted,,,,,1,Clear,0,No,0000000,Not Applicable,5,5:00am-5:59am,7,7,5,5:00am-5:59am,33,33,6,6:00am-6:59am,12,12,,,,,,,1,
2021,53,530293,Washington,1,1,0,0,0,1,1,67,THURSTON (67),1102,LACEY,7,7,8,August,2021,7,Saturday,3,3:00am-3:59am,18,18,0,This section IS NOT on the NHS,2,Urban,3,Principal Arterial - Other,4,City or Municipal Highway Agency,6,Local Street - Municipality,COLLEGE ST SE,22nd Ave SE,0,None,47.02751111,47.02751111,-122.823319440,-122.823319440,0,No Special Jurisdiction,1,Rollover/Overturn,0,The First Harmful Event was Not a Collision with a Motor Vehicle in Transport,0,No,2,Intersection,6,Roundabout,0,None,,,1,On Roadway,3,Dark - Lighted,,,,,1,Clear,0,No,0000000,Not Applicable,99,Unknown,99,Unknown,99,Unknown EMS Scene Arrival Hour,99,Unknown EMS Scene Arrival Minutes,99,Unknown,99,Unknown EMS Hospital Arrival Time,,,,,,,1,
2021,53,530294,Washington,1,1,0,0,0,2,2,27,GRAYS HARBOR (27),0,NOT APPLICABLE,2,2,8,August,2021,2,Monday,23,11:00pm-11:59pm,16,16,0,This section IS NOT on the NHS,1,Rural,5,Major Collector,1,State Highway Agency,3,State Highway,SR-109,,243,243,47.15505556,47.15505556,-124.182952780,-124.182952780,0,No Special Jurisdiction,42,Tree (Standing Only),0,The First Harmful Event was Not a Collision with a Motor Vehicle in Transport,0,No,1,Non-Junction,1,Not an Intersection,0,None,,,4,On Roadside,2,Dark - Not Lighted,,,,,1,Clear,0,No,0000000,Not Applicable,99,Unknown,99,Unknown,99,Unknown EMS Scene Arrival Hour,99,Unknown EMS Scene Arrival Minutes,99,Unknown,99,Unknown EMS Hospital Arrival Time,,,,,,,1,
2021,53,530296,Washington,1,1,0,1,1,1,1,33,KING (33),1960,SEATTLE,31,31,3,March,2021,4,Wednesday,11,11:00am-11:59am,59,59,0,This section IS NOT on the NHS,2,Urban,5,Major Collector,4,City or Municipal Highway Agency,6,Local Street - Municipality,WABASH AVE S,S Cloverdale Pl,0,None,47.52771389,47.52771389,-122.267586110,-122.267586110,0,No Special Jurisdiction,9,Pedalcyclist,0,The First Harmful Event was Not a Collision with a Motor Vehicle in Transport,0,No,2,Intersection,2,Four-Way Intersection,0,None,,,1,On Roadway,1,Daylight,,,,,1,Clear,0,No,0000000,Not Applicable,99,Unknown,99,Unknown,99,Unknown EMS Scene Arrival Hour,99,Unknown EMS Scene Arrival Minutes,99,Unknown,99,Unknown EMS Hospital Arrival Time,,,,,,,1,
2021,53,530297,Washington,2,2,0,0,0,2,2,53,PIERCE (53),0,NOT APPLICABLE,25,25,6,June,2021,6,Friday,16,4:00pm-4:59pm,6,6,0,This section IS NOT on the NHS,2,Urban,3,Principal Arterial - Other,1,State Highway Agency,3,State Highway,SR-161,156TH ST,224,224,47.11468611,47.11468611,-122.293313890,-122.293313890,0,No Special Jurisdiction,1,Rollover/Overturn,0,The First Harmful Event was Not a Collision with a Motor Vehicle in Transport,0,No,3,Intersection-Related,2,Four-Way Intersection,0,None,,,1,On Roadway,1,Daylight,,,,,1,Clear,0,No,0000000,Not Applicable,16,4:00pm-4:59pm,9,9,16,4:00pm-4:59pm,17,17,16,4:00pm-4:59pm,41,41,,,,,,,1,
2021,53,530298,Washington,2,2,0,0,0,3,3,25,GRANT (25),0,NOT APPLICABLE,11,11,8,August,2021,4,Wednesday,15,3:00pm-3:59pm,34,34,0,This section IS NOT on the NHS,1,Rural,4,Minor Arterial,1,State Highway Agency,3,State Highway,SR-283,ADAMS RD,40,40,47.14278889,47.14278889,-119.768836110,-119.768836110,0,No Special Jurisdiction,12,Motor Vehicle In-Transport,6,Angle,0,No,2,Intersection,2,Four-Way Intersection,0,None,,,1,On Roadway,1,Daylight,,,,,1,Clear,0,No,0000000,Not Applicable,15,3:00pm-3:59pm,15,15,15,3:00pm-3:59pm,42,42,88,"Not Applicable (Not Transported) ",88,Not Applicable (Not Transported),,,,,,,2,
2021,53,530299,Washington,1,1,0,0,0,1,1,61,SNOHOMISH (61),690,EVERETT,12,12,8,August,2021,5,Thursday,0,0:00am-0:59am,30,30,1,This section IS ON the NHS,2,Urban,1,Interstate,1,State Highway Agency,1,Interstate,I-5 RAMP,,1941,1941,47.98218056,47.98218056,-122.185302780,-122.185302780,0,No Special Jurisdiction,24,Guardrail Face,0,The First Harmful Event was Not a Collision with a Motor Vehicle in Transport,1,Yes,5,Entrance/Exit Ramp Related,1,Not an Intersection,0,None,,,4,On Roadside,2,Dark - Not Lighted,,,,,1,Clear,0,No,0000000,Not Applicable,0,0:00am-0:59am,29,29,0,0:00am-0:59am,36,36,88,"Not Applicable (Not Transported) ",88,Not Applicable (Not Transported),,,,,,,1,
2021,53,530300,Washington,1,1,0,1,1,1,1,53,PIERCE (53),0,NOT APPLICABLE,14,14,8,August,2021,7,Saturday,0,0:00am-0:59am,1,1,0,This section IS NOT on the NHS,2,Urban,3,Principal Arterial - Other,2,County Highway Agency,4,County Road,CR-CANYON RD E,,60,60,47.16593056,47.16593056,-122.357102780,-122.357102780,0,No Special Jurisdiction,8,Pedestrian,0,The First Harmful Event was Not a Collision with a Motor Vehicle in Transport,0,No,1,Non-Junction,1,Not an Intersection,0,None,,,1,On Roadway,3,Dark - Lighted,,,,,1,Clear,0,No,0000000,Not Applicable,99,Unknown,99,Unknown,99,Unknown EMS Scene Arrival Hour,99,Unknown EMS Scene Arrival Minutes,88,"Not Applicable (Not Transported) ",88,Not Applicable (Not Transported),,,,,,,1,
2021,53,530302,Washington,1,1,0,1,1,1,1,33,KING (33),1030,KENT,15,15,8,August,2021,1,Sunday,2,2:00am-2:59am,39,39,0,This section IS NOT on the NHS,2,Urban,5,Major Collector,4,City or Municipal Highway Agency,6,Local Street - Municipality,W SMITH ST,,0,None,47.38308056,47.38308056,-122.239738890,-122.239738890,0,No Special Jurisdiction,9,Pedalcyclist,0,The First Harmful Event was Not a Collision with a Motor Vehicle in Transport,0,No,1,Non-Junction,1,Not an Intersection,0,None,,,1,On Roadway,3,Dark - Lighted,,,,,1,Clear,0,No,0000000,Not Applicable,2,2:00am-2:59am,40,40,2,2:00am-2:59am,48,48,88,"Not Applicable (Not Transported) ",88,Not Applicable (Not Transported),,,,,,,1,
2021,53,530303,Washington,2,2,0,0,0,2,2,61,SNOHOMISH (61),0,NOT APPLICABLE,8,8,8,August,2021,1,Sunday,15,3:00pm-3:59pm,50,50,1,This section IS ON the NHS,2,Urban,1,Interstate,1,State Highway Agency,1,Interstate,I-5,,1964,1964,48.01326389,48.01326389,-122.174758330,-122.174758330,0,No Special Jurisdiction,12,Motor Vehicle In-Transport,1,Front-to-Rear,0,No,1,Non-Junction,1,Not an Intersection,0,None,,,1,On Roadway,1,Daylight,,,,,1,Clear,0,No,0000000,Not Applicable,15,3:00pm-3:59pm,56,56,16,4:00pm-4:59pm,5,5,16,4:00pm-4:59pm,38,38,,,,,,,1,
2021,53,530304,Washington,1,1,0,0,0,4,4,1,ADAMS (1),0,NOT APPLICABLE,15,15,8,August,2021,1,Sunday,16,4:00pm-4:59pm,3,3,1,This section IS ON the NHS,1,Rural,1,Interstate,1,State Highway Agency,1,Interstate,I-90,,2104,2104,47.11121111,47.11121111,-118.560386110,-118.560386110,0,No Special Jurisdiction,1,Rollover/Overturn,0,The First Harmful Event was Not a Collision with a Motor Vehicle in Transport,0,No,1,Non-Junction,1,Not an Intersection,0,None,,,3,On Median,1,Daylight,,,,,1,Clear,0,No,0000000,Not Applicable,16,4:00pm-4:59pm,5,5,16,4:00pm-4:59pm,19,19,16,4:00pm-4:59pm,44,44,,,,,,,1,
2021,53,530305,Washington,4,4,0,0,0,6,6,33,KING (33),1830,RENTON,16,16,8,August,2021,2,Monday,17,5:00pm-5:59pm,1,1,0,This section IS NOT on the NHS,2,Urban,4,Minor Arterial,4,City or Municipal Highway Agency,6,Local Street - Municipality,LIND AVE SW,SW 16th St,0,None,47.46608056,47.46608056,-122.223341670,-122.223341670,0,No Special Jurisdiction,12,Motor Vehicle In-Transport,6,Angle,0,No,2,Intersection,2,Four-Way Intersection,0,None,,,1,On Roadway,1,Daylight,,,,,1,Clear,0,No,0000000,Not Applicable,99,Unknown,99,Unknown,99,Unknown EMS Scene Arrival Hour,99,Unknown EMS Scene Arrival Minutes,99,Unknown,99,Unknown EMS Hospital Arrival Time,,,,,,,1,
2021,53,530306,Washington,2,2,0,0,0,2,2,63,SPOKANE (63),2110,SPOKANE,16,16,8,August,2021,2,Monday,20,8:00pm-8:59pm,53,53,0,This section IS NOT on the NHS,2,Urban,4,Minor Arterial,4,City or Municipal Highway Agency,6,Local Street - Municipality,N INDIAN TRAIL RD,,0,None,47.71805278,47.71805278,-117.461961110,-117.461961110,0,No Special Jurisdiction,12,Motor Vehicle In-Transport,6,Angle,0,No,8,Driveway Access Related,1,Not an Intersection,0,None,,,1,On Roadway,3,Dark - Lighted,,,,,1,Clear,0,No,0000000,Not Applicable,20,8:00pm-8:59pm,53,53,21,9:00pm-9:59pm,1,1,21,9:00pm-9:59pm,43,43,,,,,,,1,
2021,53,530307,Washington,2,2,0,0,0,2,2,5,BENTON (5),0,NOT APPLICABLE,8,8,8,August,2021,1,Sunday,20,8:00pm-8:59pm,15,15,0,This section IS NOT on the NHS,1,Rural,4,Minor Arterial,1,State Highway Agency,3,State Highway,SR-221,SELLARDS RD,134,134,46.13107778,46.13107778,-119.601608330,-119.601608330,0,No Special Jurisdiction,12,Motor Vehicle In-Transport,6,Angle,0,No,2,Intersection,2,Four-Way Intersection,0,None,,,1,On Roadway,5,Dusk,,,,,1,Clear,0,No,0000000,Not Applicable,20,8:00pm-8:59pm,12,12,20,8:00pm-8:59pm,28,28,88,"Not Applicable (Not Transported) ",88,Not Applicable (Not Transported),,,,,,,2,