caseyear,state,st_case,statename,ve_total,ve_forms,pvh_invl,peds,pernotmvit,permvit,persons,county,countyname,city,cityname,day,dayname,month,monthname,year,day_week,day_weekname,hour,hourname,minute,minutename,nhs,nhsname,rur_urb,rur_urbname,func_sys,func_sysname,rd_owner,rd_ownername,route,routename,tway_id,tway_id2,milept,mileptname,latitude,latitudename,longitud,longitudname,sp_jur,sp_jurname,harm_ev,harm_evname,man_coll,man_collname,reljct1,reljct1name,reljct2,reljct2name,typ_int,typ_intname,wrk_zone,wrk_zonename,road_fnc,road_fncname,rel_road,rel_roadname,lgt_cond,lgt_condname,weather1,weather1name,weather2,weather2name,weather,weathername,sch_bus,sch_busname,rail,railname,not_hour,not_hourname,not_min,not_minname,arr_hour,arr_hourname,arr_min,arr_minname,hosp_hr,hosp_hrname,hosp_mn,hosp_mnname,cf1,cf1name,cf2,cf2name,cf3,cf3name,fatals,drunk_dr
2021,53,530308,Washington,1,1,0,1,1,1,1,15,COWLITZ (15),0,NOT APPLICABLE,10,10,8,August,2021,3,Tuesday,20,8:00pm-8:59pm,31,31,1,This section IS ON the NHS,1,Rural,1,Interstate,1,State Highway Agency,1,Interstate,I-5,,233,233,45.93380833,45.93380833,-122.763838890,-122.763838890,0,No Special Jurisdiction,8,Pedestrian,0,The First Harmful Event was Not a Collision with a Motor Vehicle in Transport,0,No,1,Non-Junction,1,Not an Intersection,0,None,,,1,On Roadway,1,Daylight,,,,,1,Clear,0,No,0000000,Not Applicable,99,Unknown,99,Unknown,99,Unknown EMS Scene Arrival Hour,99,Unknown EMS Scene Arrival Minutes,99,Unknown,99,Unknown EMS Hospital Arrival Time,,,,,,,1,
2021,53,530309,Washington,1,1,0,0,0,1,1,67,THURSTON (67),0,NOT APPLICABLE,15,15,8,August,2021,1,Sunday,0,0:00am-0:59am,0,0,0,This section IS NOT on the NHS,1,Rural,4,Minor Arterial,1,State Highway Agency,3,State Highway,SR-510,,92,92,46.98558333,46.98558333,-122.650391670,-122.650391670,0,No Special Jurisdiction,1,Rollover/Overturn,0,The First Harmful Event was Not a Collision with a Motor Vehicle in Transport,0,No,1,Non-Junction,1,Not an Intersection,0,None,,,4,On Roadside,2,Dark - Not Lighted,,,,,1,Clear,0,No,0000000,Not Applicable,99,Unknown,99,Unknown,99,Unknown EMS Scene Arrival Hour,99,Unknown EMS Scene Arrival Minutes,88,"Not Applicable (Not Transported) ",88,Not Applicable (Not Transported),,,,,,,1,
2021,53,530310,Washington,4,4,0,0,0,10,10,53,PIERCE (53),2230,TACOMA,19,19,8,August,2021,5,Thursday,19,7:00pm-7:59pm,56,56,1,This section IS ON the NHS,2,Urban,1,Interstate,1,State Highway Agency,1,Interstate,I-5 RAMP,S HOSMER ST,0,None,47.17924444,47.17924444,-122.463172220,-122.463172220,0,No Special Jurisdiction,12,Motor Vehicle In-Transport,6,Angle,0,No,2,Intersection,3,T-Intersection,0,None,,,1,On Roadway,1,Daylight,,,,,1,Clear,0,No,0000000,Not Applicable,19,7:00pm-7:59pm,53,53,20,8:00pm-8:59pm,2,2,20,8:00pm-8:59pm,43,43,,,,,,,2,
2021,53,530311,Washington,2,2,0,0,0,3,3,77,YAKIMA (77),2220,SUNNYSIDE,11,11,8,August,2021,4,Wednesday,9,9:00am-9:59am,9,9,1,This section IS ON the NHS,2,Urban,1,Interstate,1,State Highway Agency,1,Interstate,I-82,,697,697,46.30085833,46.30085833,-119.964836110,-119.964836110,0,No Special Jurisdiction,12,Motor Vehicle In-Transport,6,Angle,0,No,1,Non-Junction,1,Not an Intersection,0,None,,,1,On Roadway,1,Daylight,,,,,1,Clear,0,No,0000000,Not Applicable,9,9:00am-9:59am,11,11,9,9:00am-9:59am,20,20,88,"Not Applicable (Not Transported) ",88,Not Applicable (Not Transported),,,,,,,1,
2021,53,530312,Washington,2,2,0,0,0,3,3,33,KING (33),0,NOT APPLICABLE,19,19,8,August,2021,5,Thursday,23,11:00pm-11:59pm,39,39,0,This section IS NOT on the NHS,1,Rural,2,Principal Arterial - Other Freeways and Expressways,1,State Highway Agency,3,State Highway,SR-18,,258,258,47.47393333,47.47393333,-121.897986110,-121.897986110,0,No Special Jurisdiction,12,Motor Vehicle In-Transport,1,Front-to-Rear,0,No,1,Non-Junction,1,Not an Intersection,0,None,,,1,On Roadway,2,Dark - Not Lighted,,,,,1,Clear,0,No,0000000,Not Applicable,23,11:00pm-11:59pm,40,40,23,11:00pm-11:59pm,55,55,88,"Not Applicable (Not Transported) ",88,Not Applicable (Not Transported),,,,,,,1,
2021,53,530314,Washington,1,1,0,1,1,1,1,33,KING (33),1960,SEATTLE,14,14,7,July,2021,4,Wednesday,11,11:00am-11:59am,10,10,0,This section IS NOT on the NHS,2,Urban,7,Local,4,City or Municipal Highway Agency,6,Local Street - Municipality,37TH AVE S,,0,None,47.51528611,47.51528611,-122.285933330,-122.285933330,0,No Special Jurisdiction,8,Pedestrian,0,The First Harmful Event was Not a Collision with a Motor Vehicle in Transport,0,No,1,Non-Junction,1,Not an Intersection,0,None,,,1,On Roadway,1,Daylight,,,,,1,Clear,0,No,0000000,Not Applicable,99,Unknown,99,Unknown,99,Unknown EMS Scene Arrival Hour,99,Unknown EMS Scene Arrival Minutes,99,Unknown,99,Unknown EMS Hospital Arrival Time,,,,,,,1,
2021,53,530315,Washington,2,2,0,0,0,2,2,53,PIERCE (53),2230,TACOMA,22,22,8,August,2021,1,Sunday,13,1:00pm-1:59pm,28,28,0,This section IS NOT on the NHS,2,Urban,4,Minor Arterial,4,City or Municipal Highway Agency,6,Local Street - Municipality,S 56TH ST,S I St,0,None,47.20638611,47.20638611,-122.445861110,-122.445861110,0,No Special Jurisdiction,12,Motor Vehicle In-Transport,6,Angle,0,No,2,Intersection,2,Four-Way Intersection,0,None,,,1,On Roadway,1,Daylight,,,,,10,Cloudy,0,No,0000000,Not Applicable,13,1:00pm-1:59pm,28,28,13,1:00pm-1:59pm,33,33,88,"Not Applicable (Not Transported) ",88,Not Applicable (Not Transported),,,,,,,1,
2021,53,530317,Washington,1,1,0,0,0,1,1,53,PIERCE (53),2230,TACOMA,2,2,8,August,2021,2,Monday,16,4:00pm-4:59pm,14,14,1,This section IS ON the NHS,2,Urban,1,Interstate,1,State Highway Agency,1,Interstate,I-5 RAMP,,3,3,47.22911389,47.22911389,-122.463219440,-122.463219440,0,No Special Jurisdiction,25,Concrete Traffic Barrier,0,The First Harmful Event was Not a Collision with a Motor Vehicle in Transport,1,Yes,5,Entrance/Exit Ramp Related,1,Not an Intersection,0,None,,,4,On Roadside,1,Daylight,,,,,1,Clear,0,No,0000000,Not Applicable,99,Unknown,99,Unknown,99,Unknown EMS Scene Arrival Hour,99,Unknown EMS Scene Arrival Minutes,88,"Not Applicable (Not Transported) ",88,Not Applicable (Not Transported),,,,,,,1,
2021,53,530318,Washington,3,3,0,0,0,3,3,17,DOUGLAS (17),570,EAST WENATCHEE,23,23,8,August,2021,2,Monday,5,5:00am-5:59am,27,27,0,This section IS NOT on the NHS,2,Urban,2,Principal Arterial - Other Freeways and Expressways,1,State Highway Agency,3,State Highway,SR-28,,31,31,47.42311389,47.42311389,-120.297530560,-120.297530560,0,No Special Jurisdiction,12,Motor Vehicle In-Transport,2,Front-to-Front,0,No,1,Non-Junction,1,Not an Intersection,0,None,,,1,On Roadway,3,Dark - Lighted,,,,,1,Clear,0,No,0000000,Not Applicable,99,Unknown,99,Unknown,99,Unknown EMS Scene Arrival Hour,99,Unknown EMS Scene Arrival Minutes,99,Unknown,99,Unknown EMS Hospital Arrival Time,,,,,,,1,
2021,53,530319,Washington,2,2,0,0,0,2,2,33,KING (33),0,NOT APPLICABLE,24,24,8,August,2021,3,Tuesday,13,1:00pm-1:59pm,1,1,0,This section IS NOT on the NHS,1,Rural,4,Minor Arterial,2,County Highway Agency,4,County Road,CR-AUBURN BLACK DIAMOND RD,,23,23,47.31617222,47.31617222,-122.144127780,-122.144127780,0,No Special Jurisdiction,12,Motor Vehicle In-Transport,6,Angle,0,No,1,Non-Junction,1,Not an Intersection,0,None,,,1,On Roadway,1,Daylight,,,,,1,Clear,0,No,0000000,Not Applicable,13,1:00pm-1:59pm,5,5,13,1:00pm-1:59pm,12,12,88,"Not Applicable (Not Transported) ",88,Not Applicable (Not Transported),,,,,,,1,
2021,53,530320,Washington,3,3,0,1,1,5,5,11,CLARK (11),2370,VANCOUVER,24,24,8,August,2021,3,Tuesday,16,4:00pm-4:59pm,9,9,0,This section IS NOT on the NHS,2,Urban,3,Principal Arterial - Other,1,State Highway Agency,6,Local Street - Municipality,NE FOURTH PLAIN BLVD,NE VANCOUVER MALL DR,3,3,45.65756667,45.65756667,-122.575552780,-122.575552780,0,No Special Jurisdiction,12,Motor Vehicle In-Transport,6,Angle,0,No,3,Intersection-Related,2,Four-Way Intersection,0,None,,,1,On Roadway,1,Daylight,,,,,1,Clear,0,No,0000000,Not Applicable,16,4:00pm-4:59pm,9,9,16,4:00pm-4:59pm,16,16,88,"Not Applicable (Not Transported) ",88,Not Applicable (Not Transported),,,,,,,1,
2021,53,530321,Washington,2,2,0,0,0,2,2,33,KING (33),1960,SEATTLE,23,23,7,July,2021,6,Friday,22,10:00pm-10:59pm,46,46,0,This section IS NOT on the NHS,2,Urban,3,Principal Arterial - Other,1,State Highway Agency,3,State Highway,SR-99,ROOSEVELT WAY N,340,340,47.73357778,47.73357778,-122.345086110,-122.345086110,0,No Special Jurisdiction,12,Motor Vehicle In-Transport,1,Front-to-Rear,0,No,3,Intersection-Related,3,T-Intersection,0,None,,,1,On Roadway,3,Dark - Lighted,,,,,1,Clear,0,No,0000000,Not Applicable,22,10:00pm-10:59pm,46,46,22,10:00pm-10:59pm,50,50,88,"Not Applicable (Not Transported) ",88,Not Applicable (Not Transported),,,,,,,1,
2021,53,530323,Washington,2,2,0,0,0,3,3,25,GRANT (25),0,NOT APPLICABLE,5,5,8,August,2021,5,Thursday,14,2:00pm-2:59pm,25,25,0,This section IS NOT on the NHS,1,Rural,6,Minor Collector,2,County Highway Agency,4,County Road,CR-RD 11 SW,RD E SW,121,121,46.92826111,46.92826111,-119.600569440,-119.600569440,0,No Special Jurisdiction,12,Motor Vehicle In-Transport,6,Angle,0,No,2,Intersection,2,Four-Way Intersection,0,None,,,1,On Roadway,1,Daylight,,,,,1,Clear,0,No,0000000,Not Applicable,99,Unknown,99,Unknown,99,Unknown EMS Scene Arrival Hour,99,Unknown EMS Scene Arrival Minutes,99,Unknown,99,Unknown EMS Hospital Arrival Time,,,,,,,2,
2021,53,530324,Washington,1,1,0,0,0,2,2,25,GRANT (25),0,NOT APPLICABLE,7,7,8,August,2021,7,Saturday,6,6:00am-6:59am,1,1,0,This section IS NOT on the NHS,1,Rural,7,Local,2,County Highway Agency,4,County Road,CR-RD 9 NE,,95,95,47.21915000,47.21915000,-119.261719440,-119.261719440,0,No Special Jurisdiction,58,Ground,0,The First Harmful Event was Not a Collision with a Motor Vehicle in Transport,0,No,1,Non-Junction,1,Not an Intersection,0,None,,,4,On Roadside,9,Reported as Unknown,,,,,1,Clear,0,No,0000000,Not Applicable,99,Unknown,99,Unknown,99,Unknown EMS Scene Arrival Hour,99,Unknown EMS Scene Arrival Minutes,99,Unknown,99,Unknown EMS Hospital Arrival Time,,,,,,,1,
2021,53,530325,Washington,2,2,0,0,0,3,3,33,KING (33),1050,KIRKLAND,20,20,8,August,2021,6,Friday,7,7:00am-7:59am,14,14,1,This section IS ON the NHS,2,Urban,1,Interstate,1,State Highway Agency,1,Interstate,I-405,,179,179,47.67636389,47.67636389,-122.184800000,-122.184800000,0,No Special Jurisdiction,25,Concrete Traffic Barrier,0,The First Harmful Event was Not a Collision with a Motor Vehicle in Transport,1,Yes,19,Other location within Interchange Area,1,Not an Intersection,0,None,,,3,On Median,1,Daylight,,,,,10,Cloudy,0,No,0000000,Not Applicable,7,7:00am-7:59am,19,19,7,7:00am-7:59am,27,27,8,8:00am-8:59am,10,10,,,,,,,1,
2021,53,530326,Washington,1,1,0,1,1,2,2,61,SNOHOMISH (61),1215,LYNNWOOD,27,27,8,August,2021,6,Friday,12,12:00pm-12:59pm,37,37,0,This section IS NOT on the NHS,2,Urban,3,Principal Arterial - Other,1,State Highway Agency,3,State Highway,SR-99,,421,421,47.84173889,47.84173889,-122.297302780,-122.297302780,0,No Special Jurisdiction,8,Pedestrian,0,The First Harmful Event was Not a Collision with a Motor Vehicle in Transport,0,No,4,Driveway Access,1,Not an Intersection,0,None,,,1,On Roadway,1,Daylight,,,,,2,Rain,0,No,0000000,Not Applicable,99,Unknown,99,Unknown,99,Unknown EMS Scene Arrival Hour,99,Unknown EMS Scene Arrival Minutes,88,"Not Applicable (Not Transported) ",88,Not Applicable (Not Transported),,,,,,,1,
2021,53,530327,Washington,1,1,0,0,0,1,1,77,YAKIMA (77),2590,YAKIMA,29,29,8,August,2021,1,Sunday,10,10:00am-10:59am,44,44,1,This section IS ON the NHS,2,Urban,1,Interstate,1,State Highway Agency,1,Interstate,I-82,,314,314,46.62636944,46.62636944,-120.507400000,-120.507400000,0,No Special Jurisdiction,21,Bridge Pier or Support,0,The First Harmful Event was Not a Collision with a Motor Vehicle in Transport,0,No,1,Non-Junction,1,Not an Intersection,0,None,,,4,On Roadside,1,Daylight,,,,,1,Clear,0,No,0000000,Not Applicable,99,Unknown,99,Unknown,99,Unknown EMS Scene Arrival Hour,99,Unknown EMS Scene Arrival Minutes,88,"Not Applicable (Not Transported) ",88,Not Applicable (Not Transported),,,,,,,1,
2021,53,530328,Washington,1,1,0,0,0,1,1,67,THURSTON (67),1590,OLYMPIA,27,27,8,August,2021,6,Friday,7,7:00am-7:59am,45,45,0,This section IS NOT on the NHS,2,Urban,5,Major Collector,4,City or Municipal Highway Agency,6,Local Street - Municipality,WHEELER AVE SE,,0,None,47.03503889,47.03503889,-122.881608330,-122.881608330,0,No Special Jurisdiction,42,Tree (Standing Only),0,The First Harmful Event was Not a Collision with a Motor Vehicle in Transport,0,No,1,Non-Junction,1,Not an Intersection,0,None,,,4,On Roadside,1,Daylight,,,,,1,Clear,0,No,0000000,Not Applicable,99,Unknown,99,Unknown,99,Unknown EMS Scene Arrival Hour,99,Unknown EMS Scene Arrival Minutes,88,"Not Applicable (Not Transported) ",88,Not Applicable (Not Transported),,,,,,,1,
2021,53,530329,Washington,2,2,0,0,0,2,2,53,PIERCE (53),0,NOT APPLICABLE,10,10,8,August,2021,3,Tuesday,20,8:00pm-8:59pm,54,54,0,This section IS NOT on the NHS,2,Urban,3,Principal Arterial - Other,1,State Highway Agency,3,State Highway,SR-7,,447,447,47.05349722,47.05349722,-122.398133330,-122.398133330,0,No Special Jurisdiction,12,Motor Vehicle In-Transport,1,Front-to-Rear,0,No,1,Non-Junction,1,Not an Intersection,0,None,,,1,On Roadway,3,Dark - Lighted,,,,,1,Clear,0,No,0000000,Not Applicable,20,8:00pm-8:59pm,54,54,21,9:00pm-9:59pm,4,4,21,9:00pm-9:59pm,43,43,,,,,,,1,
2021,53,530330,Washington,1,1,0,0,0,2,2,77,YAKIMA (77),0,NOT APPLICABLE,20,20,8,August,2021,6,Friday,20,8:00pm-8:59pm,27,27,1,This section IS ON the NHS,1,Rural,3,Principal Arterial - Other,1,State Highway Agency,2,U.S. Highway,US-97,,577,577,46.32196944,46.32196944,-120.320633330,-120.320633330,3,Indian Reservation,1,Rollover/Overturn,0,The First Harmful Event was Not a Collision with a Motor Vehicle in Transport,0,No,1,Non-Junction,1,Not an Intersection,0,None,,,4,On Roadside,2,Dark - Not Lighted,,,,,1,Clear,0,No,0000000,Not Applicable,20,8:00pm-8:59pm,6,6,20,8:00pm-8:59pm,22,22,21,9:00pm-9:59pm,17,17,,,,,,,2,
2021,53,530331,Washington,1,1,0,0,0,1,1,23,GARFIELD (23),0,NOT APPLICABLE,7,7,8,August,2021,7,Saturday,18,6:00pm-6:59pm,30,30,0,This section IS NOT on the NHS,1,Rural,7,Local,2,County Highway Agency,4,County Road,CR-KESSLER MILL RD,,5,5,46.01025000,46.01025000,-117.513244440,-117.513244440,0,No Special Jurisdiction,30,Utility Pole/Light Support,0,The First Harmful Event was Not a Collision with a Motor Vehicle in Transport,0,No,1,Non-Junction,1,Not an Intersection,0,None,,,4,On Roadside,1,Daylight,,,,,1,Clear,0,No,0000000,Not Applicable,99,Unknown,99,Unknown,99,Unknown EMS Scene Arrival Hour,99,Unknown EMS Scene Arrival Minutes,88,"Not Applicable (Not Transported) ",88,Not Applicable (Not Transported),,,,,,,1,
2021,53,530332,Washington,1,1,0,0,0,1,1,33,KING (33),0,NOT APPLICABLE,26,26,8,August,2021,5,Thursday,21,9:00pm-9:59pm,49,49,0,This section IS NOT on the NHS,1,Rural,6,Minor Collector,2,County Highway Agency,4,County Road,CR-244TH AVE SE,,11,11,47.41350278,47.41350278,-122.015791670,-122.015791670,0,No Special Jurisdiction,42,Tree (Standing Only),0,The First Harmful Event was Not a Collision with a Motor Vehicle in Transport,0,No,1,Non-Junction,1,Not an Intersection,0,None,,,4,On Roadside,2,Dark - Not Lighted,,,,,10,Cloudy,0,No,0000000,Not Applicable,21,9:00pm-9:59pm,53,53,22,10:00pm-10:59pm,0,0,88,"Not Applicable (Not Transported) ",88,Not Applicable (Not Transported),,,,,,,1,
2021,53,530333,Washington,1,1,0,0,0,1,1,21,FRANKLIN (21),0,NOT APPLICABLE,28,28,8,August,2021,7,Saturday,6,6:00am-6:59am,43,43,1,This section IS ON the NHS,1,Rural,2,Principal Arterial - Other Freeways and Expressways,1,State Highway Agency,2,U.S. Highway,US-395,,374,374,46.36494444,46.36494444,-119.083861110,-119.083861110,0,No Special Jurisdiction,1,Rollover/Overturn,0,The First Harmful Event was Not a Collision with a Motor Vehicle in Transport,0,No,1,Non-Junction,1,Not an Intersection,0,None,,,4,On Roadside,1,Daylight,,,,,1,Clear,0,No,0000000,Not Applicable,6,6:00am-6:59am,41,41,6,6:00am-6:59am,58,58,88,"Not Applicable (Not Transported) ",88,Not Applicable (Not Transported),,,,,,,1,
2021,53,530335,Washington,1,1,0,0,0,1,1,53,PIERCE (53),0,NOT APPLICABLE,14,14,8,August,2021,7,Saturday,12,12:00pm-12:59pm,5,5,0,This section IS NOT on the NHS,2,Urban,3,Principal Arterial - Other,1,State Highway Agency,3,State Highway,SR-410,262ND ST E,98,98,47.16220556,47.16220556,-122.080397220,-122.080397220,0,No Special Jurisdiction,1,Rollover/Overturn,0,The First Harmful Event was Not a Collision with a Motor Vehicle in Transport,0,No,3,Intersection-Related,2,Four-Way Intersection,0,None,,,4,On Roadside,1,Daylight,,,,,10,Cloudy,0,No,0000000,Not Applicable,12,12:00pm-12:59pm,3,3,12,12:00pm-12:59pm,10,10,88,"Not Applicable (Not Transported) ",88,Not Applicable (Not Transported),,,,,,,1,
2021,53,530336,Washington,2,2,0,1,1,2,2,63,SPOKANE (63),0,NOT APPLICABLE,29,29,8,August,2021,1,Sunday,20,8:00pm-8:59pm,25,25,1,This section IS ON the NHS,2,Urban,3,Principal Arterial - Other,1,State Highway Agency,2,U.S. Highway,US-395,HAWTHORNE,1701,1701,47.75117222,47.75117222,-117.410888890,-117.410888890,0,No Special Jurisdiction,9,Pedalcyclist,0,The First Harmful Event was Not a Collision with a Motor Vehicle in Transport,0,No,2,Intersection,2,Four-Way Intersection,0,None,,,1,On Roadway,5,Dusk,,,,,1,Clear,0,No,0000000,Not Applicable,99,Unknown,99,Unknown,99,Unknown EMS Scene Arrival Hour,99,Unknown EMS Scene Arrival Minutes,99,Unknown,99,Unknown EMS Hospital Arrival Time,,,,,,,1,
2021,53,530337,Washington,2,2,0,0,0,2,2,33,KING (33),735,FEDERAL WAY,2,2,9,September,2021,5,Thursday,18,6:00pm-6:59pm,47,47,0,This section IS NOT on the NHS,2,Urban,4,Minor Arterial,4,City or Municipal Highway Agency,6,Local Street - Municipality,SW 320TH ST,43rd Pl SW,0,None,47.31517778,47.31517778,-122.388200000,-122.388200000,0,No Special Jurisdiction,12,Motor Vehicle In-Transport,6,Angle,0,No,2,Intersection,3,T-Intersection,0,None,,,1,On Roadway,1,Daylight,,,,,1,Clear,0,No,0000000,Not Applicable,18,6:00pm-6:59pm,48,48,18,6:00pm-6:59pm,54,54,88,"Not Applicable (Not Transported) ",88,Not Applicable (Not Transported),,,,,,,1,
2021,53,530338,Washington,1,1,0,0,0,1,1,11,CLARK (11),2370,VANCOUVER,29,29,8,August,2021,1,Sunday,17,5:00pm-5:59pm,7,7,1,This section IS ON the NHS,2,Urban,1,Interstate,1,State Highway Agency,1,Interstate,I-205 RAMP,,10,10,45.65346944,45.65346944,-122.568755560,-122.568755560,0,No Special Jurisdiction,25,Concrete Traffic Barrier,0,The First Harmful Event was Not a Collision with a Motor Vehicle in Transport,1,Yes,5,Entrance/Exit Ramp Related,1,Not an Intersection,0,None,,,4,On Roadside,1,Daylight,,,,,1,Clear,0,No,0000000,Not Applicable,17,5:00pm-5:59pm,9,9,17,5:00pm-5:59pm,13,13,17,5:00pm-5:59pm,35,35,,,,,,,1,
2021,53,530339,Washington,1,1,0,1,1,1,1,77,YAKIMA (77),2590,YAKIMA,29,29,8,August,2021,1,Sunday,21,9:00pm-9:59pm,35,35,0,This section IS NOT on the NHS,2,Urban,3,Principal Arterial - Other,4,City or Municipal Highway Agency,6,Local Street - Municipality,N 16TH AVE,,0,None,46.62111944,46.62111944,-120.530372220,-120.530372220,0,No Special Jurisdiction,8,Pedestrian,0,The First Harmful Event was Not a Collision with a Motor Vehicle in Transport,0,No,1,Non-Junction,1,Not an Intersection,0,None,,,1,On Roadway,2,Dark - Not Lighted,,,,,1,Clear,0,No,0000000,Not Applicable,99,Unknown,99,Unknown,99,Unknown EMS Scene Arrival Hour,99,Unknown EMS Scene Arrival Minutes,99,Unknown,99,Unknown EMS Hospital Arrival Time,,,,,,,1,
2021,53,530340,Washington,1,1,0,0,0,1,1,45,MASON (45),0,NOT APPLICABLE,3,3,9,September,2021,6,Friday,18,6:00pm-6:59pm,30,30,0,This section IS NOT on the NHS,1,Rural,6,Minor Collector,2,County Highway Agency,4,County Road,CR-KAMILCHE POINT RD,,20,20,47.13957222,47.13957222,-123.063055560,-123.063055560,0,No Special Jurisdiction,42,Tree (Standing Only),0,The First Harmful Event was Not a Collision with a Motor Vehicle in Transport,0,No,1,Non-Junction,1,Not an Intersection,0,None,,,4,On Roadside,1,Daylight,,,,,1,Clear,0,No,0000000,Not Applicable,99,Unknown,99,Unknown,99,Unknown EMS Scene Arrival Hour,99,Unknown EMS Scene Arrival Minutes,88,"Not Applicable (Not Transported) ",88,Not Applicable (Not Transported),,,,,,,1,
2021,53,530341,Washington,2,2,0,0,0,2,2,33,KING (33),2310,TUKWILA,23,23,8,August,2021,2,Monday,11,11:00am-11:59am,56,56,1,This section IS ON the NHS,2,Urban,1,Interstate,1,State Highway Agency,1,Interstate,I-5 RAMP,,1544,1544,47.46136389,47.46136389,-122.265066670,-122.265066670,0,No Special Jurisdiction,12,Motor Vehicle In-Transport,7,Sideswipe - Same Direction,0,No,1,Non-Junction,1,Not an Intersection,0,None,,,1,On Roadway,1,Daylight,,,,,1,Clear,0,No,0000000,Not Applicable,12,12:00pm-12:59pm,1,1,12,12:00pm-12:59pm,11,11,88,"Not Applicable (Not Transported) ",88,Not Applicable (Not Transported),,,,,,,1,
2021,53,530342,Washington,1,1,0,0,0,2,2,57,SKAGIT (57),0,NOT APPLICABLE,2,2,9,September,2021,5,Thursday,2,2:00am-2:59am,20,20,0,This section IS NOT on the NHS,1,Rural,4,Minor Arterial,1,State Highway Agency,3,State Highway,SR-20,,873,873,48.53805000,48.53805000,-121.774913890,-121.774913890,0,No Special Jurisdiction,35,Embankment,0,The First Harmful Event was Not a Collision with a Motor Vehicle in Transport,0,No,1,Non-Junction,1,Not an Intersection,0,None,,,4,On Roadside,2,Dark - Not Lighted,,,,,1,Clear,0,No,0000000,Not Applicable,2,2:00am-2:59am,27,27,2,2:00am-2:59am,46,46,88,"Not Applicable (Not Transported) ",88,Not Applicable (Not Transported),,,,,,,1,
2021,53,530343,Washington,2,2,0,0,0,6,6,77,YAKIMA (77),2590,YAKIMA,31,31,8,August,2021,3,Tuesday,22,10:00pm-10:59pm,16,16,0,This section IS NOT on the NHS,2,Urban,3,Principal Arterial - Other,4,City or Municipal Highway Agency,6,Local Street - Municipality,W NOB HILL BLVD,S 48th Ave,0,None,46.58534167,46.58534167,-120.572272220,-120.572272220,0,No Special Jurisdiction,12,Motor Vehicle In-Transport,6,Angle,0,No,2,Intersection,2,Four-Way Intersection,0,None,,,1,On Roadway,3,Dark - Lighted,,,,,1,Clear,0,No,0000000,Not Applicable,22,10:00pm-10:59pm,21,21,22,10:00pm-10:59pm,29,29,22,10:00pm-10:59pm,40,40,,,,,,,3,
2021,53,530344,Washington,1,1,0,0,0,1,1,63,SPOKANE (63),22,AIRWAY HEIGHTS,8,8,9,September,2021,4,Wednesday,2,2:00am-2:59am,13,13,0,This section IS NOT on the NHS,2,Urban,4,Minor Arterial,4,City or Municipal Highway Agency,6,Local Street - Municipality,S HAYFORD RD,,0,None,47.62936944,47.62936944,-117.560791670,-117.560791670,0,No Special Jurisdiction,35,Embankment,0,The First Harmful Event was Not a Collision with a Motor Vehicle in Transport,0,No,1,Non-Junction,1,Not an Intersection,0,None,,,4,On Roadside,6,Dark - Unknown Lighting,,,,,1,Clear,0,No,0000000,Not Applicable,99,Unknown,99,Unknown,99,Unknown EMS Scene Arrival Hour,99,Unknown EMS Scene Arrival Minutes,88,"Not Applicable (Not Transported) ",88,Not Applicable (Not Transported),,,,,,,1,
2021,53,530345,Washington,1,1,0,0,0,4,4,77,YAKIMA (77),0,NOT APPLICABLE,3,3,9,September,2021,6,Friday,6,6:00am-6:59am,54,54,0,This section IS NOT on the NHS,1,Rural,5,Major Collector,2,County Highway Agency,4,County Road,CR-GLADE RD,,24,24,46.17624722,46.17624722,-120.000686110,-120.000686110,0,No Special Jurisdiction,1,Rollover/Overturn,0,The First Harmful Event was Not a Collision with a Motor Vehicle in Transport,0,No,1,Non-Junction,1,Not an Intersection,0,None,,,4,On Roadside,1,Daylight,,,,,1,Clear,0,No,0000000,Not Applicable,7,7:00am-7:59am,0,0,7,7:00am-7:59am,46,46,8,8:00am-8:59am,11,11,,,,,,,1,
2021,53,530346,Washington,1,1,0,0,0,1,1,37,KITTITAS (37),0,NOT APPLICABLE,6,6,9,September,2021,2,Monday,15,3:00pm-3:59pm,21,21,1,This section IS ON the NHS,1,Rural,1,Interstate,1,State Highway Agency,1,Interstate,I-82,,157,157,46.79136389,46.79136389,-120.359475000,-120.359475000,0,No Special Jurisdiction,35,Embankment,0,The First Harmful Event was Not a Collision with a Motor Vehicle in Transport,0,No,1,Non-Junction,1,Not an Intersection,0,None,,,4,On Roadside,1,Daylight,,,,,5,"Fog, Smog, Smoke",0,No,0000000,Not Applicable,15,3:00pm-3:59pm,26,26,15,3:00pm-3:59pm,46,46,88,"Not Applicable (Not Transported) ",88,Not Applicable (Not Transported),,,,,,,1,
2021,53,530347,Washington,1,1,0,0,0,2,2,35,KITSAP (35),1730,POULSBO,28,28,8,August,2021,7,Saturday,16,4:00pm-4:59pm,9,9,0,This section IS NOT on the NHS,2,Urban,3,Principal Arterial - Other,1,State Highway Agency,3,State Highway,SR-305,NE HOSTMARK ST,114,114,47.73374167,47.73374167,-122.637077780,-122.637077780,0,No Special Jurisdiction,43,Other Fixed Object,0,The First Harmful Event was Not a Collision with a Motor Vehicle in Transport,0,No,3,Intersection-Related,2,Four-Way Intersection,0,None,,,4,On Roadside,1,Daylight,,,,,1,Clear,0,No,0000000,Not Applicable,16,4:00pm-4:59pm,9,9,16,4:00pm-4:59pm,18,18,16,4:00pm-4:59pm,40,40,,,,,,,1,