caseyear,state,st_case,statename,ve_total,ve_forms,pvh_invl,peds,pernotmvit,permvit,persons,county,countyname,city,cityname,day,dayname,month,monthname,year,day_week,day_weekname,hour,hourname,minute,minutename,nhs,nhsname,rur_urb,rur_urbname,func_sys,func_sysname,rd_owner,rd_ownername,route,routename,tway_id,tway_id2,milept,mileptname,latitude,latitudename,longitud,longitudname,sp_jur,sp_jurname,harm_ev,harm_evname,man_coll,man_collname,reljct1,reljct1name,reljct2,reljct2name,typ_int,typ_intname,wrk_zone,wrk_zonename,road_fnc,road_fncname,rel_road,rel_roadname,lgt_cond,lgt_condname,weather1,weather1name,weather2,weather2name,weather,weathername,sch_bus,sch_busname,rail,railname,not_hour,not_hourname,not_min,not_minname,arr_hour,arr_hourname,arr_min,arr_minname,hosp_hr,hosp_hrname,hosp_mn,hosp_mnname,cf1,cf1name,cf2,cf2name,cf3,cf3name,fatals,drunk_dr
2021,53,530348,Washington,1,1,0,1,1,1,1,63,SPOKANE (63),2110,SPOKANE,10,10,9,September,2021,6,Friday,3,3:00am-3:59am,40,40,1,This section IS ON the NHS,2,Urban,3,Principal Arterial - Other,1,State Highway Agency,2,U.S. Highway,US-2,S BROWNE ST,4,4,47.65556667,47.65556667,-117.413391670,-117.413391670,0,No Special Jurisdiction,8,Pedestrian,0,The First Harmful Event was Not a Collision with a Motor Vehicle in Transport,0,No,2,Intersection,2,Four-Way Intersection,0,None,,,1,On Roadway,3,Dark - Lighted,,,,,1,Clear,0,No,0000000,Not Applicable,99,Unknown,99,Unknown,99,Unknown EMS Scene Arrival Hour,99,Unknown EMS Scene Arrival Minutes,99,Unknown,99,Unknown EMS Hospital Arrival Time,,,,,,,1,
2021,53,530349,Washington,1,1,0,0,0,1,1,5,BENTON (5),1850,RICHLAND,12,12,9,September,2021,1,Sunday,19,7:00pm-7:59pm,33,33,1,This section IS ON the NHS,2,Urban,1,Interstate,1,State Highway Agency,1,Interstate,I-182 RAMP,,4,4,46.25730833,46.25730833,-119.258225000,-119.258225000,0,No Special Jurisdiction,1,Rollover/Overturn,0,The First Harmful Event was Not a Collision with a Motor Vehicle in Transport,1,Yes,5,Entrance/Exit Ramp Related,1,Not an Intersection,0,None,,,4,On Roadside,1,Daylight,,,,,1,Clear,0,No,0000000,Not Applicable,99,Unknown,99,Unknown,99,Unknown EMS Scene Arrival Hour,99,Unknown EMS Scene Arrival Minutes,88,"Not Applicable (Not Transported) ",88,Not Applicable (Not Transported),,,,,,,1,
2021,53,530350,Washington,3,3,0,0,0,4,4,57,SKAGIT (57),0,NOT APPLICABLE,4,4,9,September,2021,7,Saturday,14,2:00pm-2:59pm,42,42,0,This section IS NOT on the NHS,1,Rural,4,Minor Arterial,2,County Highway Agency,4,County Road,CR-JOSH WILSON RD,FARM TO MARKET RD,49,49,48.48668333,48.48668333,-122.444405560,-122.444405560,0,No Special Jurisdiction,12,Motor Vehicle In-Transport,6,Angle,0,No,2,Intersection,2,Four-Way Intersection,0,None,,,1,On Roadway,1,Daylight,,,,,10,Cloudy,0,No,0000000,Not Applicable,14,2:00pm-2:59pm,35,35,14,2:00pm-2:59pm,49,49,15,3:00pm-3:59pm,20,20,,,,,,,1,
2021,53,530351,Washington,2,2,0,0,0,2,2,33,KING (33),2310,TUKWILA,12,12,9,September,2021,1,Sunday,18,6:00pm-6:59pm,50,50,1,This section IS ON the NHS,2,Urban,1,Interstate,1,State Highway Agency,1,Interstate,I-5,,1552,1552,47.47233889,47.47233889,-122.268775000,-122.268775000,0,No Special Jurisdiction,12,Motor Vehicle In-Transport,7,Sideswipe - Same Direction,0,No,1,Non-Junction,1,Not an Intersection,0,None,,,1,On Roadway,1,Daylight,,,,,10,Cloudy,0,No,0000000,Not Applicable,18,6:00pm-6:59pm,54,54,19,7:00pm-7:59pm,2,2,88,"Not Applicable (Not Transported) ",88,Not Applicable (Not Transported),,,,,,,1,
2021,53,530352,Washington,2,2,0,0,0,3,3,33,KING (33),1050,KIRKLAND,3,3,9,September,2021,6,Friday,17,5:00pm-5:59pm,8,8,0,This section IS NOT on the NHS,2,Urban,4,Minor Arterial,4,City or Municipal Highway Agency,6,Local Street - Municipality,132ND AVE NE,,0,None,47.71495556,47.71495556,-122.164300000,-122.164300000,0,No Special Jurisdiction,12,Motor Vehicle In-Transport,2,Front-to-Front,0,No,1,Non-Junction,1,Not an Intersection,0,None,,,1,On Roadway,1,Daylight,,,,,1,Clear,0,No,0000000,Not Applicable,17,5:00pm-5:59pm,10,10,17,5:00pm-5:59pm,15,15,99,Unknown,99,Unknown EMS Hospital Arrival Time,,,,,,,1,
2021,53,530353,Washington,3,3,0,0,0,7,7,53,PIERCE (53),0,NOT APPLICABLE,5,5,6,June,2021,7,Saturday,15,3:00pm-3:59pm,1,1,0,This section IS NOT on the NHS,1,Rural,4,Minor Arterial,80,Army,8,Other,NORTH GATE RD,,99998,Not Reported,47.13862222,47.13862222,-122.595061110,-122.595061110,0,No Special Jurisdiction,1,Rollover/Overturn,0,The First Harmful Event was Not a Collision with a Motor Vehicle in Transport,0,No,1,Non-Junction,1,Not an Intersection,0,None,,,1,On Roadway,1,Daylight,,,,,1,Clear,0,No,0000000,Not Applicable,99,Unknown,99,Unknown,99,Unknown EMS Scene Arrival Hour,99,Unknown EMS Scene Arrival Minutes,88,"Not Applicable (Not Transported) ",88,Not Applicable (Not Transported),,,,,,,1,
2021,53,530354,Washington,1,1,0,1,1,1,1,77,YAKIMA (77),0,NOT APPLICABLE,13,13,9,September,2021,2,Monday,2,2:00am-2:59am,55,55,0,This section IS NOT on the NHS,1,Rural,5,Major Collector,2,County Highway Agency,4,County Road,CR-LARUE RD,,57,57,46.36095000,46.36095000,-120.419930560,-120.419930560,3,Indian Reservation,8,Pedestrian,0,The First Harmful Event was Not a Collision with a Motor Vehicle in Transport,0,No,1,Non-Junction,1,Not an Intersection,0,None,,,1,On Roadway,2,Dark - Not Lighted,,,,,1,Clear,0,No,0000000,Not Applicable,99,Unknown,99,Unknown,99,Unknown EMS Scene Arrival Hour,99,Unknown EMS Scene Arrival Minutes,88,"Not Applicable (Not Transported) ",88,Not Applicable (Not Transported),,,,,,,1,
2021,53,530355,Washington,1,1,0,1,1,1,1,9,CLALLAM (9),0,NOT APPLICABLE,6,6,9,September,2021,2,Monday,18,6:00pm-6:59pm,50,50,0,This section IS NOT on the NHS,1,Rural,5,Major Collector,2,County Highway Agency,4,County Road,CR-OLD OLYMPIC HWY,,46,46,48.10521667,48.10521667,-123.208466670,-123.208466670,0,No Special Jurisdiction,9,Pedalcyclist,0,The First Harmful Event was Not a Collision with a Motor Vehicle in Transport,0,No,1,Non-Junction,1,Not an Intersection,0,None,,,2,On Shoulder,1,Daylight,,,,,1,Clear,0,No,0000000,Not Applicable,99,Unknown,99,Unknown,99,Unknown EMS Scene Arrival Hour,99,Unknown EMS Scene Arrival Minutes,99,Unknown,99,Unknown EMS Hospital Arrival Time,,,,,,,1,
2021,53,530358,Washington,2,2,0,0,0,2,2,63,SPOKANE (63),2110,SPOKANE,21,21,9,September,2021,3,Tuesday,20,8:00pm-8:59pm,35,35,0,This section IS NOT on the NHS,2,Urban,3,Principal Arterial - Other,4,City or Municipal Highway Agency,6,Local Street - Municipality,N WASHINGTON ST,W Indiana Ave,0,None,47.67486111,47.67486111,-117.417427780,-117.417427780,0,No Special Jurisdiction,12,Motor Vehicle In-Transport,6,Angle,0,No,2,Intersection,2,Four-Way Intersection,0,None,,,1,On Roadway,3,Dark - Lighted,,,,,1,Clear,0,No,0000000,Not Applicable,20,8:00pm-8:59pm,35,35,20,8:00pm-8:59pm,42,42,21,9:00pm-9:59pm,30,30,,,,,,,1,
2021,53,530359,Washington,1,1,0,0,0,1,1,77,YAKIMA (77),0,NOT APPLICABLE,19,19,9,September,2021,1,Sunday,23,11:00pm-11:59pm,45,45,0,This section IS NOT on the NHS,1,Rural,5,Major Collector,1,State Highway Agency,3,State Highway,SR-22,,152,152,46.25909722,46.25909722,-120.133141670,-120.133141670,3,Indian Reservation,1,Rollover/Overturn,0,The First Harmful Event was Not a Collision with a Motor Vehicle in Transport,0,No,1,Non-Junction,1,Not an Intersection,0,None,,,5,Outside Trafficway,2,Dark - Not Lighted,,,,,1,Clear,0,No,0000000,Not Applicable,99,Unknown,99,Unknown,99,Unknown EMS Scene Arrival Hour,99,Unknown EMS Scene Arrival Minutes,88,"Not Applicable (Not Transported) ",88,Not Applicable (Not Transported),,,,,,,1,
2021,53,530360,Washington,2,2,0,0,0,2,2,33,KING (33),109,BELLEVUE,15,15,9,September,2021,4,Wednesday,6,6:00am-6:59am,54,54,0,This section IS NOT on the NHS,2,Urban,3,Principal Arterial - Other,4,City or Municipal Highway Agency,6,Local Street - Municipality,SE COAL CREEK PKWY,,0,None,47.55978056,47.55978056,-122.169108330,-122.169108330,0,No Special Jurisdiction,12,Motor Vehicle In-Transport,6,Angle,0,No,1,Non-Junction,1,Not an Intersection,0,None,,,1,On Roadway,1,Daylight,,,,,2,Rain,0,No,0000000,Not Applicable,99,Unknown,99,Unknown,99,Unknown EMS Scene Arrival Hour,99,Unknown EMS Scene Arrival Minutes,99,Unknown,99,Unknown EMS Hospital Arrival Time,,,,,,,1,
2021,53,530361,Washington,2,2,0,0,0,3,3,63,SPOKANE (63),2110,SPOKANE,22,22,9,September,2021,4,Wednesday,17,5:00pm-5:59pm,5,5,0,This section IS NOT on the NHS,2,Urban,3,Principal Arterial - Other,1,State Highway Agency,3,State Highway,SR-291,W WIND RIVER RD,43,43,47.72617222,47.72617222,-117.495819440,-117.495819440,0,No Special Jurisdiction,12,Motor Vehicle In-Transport,6,Angle,0,No,2,Intersection,3,T-Intersection,0,None,,,1,On Roadway,1,Daylight,,,,,1,Clear,0,No,0000000,Not Applicable,17,5:00pm-5:59pm,7,7,17,5:00pm-5:59pm,11,11,17,5:00pm-5:59pm,40,40,,,,,,,1,
2021,53,530362,Washington,1,1,0,0,0,2,2,65,STEVENS (65),0,NOT APPLICABLE,21,21,9,September,2021,3,Tuesday,16,4:00pm-4:59pm,30,30,0,This section IS NOT on the NHS,1,Rural,5,Major Collector,1,State Highway Agency,3,State Highway,SR-292,,45,45,48.06519722,48.06519722,-117.650033330,-117.650033330,0,No Special Jurisdiction,21,Bridge Pier or Support,0,The First Harmful Event was Not a Collision with a Motor Vehicle in Transport,0,No,1,Non-Junction,1,Not an Intersection,0,None,,,4,On Roadside,1,Daylight,,,,,1,Clear,0,No,0000000,Not Applicable,99,Unknown,99,Unknown,99,Unknown EMS Scene Arrival Hour,99,Unknown EMS Scene Arrival Minutes,88,"Not Applicable (Not Transported) ",88,Not Applicable (Not Transported),,,,,,,2,
2021,53,530363,Washington,1,1,0,0,0,1,1,61,SNOHOMISH (61),0,NOT APPLICABLE,21,21,9,September,2021,3,Tuesday,20,8:00pm-8:59pm,54,54,0,This section IS NOT on the NHS,2,Urban,4,Minor Arterial,2,County Highway Agency,4,County Road,CR-OK MILL RD,,1,1,47.98718889,47.98718889,-122.034783330,-122.034783330,0,No Special Jurisdiction,1,Rollover/Overturn,0,The First Harmful Event was Not a Collision with a Motor Vehicle in Transport,0,No,1,Non-Junction,1,Not an Intersection,0,None,,,4,On Roadside,2,Dark - Not Lighted,,,,,1,Clear,0,No,0000000,Not Applicable,20,8:00pm-8:59pm,54,54,21,9:00pm-9:59pm,1,1,88,"Not Applicable (Not Transported) ",88,Not Applicable (Not Transported),,,,,,,1,
2021,53,530364,Washington,1,1,0,1,1,1,1,63,SPOKANE (63),0,NOT APPLICABLE,22,22,9,September,2021,4,Wednesday,21,9:00pm-9:59pm,55,55,0,This section IS NOT on the NHS,2,Urban,3,Principal Arterial - Other,2,County Highway Agency,4,County Road,CR-ARGONNE RD,,1,1,47.69096111,47.69096111,-117.282730560,-117.282730560,0,No Special Jurisdiction,8,Pedestrian,0,The First Harmful Event was Not a Collision with a Motor Vehicle in Transport,0,No,1,Non-Junction,1,Not an Intersection,0,None,,,1,On Roadway,3,Dark - Lighted,,,,,1,Clear,0,No,0000000,Not Applicable,21,9:00pm-9:59pm,56,56,22,10:00pm-10:59pm,4,4,22,10:00pm-10:59pm,19,19,,,,,,,1,
2021,53,530365,Washington,3,2,1,0,0,2,2,63,SPOKANE (63),2110,SPOKANE,4,4,5,May,2021,3,Tuesday,18,6:00pm-6:59pm,33,33,0,This section IS NOT on the NHS,2,Urban,7,Local,4,City or Municipal Highway Agency,6,Local Street - Municipality,W LACROSSE AVE,N MADISON ST,0,None,47.69546389,47.69546389,-117.427169440,-117.427169440,0,No Special Jurisdiction,12,Motor Vehicle In-Transport,6,Angle,0,No,2,Intersection,2,Four-Way Intersection,0,None,,,1,On Roadway,1,Daylight,,,,,1,Clear,0,No,0000000,Not Applicable,18,6:00pm-6:59pm,34,34,18,6:00pm-6:59pm,42,42,18,6:00pm-6:59pm,58,58,,,,,,,1,
2021,53,530366,Washington,1,1,0,1,1,1,1,61,SNOHOMISH (61),690,EVERETT,3,3,9,September,2021,6,Friday,15,3:00pm-3:59pm,26,26,0,This section IS NOT on the NHS,2,Urban,3,Principal Arterial - Other,4,City or Municipal Highway Agency,6,Local Street - Municipality,EVERGREEN WAY,,0,None,47.92098611,47.92098611,-122.228950000,-122.228950000,0,No Special Jurisdiction,8,Pedestrian,0,The First Harmful Event was Not a Collision with a Motor Vehicle in Transport,0,No,1,Non-Junction,1,Not an Intersection,0,None,,,1,On Roadway,1,Daylight,,,,,1,Clear,0,No,0000000,Not Applicable,15,3:00pm-3:59pm,27,27,15,3:00pm-3:59pm,33,33,16,4:00pm-4:59pm,0,0,,,,,,,1,
2021,53,530367,Washington,1,1,0,0,0,1,1,35,KITSAP (35),0,NOT APPLICABLE,22,22,9,September,2021,4,Wednesday,2,2:00am-2:59am,52,52,0,This section IS NOT on the NHS,1,Rural,5,Major Collector,2,County Highway Agency,4,County Road,CR-SEABECK HWY NW,,77,77,47.65326667,47.65326667,-122.796805560,-122.796805560,0,No Special Jurisdiction,43,Other Fixed Object,0,The First Harmful Event was Not a Collision with a Motor Vehicle in Transport,0,No,1,Non-Junction,1,Not an Intersection,0,None,,,4,On Roadside,2,Dark - Not Lighted,,,,,1,Clear,0,No,0000000,Not Applicable,3,3:00am-3:59am,3,3,3,3:00am-3:59am,44,44,4,4:00am-4:59am,7,7,,,,,,,1,
2021,53,530368,Washington,1,1,0,0,0,1,1,25,GRANT (25),0,NOT APPLICABLE,18,18,9,September,2021,7,Saturday,13,1:00pm-1:59pm,9,9,0,This section IS NOT on the NHS,1,Rural,4,Minor Arterial,1,State Highway Agency,3,State Highway,SR-155,,202,202,47.88524167,47.88524167,-119.087691670,-119.087691670,0,No Special Jurisdiction,1,Rollover/Overturn,0,The First Harmful Event was Not a Collision with a Motor Vehicle in Transport,0,No,1,Non-Junction,1,Not an Intersection,0,None,,,4,On Roadside,1,Daylight,,,,,1,Clear,0,No,0000000,Not Applicable,99,Unknown,99,Unknown,99,Unknown EMS Scene Arrival Hour,99,Unknown EMS Scene Arrival Minutes,99,Unknown,99,Unknown EMS Hospital Arrival Time,,,,,,,1,
2021,53,530369,Washington,2,2,0,0,0,2,2,9,CLALLAM (9),0,NOT APPLICABLE,20,20,9,September,2021,2,Monday,9,9:00am-9:59am,43,43,1,This section IS ON the NHS,1,Rural,3,Principal Arterial - Other,1,State Highway Agency,2,U.S. Highway,US-101,MAXFIELD ROAD,1965,1965,48.02108056,48.02108056,-124.390402780,-124.390402780,0,No Special Jurisdiction,12,Motor Vehicle In-Transport,1,Front-to-Rear,0,No,2,Intersection,3,T-Intersection,0,None,,,1,On Roadway,1,Daylight,,,,,10,Cloudy,0,No,0000000,Not Applicable,99,Unknown,99,Unknown,99,Unknown EMS Scene Arrival Hour,99,Unknown EMS Scene Arrival Minutes,88,"Not Applicable (Not Transported) ",88,Not Applicable (Not Transported),,,,,,,1,
2021,53,530370,Washington,2,2,0,0,0,3,3,33,KING (33),0,NOT APPLICABLE,18,18,9,September,2021,7,Saturday,15,3:00pm-3:59pm,45,45,1,This section IS ON the NHS,1,Rural,1,Interstate,1,State Highway Agency,1,Interstate,I-90,,213,213,47.52013889,47.52013889,-121.928544440,-121.928544440,0,No Special Jurisdiction,12,Motor Vehicle In-Transport,6,Angle,0,No,1,Non-Junction,1,Not an Intersection,0,None,,,1,On Roadway,1,Daylight,,,,,2,Rain,0,No,0000000,Not Applicable,15,3:00pm-3:59pm,55,55,16,4:00pm-4:59pm,8,8,17,5:00pm-5:59pm,5,5,,,,,,,3,
2021,53,530371,Washington,2,2,0,0,0,3,3,77,YAKIMA (77),0,NOT APPLICABLE,5,5,9,September,2021,1,Sunday,9,9:00am-9:59am,44,44,0,This section IS NOT on the NHS,1,Rural,5,Major Collector,1,State Highway Agency,3,State Highway,SR-241,ARROWSMITH RD,113,113,46.36072222,46.36072222,-119.979080560,-119.979080560,0,No Special Jurisdiction,12,Motor Vehicle In-Transport,6,Angle,0,No,2,Intersection,2,Four-Way Intersection,0,None,,,1,On Roadway,1,Daylight,,,,,1,Clear,0,No,0000000,Not Applicable,8,8:00am-8:59am,44,44,9,9:00am-9:59am,55,55,88,"Not Applicable (Not Transported) ",88,Not Applicable (Not Transported),,,,,,,1,
2021,53,530372,Washington,1,1,0,1,1,1,1,61,SNOHOMISH (61),1215,LYNNWOOD,26,26,9,September,2021,1,Sunday,0,0:00am-0:59am,30,30,0,This section IS NOT on the NHS,2,Urban,3,Principal Arterial - Other,1,State Highway Agency,3,State Highway,SR-99,,398,398,47.81373333,47.81373333,-122.321502780,-122.321502780,0,No Special Jurisdiction,8,Pedestrian,0,The First Harmful Event was Not a Collision with a Motor Vehicle in Transport,0,No,1,Non-Junction,1,Not an Intersection,0,None,,,1,On Roadway,3,Dark - Lighted,,,,,1,Clear,0,No,0000000,Not Applicable,0,0:00am-0:59am,31,31,0,0:00am-0:59am,39,39,0,0:00am-0:59am,58,58,,,,,,,1,
2021,53,530373,Washington,1,1,0,0,0,1,1,53,PIERCE (53),2230,TACOMA,27,27,9,September,2021,2,Monday,19,7:00pm-7:59pm,54,54,0,This section IS NOT on the NHS,2,Urban,3,Principal Arterial - Other,4,City or Municipal Highway Agency,6,Local Street - Municipality,S 72ND ST,S SHERIDAN AVE,0,None,47.19206667,47.19206667,-122.452841670,-122.452841670,0,No Special Jurisdiction,30,Utility Pole/Light Support,0,The First Harmful Event was Not a Collision with a Motor Vehicle in Transport,0,No,3,Intersection-Related,2,Four-Way Intersection,0,None,,,4,On Roadside,3,Dark - Lighted,,,,,2,Rain,0,No,0000000,Not Applicable,19,7:00pm-7:59pm,54,54,19,7:00pm-7:59pm,58,58,88,"Not Applicable (Not Transported) ",88,Not Applicable (Not Transported),,,,,,,1,
2021,53,530374,Washington,2,2,0,0,0,4,4,61,SNOHOMISH (61),690,EVERETT,20,20,9,September,2021,2,Monday,1,1:00am-1:59am,25,25,0,This section IS NOT on the NHS,2,Urban,2,Principal Arterial - Other Freeways and Expressways,1,State Highway Agency,3,State Highway,SR-529,,53,53,48.01571944,48.01571944,-122.187797220,-122.187797220,0,No Special Jurisdiction,12,Motor Vehicle In-Transport,1,Front-to-Rear,0,No,1,Non-Junction,1,Not an Intersection,0,None,,,1,On Roadway,2,Dark - Not Lighted,,,,,10,Cloudy,0,No,0000000,Not Applicable,1,1:00am-1:59am,26,26,1,1:00am-1:59am,34,34,2,2:00am-2:59am,37,37,,,,,,,1,
2021,53,530375,Washington,2,2,0,0,0,7,7,61,SNOHOMISH (61),0,NOT APPLICABLE,31,31,8,August,2021,3,Tuesday,22,10:00pm-10:59pm,0,0,0,This section IS NOT on the NHS,2,Urban,5,Major Collector,2,County Highway Agency,4,County Road,CR-204TH ST SW,28TH AVE W,11,11,47.81358611,47.81358611,-122.270966670,-122.270966670,0,No Special Jurisdiction,12,Motor Vehicle In-Transport,6,Angle,0,No,2,Intersection,2,Four-Way Intersection,0,None,,,1,On Roadway,3,Dark - Lighted,,,,,1,Clear,0,No,0000000,Not Applicable,22,10:00pm-10:59pm,1,1,22,10:00pm-10:59pm,9,9,22,10:00pm-10:59pm,37,37,,,,,,,1,
2021,53,530376,Washington,3,3,0,0,0,4,4,61,SNOHOMISH (61),0,NOT APPLICABLE,6,6,9,September,2021,2,Monday,22,10:00pm-10:59pm,24,24,0,This section IS NOT on the NHS,2,Urban,3,Principal Arterial - Other,2,County Highway Agency,4,County Road,CR-164TH ST SW,25TH AVE W,7,7,47.84992222,47.84992222,-122.267333330,-122.267333330,0,No Special Jurisdiction,12,Motor Vehicle In-Transport,6,Angle,0,No,2,Intersection,2,Four-Way Intersection,0,None,,,1,On Roadway,3,Dark - Lighted,,,,,1,Clear,0,No,0000000,Not Applicable,22,10:00pm-10:59pm,24,24,22,10:00pm-10:59pm,30,30,23,11:00pm-11:59pm,0,0,,,,,,,1,
2021,53,530377,Washington,1,1,0,0,0,3,3,11,CLARK (11),0,NOT APPLICABLE,18,18,9,September,2021,7,Saturday,22,10:00pm-10:59pm,0,0,0,This section IS NOT on the NHS,1,Rural,6,Minor Collector,2,County Highway Agency,4,County Road,CR-NE W H GARNER RD,,31,31,45.88297222,45.88297222,-122.453841670,-122.453841670,0,No Special Jurisdiction,42,Tree (Standing Only),0,The First Harmful Event was Not a Collision with a Motor Vehicle in Transport,0,No,1,Non-Junction,1,Not an Intersection,0,None,,,4,On Roadside,2,Dark - Not Lighted,,,,,2,Rain,0,No,0000000,Not Applicable,22,10:00pm-10:59pm,3,3,22,10:00pm-10:59pm,10,10,22,10:00pm-10:59pm,52,52,,,,,,,1,
2021,53,530378,Washington,1,1,0,1,1,1,1,63,SPOKANE (63),0,NOT APPLICABLE,29,29,9,September,2021,4,Wednesday,22,10:00pm-10:59pm,14,14,0,This section IS NOT on the NHS,2,Urban,7,Local,2,County Highway Agency,4,County Road,CR-W WESTBOW BLVD,S SPOTTED RD,12,12,47.61157500,47.61157500,-117.518769440,-117.518769440,0,No Special Jurisdiction,8,Pedestrian,0,The First Harmful Event was Not a Collision with a Motor Vehicle in Transport,0,No,3,Intersection-Related,4,Y-Intersection,0,None,,,1,On Roadway,3,Dark - Lighted,,,,,1,Clear,0,No,0000000,Not Applicable,22,10:00pm-10:59pm,15,15,22,10:00pm-10:59pm,26,26,88,"Not Applicable (Not Transported) ",88,Not Applicable (Not Transported),,,,,,,1,
2021,53,530379,Washington,2,2,0,1,1,2,2,53,PIERCE (53),0,NOT APPLICABLE,28,28,9,September,2021,3,Tuesday,6,6:00am-6:59am,27,27,0,This section IS NOT on the NHS,2,Urban,4,Minor Arterial,2,County Highway Agency,4,County Road,CR-200TH ST E,,18,18,47.07502500,47.07502500,-122.373397220,-122.373397220,0,No Special Jurisdiction,8,Pedestrian,0,The First Harmful Event was Not a Collision with a Motor Vehicle in Transport,0,No,1,Non-Junction,1,Not an Intersection,0,None,,,1,On Roadway,4,Dawn,,,,,10,Cloudy,0,No,0000000,Not Applicable,6,6:00am-6:59am,26,26,6,6:00am-6:59am,34,34,88,"Not Applicable (Not Transported) ",88,Not Applicable (Not Transported),,,,,,,1,
2021,53,530380,Washington,1,1,0,0,0,5,5,9,CLALLAM (9),0,NOT APPLICABLE,18,18,9,September,2021,7,Saturday,3,3:00am-3:59am,0,0,0,This section IS NOT on the NHS,1,Rural,98,Not Reported,64,U.S. Forest Service,8,Other,SITKUM SOLDUC RD,,99998,Not Reported,47.96591389,47.96591389,-124.301788890,-124.301788890,0,No Special Jurisdiction,42,Tree (Standing Only),0,The First Harmful Event was Not a Collision with a Motor Vehicle in Transport,0,No,1,Non-Junction,1,Not an Intersection,0,None,,,4,On Roadside,2,Dark - Not Lighted,,,,,2,Rain,0,No,0000000,Not Applicable,4,4:00am-4:59am,29,29,4,4:00am-4:59am,42,42,6,6:00am-6:59am,7,7,,,,,,,3,
2021,53,530381,Washington,1,1,0,0,0,1,1,33,KING (33),1960,SEATTLE,8,8,8,August,2021,1,Sunday,3,3:00am-3:59am,7,7,0,This section IS NOT on the NHS,2,Urban,2,Principal Arterial - Other Freeways and Expressways,1,State Highway Agency,3,State Highway,SR-99,,262,262,47.62213056,47.62213056,-122.345694440,-122.345694440,0,No Special Jurisdiction,25,Concrete Traffic Barrier,0,The First Harmful Event was Not a Collision with a Motor Vehicle in Transport,1,Yes,5,Entrance/Exit Ramp Related,1,Not an Intersection,0,None,,,8,Gore,3,Dark - Lighted,,,,,10,Cloudy,0,No,0000000,Not Applicable,99,Unknown,99,Unknown,99,Unknown EMS Scene Arrival Hour,99,Unknown EMS Scene Arrival Minutes,88,"Not Applicable (Not Transported) ",88,Not Applicable (Not Transported),,,,,,,1,
2021,53,530382,Washington,1,1,0,1,1,2,2,33,KING (33),1960,SEATTLE,10,10,8,August,2021,3,Tuesday,13,1:00pm-1:59pm,44,44,0,This section IS NOT on the NHS,2,Urban,4,Minor Arterial,4,City or Municipal Highway Agency,6,Local Street - Municipality,CALIFORNIA AVE SW,,0,None,47.55904722,47.55904722,-122.386863890,-122.386863890,0,No Special Jurisdiction,8,Pedestrian,0,The First Harmful Event was Not a Collision with a Motor Vehicle in Transport,0,No,1,Non-Junction,1,Not an Intersection,0,None,,,1,On Roadway,1,Daylight,,,,,1,Clear,0,No,0000000,Not Applicable,13,1:00pm-1:59pm,44,44,13,1:00pm-1:59pm,51,51,14,2:00pm-2:59pm,6,6,,,,,,,1,
2021,53,530383,Washington,2,2,0,0,0,2,2,11,CLARK (11),2420,WASHOUGAL,22,22,9,September,2021,4,Wednesday,9,9:00am-9:59am,47,47,0,This section IS NOT on the NHS,2,Urban,2,Principal Arterial - Other Freeways and Expressways,1,State Highway Agency,3,State Highway,SR-14,WASHOUGAL RIVER RD,161,161,45.57665000,45.57665000,-122.356186110,-122.356186110,0,No Special Jurisdiction,12,Motor Vehicle In-Transport,2,Front-to-Front,0,No,2,Intersection,6,Roundabout,0,None,,,1,On Roadway,1,Daylight,,,,,1,Clear,0,No,0000000,Not Applicable,99,Unknown,99,Unknown,99,Unknown EMS Scene Arrival Hour,99,Unknown EMS Scene Arrival Minutes,99,Unknown,99,Unknown EMS Hospital Arrival Time,,,,,,,1,
2021,53,530384,Washington,2,2,0,0,0,3,3,7,CHELAN (7),0,NOT APPLICABLE,22,22,9,September,2021,4,Wednesday,15,3:00pm-3:59pm,0,0,1,This section IS ON the NHS,1,Rural,2,Principal Arterial - Other Freeways and Expressways,1,State Highway Agency,2,U.S. Highway,US-2,DEADMAN HILL RD,1052,1052,47.55288611,47.55288611,-120.581986110,-120.581986110,0,No Special Jurisdiction,12,Motor Vehicle In-Transport,6,Angle,0,No,2,Intersection,2,Four-Way Intersection,0,None,,,1,On Roadway,1,Daylight,,,,,1,Clear,0,No,0000000,Not Applicable,15,3:00pm-3:59pm,1,1,15,3:00pm-3:59pm,8,8,15,3:00pm-3:59pm,33,33,,,,,,,2,
2021,53,530385,Washington,2,2,0,0,0,2,2,41,LEWIS (41),0,NOT APPLICABLE,25,25,9,September,2021,7,Saturday,9,9:00am-9:59am,43,43,0,This section IS NOT on the NHS,1,Rural,5,Major Collector,2,County Highway Agency,4,County Road,CR-TUCKER RD,,30,30,46.49612500,46.49612500,-122.765808330,-122.765808330,0,No Special Jurisdiction,12,Motor Vehicle In-Transport,2,Front-to-Front,0,No,1,Non-Junction,1,Not an Intersection,0,None,,,1,On Roadway,1,Daylight,,,,,1,Clear,0,No,0000000,Not Applicable,9,9:00am-9:59am,43,43,11,11:00am-11:59am,3,3,11,11:00am-11:59am,37,37,,,,,,,1,
2021,53,530386,Washington,2,2,0,0,0,2,2,33,KING (33),735,FEDERAL WAY,1,1,10,October,2021,6,Friday,14,2:00pm-2:59pm,13,13,1,This section IS ON the NHS,2,Urban,1,Interstate,1,State Highway Agency,1,Interstate,I-5,,1421,1421,47.29043889,47.29043889,-122.306069440,-122.306069440,0,No Special Jurisdiction,12,Motor Vehicle In-Transport,1,Front-to-Rear,0,No,1,Non-Junction,1,Not an Intersection,0,None,,,1,On Roadway,1,Daylight,,,,,1,Clear,0,No,0000000,Not Applicable,14,2:00pm-2:59pm,27,27,14,2:00pm-2:59pm,34,34,15,3:00pm-3:59pm,13,13,,,,,,,1,
2021,53,530387,Washington,2,1,1,1,1,1,1,27,GRAYS HARBOR (27),0,NOT APPLICABLE,2,2,10,October,2021,7,Saturday,0,0:00am-0:59am,48,48,1,This section IS ON the NHS,2,Urban,2,Principal Arterial - Other Freeways and Expressways,1,State Highway Agency,2,U.S. Highway,US-12,,149,149,46.99410278,46.99410278,-123.511650000,-123.511650000,0,No Special Jurisdiction,8,Pedestrian,0,The First Harmful Event was Not a Collision with a Motor Vehicle in Transport,0,No,1,Non-Junction,1,Not an Intersection,0,None,,,1,On Roadway,2,Dark - Not Lighted,,,,,5,"Fog, Smog, Smoke",0,No,0000000,Not Applicable,0,0:00am-0:59am,45,45,0,0:00am-0:59am,57,57,88,"Not Applicable (Not Transported) ",88,Not Applicable (Not Transported),,,,,,,1,