caseyear,state,st_case,statename,ve_total,ve_forms,pvh_invl,peds,pernotmvit,permvit,persons,county,countyname,city,cityname,day,dayname,month,monthname,year,day_week,day_weekname,hour,hourname,minute,minutename,nhs,nhsname,rur_urb,rur_urbname,func_sys,func_sysname,rd_owner,rd_ownername,route,routename,tway_id,tway_id2,milept,mileptname,latitude,latitudename,longitud,longitudname,sp_jur,sp_jurname,harm_ev,harm_evname,man_coll,man_collname,reljct1,reljct1name,reljct2,reljct2name,typ_int,typ_intname,wrk_zone,wrk_zonename,road_fnc,road_fncname,rel_road,rel_roadname,lgt_cond,lgt_condname,weather1,weather1name,weather2,weather2name,weather,weathername,sch_bus,sch_busname,rail,railname,not_hour,not_hourname,not_min,not_minname,arr_hour,arr_hourname,arr_min,arr_minname,hosp_hr,hosp_hrname,hosp_mn,hosp_mnname,cf1,cf1name,cf2,cf2name,cf3,cf3name,fatals,drunk_dr
2021,53,530503,Washington,1,1,0,1,1,1,1,53,PIERCE (53),2230,TACOMA,28,28,11,November,2021,1,Sunday,5,5:00am-5:59am,45,45,0,This section IS NOT on the NHS,2,Urban,3,Principal Arterial - Other,4,City or Municipal Highway Agency,6,Local Street - Municipality,E PORTLAND AVE,,0,None,47.21663056,47.21663056,-122.407672220,-122.407672220,3,Indian Reservation,8,Pedestrian,0,The First Harmful Event was Not a Collision with a Motor Vehicle in Transport,0,No,1,Non-Junction,1,Not an Intersection,0,None,,,1,On Roadway,3,Dark - Lighted,,,,,10,Cloudy,0,No,0000000,Not Applicable,5,5:00am-5:59am,44,44,5,5:00am-5:59am,50,50,88,"Not Applicable (Not Transported) ",88,Not Applicable (Not Transported),,,,,,,1,
2021,53,530504,Washington,2,2,0,1,1,2,2,61,SNOHOMISH (61),690,EVERETT,18,18,11,November,2021,5,Thursday,18,6:00pm-6:59pm,51,51,0,This section IS NOT on the NHS,2,Urban,3,Principal Arterial - Other,4,City or Municipal Highway Agency,6,Local Street - Municipality,EVERGREEN WAY,,0,None,47.90936944,47.90936944,-122.239800000,-122.239800000,0,No Special Jurisdiction,8,Pedestrian,0,The First Harmful Event was Not a Collision with a Motor Vehicle in Transport,0,No,1,Non-Junction,1,Not an Intersection,0,None,,,1,On Roadway,3,Dark - Lighted,,,,,2,Rain,0,No,0000000,Not Applicable,18,6:00pm-6:59pm,52,52,18,6:00pm-6:59pm,56,56,19,7:00pm-7:59pm,26,26,,,,,,,1,
2021,53,530505,Washington,1,1,0,0,0,3,3,63,SPOKANE (63),0,NOT APPLICABLE,4,4,8,August,2021,4,Wednesday,18,6:00pm-6:59pm,43,43,0,This section IS NOT on the NHS,1,Rural,5,Major Collector,2,County Highway Agency,4,County Road,CR-CHENEY SPOKANE RD,,82,82,47.57548056,47.57548056,-117.465875000,-117.465875000,0,No Special Jurisdiction,1,Rollover/Overturn,0,The First Harmful Event was Not a Collision with a Motor Vehicle in Transport,0,No,1,Non-Junction,1,Not an Intersection,0,None,,,4,On Roadside,1,Daylight,,,,,1,Clear,0,No,0000000,Not Applicable,18,6:00pm-6:59pm,44,44,18,6:00pm-6:59pm,57,57,19,7:00pm-7:59pm,10,10,,,,,,,1,
2021,53,530506,Washington,3,3,0,0,0,6,6,33,KING (33),2005,SHORELINE,16,16,11,November,2021,3,Tuesday,18,6:00pm-6:59pm,4,4,0,This section IS NOT on the NHS,2,Urban,5,Major Collector,4,City or Municipal Highway Agency,6,Local Street - Municipality,LINDEN AVE N,N 185th St,0,None,47.76321389,47.76321389,-122.348525000,-122.348525000,0,No Special Jurisdiction,12,Motor Vehicle In-Transport,6,Angle,0,No,2,Intersection,2,Four-Way Intersection,0,None,,,1,On Roadway,3,Dark - Lighted,,,,,1,Clear,0,No,0000000,Not Applicable,18,6:00pm-6:59pm,10,10,18,6:00pm-6:59pm,18,18,18,6:00pm-6:59pm,44,44,,,,,,,1,
2021,53,530507,Washington,2,2,0,0,0,2,2,63,SPOKANE (63),2110,SPOKANE,29,29,11,November,2021,2,Monday,19,7:00pm-7:59pm,33,33,0,This section IS NOT on the NHS,2,Urban,3,Principal Arterial - Other,1,State Highway Agency,3,State Highway,SR-290,,37,37,47.67383333,47.67383333,-117.335366670,-117.335366670,0,No Special Jurisdiction,1,Rollover/Overturn,0,The First Harmful Event was Not a Collision with a Motor Vehicle in Transport,0,No,8,Driveway Access Related,1,Not an Intersection,0,None,,,1,On Roadway,3,Dark - Lighted,,,,,1,Clear,0,No,0000000,Not Applicable,19,7:00pm-7:59pm,33,33,19,7:00pm-7:59pm,38,38,19,7:00pm-7:59pm,55,55,,,,,,,1,
2021,53,530508,Washington,1,1,0,1,1,2,2,9,CLALLAM (9),0,NOT APPLICABLE,23,23,11,November,2021,3,Tuesday,17,5:00pm-5:59pm,3,3,0,This section IS NOT on the NHS,1,Rural,7,Local,2,County Highway Agency,4,County Road,CR-SEQUIM BAY RD,,32,32,48.07137222,48.07137222,-123.002800000,-123.002800000,0,No Special Jurisdiction,8,Pedestrian,0,The First Harmful Event was Not a Collision with a Motor Vehicle in Transport,0,No,1,Non-Junction,1,Not an Intersection,0,None,,,1,On Roadway,2,Dark - Not Lighted,,,,,10,Cloudy,0,No,0000000,Not Applicable,17,5:00pm-5:59pm,4,4,17,5:00pm-5:59pm,18,18,99,Unknown,99,Unknown EMS Hospital Arrival Time,,,,,,,1,
2021,53,530509,Washington,2,2,0,0,0,4,4,53,PIERCE (53),2230,TACOMA,25,25,11,November,2021,5,Thursday,2,2:00am-2:59am,15,15,1,This section IS ON the NHS,2,Urban,1,Interstate,1,State Highway Agency,1,Interstate,I-5,,1348,1348,47.23894167,47.23894167,-122.413108330,-122.413108330,0,No Special Jurisdiction,12,Motor Vehicle In-Transport,1,Front-to-Rear,0,No,1,Non-Junction,1,Not an Intersection,1,Construction,,,1,On Roadway,3,Dark - Lighted,,,,,2,Rain,0,No,0000000,Not Applicable,99,Unknown,99,Unknown,99,Unknown EMS Scene Arrival Hour,99,Unknown EMS Scene Arrival Minutes,99,Unknown,99,Unknown EMS Hospital Arrival Time,,,,,,,1,
2021,53,530510,Washington,2,2,0,0,0,2,2,33,KING (33),1830,RENTON,6,6,12,December,2021,2,Monday,20,8:00pm-8:59pm,50,50,0,This section IS NOT on the NHS,2,Urban,4,Minor Arterial,4,City or Municipal Highway Agency,6,Local Street - Municipality,BENSON RD S,,0,None,47.46788056,47.46788056,-122.206305560,-122.206305560,0,No Special Jurisdiction,18,Other Object (not fixed),0,The First Harmful Event was Not a Collision with a Motor Vehicle in Transport,0,No,1,Non-Junction,1,Not an Intersection,0,None,,,1,On Roadway,3,Dark - Lighted,,,,,2,Rain,0,No,0000000,Not Applicable,21,9:00pm-9:59pm,3,3,21,9:00pm-9:59pm,13,13,22,10:00pm-10:59pm,0,0,,,,,,,1,
2021,53,530511,Washington,1,1,0,0,0,1,1,31,JEFFERSON (31),0,NOT APPLICABLE,25,25,11,November,2021,5,Thursday,17,5:00pm-5:59pm,47,47,0,This section IS NOT on the NHS,1,Rural,6,Minor Collector,2,County Highway Agency,4,County Road,CR-OAK BAY RD,,104,104,47.91429444,47.91429444,-122.717894440,-122.717894440,0,No Special Jurisdiction,42,Tree (Standing Only),0,The First Harmful Event was Not a Collision with a Motor Vehicle in Transport,0,No,1,Non-Junction,1,Not an Intersection,0,None,,,4,On Roadside,2,Dark - Not Lighted,,,,,10,Cloudy,0,No,0000000,Not Applicable,17,5:00pm-5:59pm,48,48,17,5:00pm-5:59pm,58,58,88,"Not Applicable (Not Transported) ",88,Not Applicable (Not Transported),,,,,,,1,
2021,53,530512,Washington,1,1,0,0,0,2,2,33,KING (33),0,NOT APPLICABLE,24,24,10,October,2021,1,Sunday,15,3:00pm-3:59pm,4,4,0,This section IS NOT on the NHS,1,Rural,4,Minor Arterial,2,County Highway Agency,4,County Road,CR-PRESTON FALL CITY RD SE,,14,14,47.53675833,47.53675833,-121.914025000,-121.914025000,0,No Special Jurisdiction,42,Tree (Standing Only),0,The First Harmful Event was Not a Collision with a Motor Vehicle in Transport,0,No,1,Non-Junction,1,Not an Intersection,0,None,,,1,On Roadway,1,Daylight,,,,,6,Severe Crosswinds,0,No,0000000,Not Applicable,99,Unknown,99,Unknown,99,Unknown EMS Scene Arrival Hour,99,Unknown EMS Scene Arrival Minutes,88,"Not Applicable (Not Transported) ",88,Not Applicable (Not Transported),,,,,,,2,
2021,53,530513,Washington,2,2,0,0,0,4,4,33,KING (33),100,AUBURN,6,6,12,December,2021,2,Monday,18,6:00pm-6:59pm,59,59,0,This section IS NOT on the NHS,2,Urban,2,Principal Arterial - Other Freeways and Expressways,1,State Highway Agency,3,State Highway,SR-167 RAMP,15TH ST NW,1,1,47.32235000,47.32235000,-122.243805560,-122.243805560,0,No Special Jurisdiction,12,Motor Vehicle In-Transport,6,Angle,0,No,2,Intersection,2,Four-Way Intersection,0,None,,,1,On Roadway,3,Dark - Lighted,,,,,2,Rain,0,No,0000000,Not Applicable,19,7:00pm-7:59pm,11,11,19,7:00pm-7:59pm,24,24,20,8:00pm-8:59pm,9,9,,,,,,,1,
2021,53,530514,Washington,2,2,0,0,0,2,2,77,YAKIMA (77),0,NOT APPLICABLE,2,2,12,December,2021,5,Thursday,5,5:00am-5:59am,11,11,1,This section IS ON the NHS,1,Rural,3,Principal Arterial - Other,1,State Highway Agency,2,U.S. Highway,US-97,LARUE RD,604,604,46.36050278,46.36050278,-120.320183330,-120.320183330,3,Indian Reservation,12,Motor Vehicle In-Transport,6,Angle,0,No,2,Intersection,2,Four-Way Intersection,0,None,,,1,On Roadway,2,Dark - Not Lighted,,,,,1,Clear,0,No,0000000,Not Applicable,99,Unknown,99,Unknown,99,Unknown EMS Scene Arrival Hour,99,Unknown EMS Scene Arrival Minutes,99,Unknown,99,Unknown EMS Hospital Arrival Time,,,,,,,1,
2021,53,530515,Washington,1,1,0,0,0,1,1,33,KING (33),0,NOT APPLICABLE,6,6,12,December,2021,2,Monday,10,10:00am-10:59am,59,59,0,This section IS NOT on the NHS,2,Urban,7,Local,2,County Highway Agency,4,County Road,CR-415TH WAY SE,,5,5,47.49215833,47.49215833,-121.807869440,-121.807869440,0,No Special Jurisdiction,34,Ditch,0,The First Harmful Event was Not a Collision with a Motor Vehicle in Transport,0,No,1,Non-Junction,1,Not an Intersection,0,None,,,4,On Roadside,9,Reported as Unknown,,,,,2,Rain,0,No,0000000,Not Applicable,99,Unknown,99,Unknown,99,Unknown EMS Scene Arrival Hour,99,Unknown EMS Scene Arrival Minutes,99,Unknown,99,Unknown EMS Hospital Arrival Time,,,,,,,1,
2021,53,530516,Washington,2,2,0,0,0,3,3,33,KING (33),1958,SEATAC,4,4,12,December,2021,7,Saturday,18,6:00pm-6:59pm,29,29,0,This section IS NOT on the NHS,2,Urban,4,Minor Arterial,4,City or Municipal Highway Agency,6,Local Street - Municipality,DES MOINES MEMORIAL DR S,,0,None,47.47854167,47.47854167,-122.314613890,-122.314613890,0,No Special Jurisdiction,12,Motor Vehicle In-Transport,2,Front-to-Front,0,No,1,Non-Junction,1,Not an Intersection,0,None,,,1,On Roadway,3,Dark - Lighted,,,,,2,Rain,0,No,0000000,Not Applicable,99,Unknown,99,Unknown,99,Unknown EMS Scene Arrival Hour,99,Unknown EMS Scene Arrival Minutes,88,"Not Applicable (Not Transported) ",88,Not Applicable (Not Transported),,,,,,,2,
2021,53,530517,Washington,1,1,0,0,0,1,1,77,YAKIMA (77),0,NOT APPLICABLE,24,24,11,November,2021,4,Wednesday,9,9:00am-9:59am,40,40,0,This section IS NOT on the NHS,1,Rural,6,Minor Collector,2,County Highway Agency,4,County Road,CR-STEPHENSON RD,,11,11,46.43212778,46.43212778,-120.691338890,-120.691338890,3,Indian Reservation,52,Guardrail End,0,The First Harmful Event was Not a Collision with a Motor Vehicle in Transport,0,No,1,Non-Junction,1,Not an Intersection,0,None,,,4,On Roadside,1,Daylight,,,,,1,Clear,0,No,0000000,Not Applicable,9,9:00am-9:59am,30,30,9,9:00am-9:59am,53,53,88,"Not Applicable (Not Transported) ",88,Not Applicable (Not Transported),,,,,,,1,
2021,53,530518,Washington,3,1,2,0,0,2,2,33,KING (33),1960,SEATTLE,24,24,9,September,2021,6,Friday,2,2:00am-2:59am,21,21,0,This section IS NOT on the NHS,2,Urban,3,Principal Arterial - Other,4,City or Municipal Highway Agency,6,Local Street - Municipality,15TH AVE W,,0,None,47.63304444,47.63304444,-122.376144440,-122.376144440,0,No Special Jurisdiction,30,Utility Pole/Light Support,0,The First Harmful Event was Not a Collision with a Motor Vehicle in Transport,0,No,1,Non-Junction,1,Not an Intersection,0,None,,,4,On Roadside,3,Dark - Lighted,,,,,1,Clear,0,No,0000000,Not Applicable,2,2:00am-2:59am,32,32,2,2:00am-2:59am,34,34,88,"Not Applicable (Not Transported) ",88,Not Applicable (Not Transported),,,,,,,1,
2021,53,530519,Washington,3,3,0,0,0,7,7,33,KING (33),2310,TUKWILA,4,4,12,December,2021,7,Saturday,13,1:00pm-1:59pm,16,16,0,This section IS NOT on the NHS,2,Urban,4,Minor Arterial,4,City or Municipal Highway Agency,6,Local Street - Municipality,S RYAN WAY,,0,None,47.50768333,47.50768333,-122.276955560,-122.276955560,0,No Special Jurisdiction,12,Motor Vehicle In-Transport,2,Front-to-Front,0,No,1,Non-Junction,1,Not an Intersection,0,None,,,1,On Roadway,1,Daylight,,,,,2,Rain,0,No,0000000,Not Applicable,13,1:00pm-1:59pm,30,30,13,1:00pm-1:59pm,40,40,14,2:00pm-2:59pm,17,17,,,,,,,1,
2021,53,530520,Washington,2,2,0,0,0,3,3,53,PIERCE (53),0,NOT APPLICABLE,9,9,11,November,2021,3,Tuesday,11,11:00am-11:59am,56,56,0,This section IS NOT on the NHS,1,Rural,5,Major Collector,2,County Highway Agency,4,County Road,CR-8TH AVE E,"RICE CANDLE RD ",62,62,47.02359722,47.02359722,-122.421722220,-122.421722220,0,No Special Jurisdiction,12,Motor Vehicle In-Transport,6,Angle,0,No,2,Intersection,2,Four-Way Intersection,0,None,,,1,On Roadway,1,Daylight,,,,,10,Cloudy,0,No,0000000,Not Applicable,12,12:00pm-12:59pm,7,7,12,12:00pm-12:59pm,19,19,12,12:00pm-12:59pm,59,59,,,,,,,1,
2021,53,530521,Washington,2,2,0,1,1,2,2,47,OKANOGAN (47),0,NOT APPLICABLE,11,11,12,December,2021,7,Saturday,17,5:00pm-5:59pm,1,1,1,This section IS ON the NHS,1,Rural,2,Principal Arterial - Other Freeways and Expressways,1,State Highway Agency,2,U.S. Highway,US-97,TWELVE TRIBES RESORT RD,2747,2747,48.38410278,48.38410278,-119.535338890,-119.535338890,3,Indian Reservation,8,Pedestrian,0,The First Harmful Event was Not a Collision with a Motor Vehicle in Transport,0,No,3,Intersection-Related,2,Four-Way Intersection,0,None,,,1,On Roadway,3,Dark - Lighted,,,,,1,Clear,0,No,0000000,Not Applicable,16,4:00pm-4:59pm,57,57,17,5:00pm-5:59pm,4,4,99,Unknown,99,Unknown EMS Hospital Arrival Time,,,,,,,1,
2021,53,530522,Washington,1,1,0,1,1,1,1,33,KING (33),735,FEDERAL WAY,10,10,12,December,2021,6,Friday,6,6:00am-6:59am,41,41,1,This section IS ON the NHS,2,Urban,1,Interstate,1,State Highway Agency,1,Interstate,I-5,,1448,1448,47.32900556,47.32900556,-122.293747220,-122.293747220,0,No Special Jurisdiction,8,Pedestrian,0,The First Harmful Event was Not a Collision with a Motor Vehicle in Transport,0,No,1,Non-Junction,1,Not an Intersection,0,None,,,1,On Roadway,2,Dark - Not Lighted,,,,,10,Cloudy,0,No,0000000,Not Applicable,99,Unknown,99,Unknown,99,Unknown EMS Scene Arrival Hour,99,Unknown EMS Scene Arrival Minutes,99,Unknown,99,Unknown EMS Hospital Arrival Time,,,,,,,1,
2021,53,530523,Washington,1,1,0,0,0,2,2,5,BENTON (5),0,NOT APPLICABLE,11,11,12,December,2021,7,Saturday,8,8:00am-8:59am,15,15,0,This section IS NOT on the NHS,2,Urban,5,Major Collector,2,County Highway Agency,4,County Road,CR-W OLD INLAND EMPIRE,,59,59,46.22589167,46.22589167,-119.768530560,-119.768530560,0,No Special Jurisdiction,42,Tree (Standing Only),0,The First Harmful Event was Not a Collision with a Motor Vehicle in Transport,0,No,1,Non-Junction,1,Not an Intersection,0,None,,,4,On Roadside,1,Daylight,,,,,6,Severe Crosswinds,0,No,0000000,Not Applicable,8,8:00am-8:59am,18,18,8,8:00am-8:59am,21,21,99,Unknown,99,Unknown EMS Hospital Arrival Time,,,,,,,1,
2021,53,530524,Washington,2,2,0,0,0,9,9,63,SPOKANE (63),2110,SPOKANE,12,12,12,December,2021,1,Sunday,17,5:00pm-5:59pm,4,4,0,This section IS NOT on the NHS,2,Urban,3,Principal Arterial - Other,4,City or Municipal Highway Agency,6,Local Street - Municipality,N NEVADA ST,E Providence Ave,0,None,47.69232222,47.69232222,-117.395211110,-117.395211110,0,No Special Jurisdiction,12,Motor Vehicle In-Transport,1,Front-to-Rear,0,No,3,Intersection-Related,2,Four-Way Intersection,0,None,,,1,On Roadway,3,Dark - Lighted,,,,,1,Clear,0,No,0000000,Not Applicable,17,5:00pm-5:59pm,4,4,17,5:00pm-5:59pm,9,9,17,5:00pm-5:59pm,48,48,,,,,,,1,
2021,53,530525,Washington,3,3,0,0,0,5,5,33,KING (33),1030,KENT,4,4,12,December,2021,7,Saturday,1,1:00am-1:59am,44,44,1,This section IS ON the NHS,2,Urban,1,Interstate,1,State Highway Agency,1,Interstate,I-5,,1481,1481,47.37606944,47.37606944,-122.292130560,-122.292130560,0,No Special Jurisdiction,12,Motor Vehicle In-Transport,1,Front-to-Rear,0,No,1,Non-Junction,1,Not an Intersection,0,None,,,1,On Roadway,6,Dark - Unknown Lighting,,,,,10,Cloudy,0,No,0000000,Not Applicable,1,1:00am-1:59am,57,57,2,2:00am-2:59am,6,6,2,2:00am-2:59am,40,40,,,,,,,1,
2021,53,530526,Washington,1,1,0,0,0,1,1,33,KING (33),735,FEDERAL WAY,8,8,12,December,2021,4,Wednesday,18,6:00pm-6:59pm,51,51,1,This section IS ON the NHS,2,Urban,1,Interstate,1,State Highway Agency,1,Interstate,I-5,,1417,1417,47.28577778,47.28577778,-122.308144440,-122.308144440,0,No Special Jurisdiction,24,Guardrail Face,0,The First Harmful Event was Not a Collision with a Motor Vehicle in Transport,0,No,1,Non-Junction,1,Not an Intersection,0,None,,,4,On Roadside,3,Dark - Lighted,,,,,1,Clear,0,No,0000000,Not Applicable,19,7:00pm-7:59pm,5,5,19,7:00pm-7:59pm,44,44,20,8:00pm-8:59pm,16,16,,,,,,,1,
2021,53,530528,Washington,1,1,0,1,1,2,2,33,KING (33),1050,KIRKLAND,6,6,12,December,2021,2,Monday,9,9:00am-9:59am,45,45,0,This section IS NOT on the NHS,2,Urban,7,Local,4,City or Municipal Highway Agency,6,Local Street - Municipality,119TH PL NE,,0,None,47.73182222,47.73182222,-122.181541670,-122.181541670,0,No Special Jurisdiction,8,Pedestrian,0,The First Harmful Event was Not a Collision with a Motor Vehicle in Transport,0,No,4,Driveway Access,1,Not an Intersection,0,None,,,1,On Roadway,1,Daylight,,,,,10,Cloudy,0,No,0000000,Not Applicable,99,Unknown,99,Unknown,99,Unknown EMS Scene Arrival Hour,99,Unknown EMS Scene Arrival Minutes,88,"Not Applicable (Not Transported) ",88,Not Applicable (Not Transported),,,,,,,1,
2021,53,530529,Washington,1,1,0,1,1,7,7,5,BENTON (5),1850,RICHLAND,4,4,4,April,2021,1,Sunday,18,6:00pm-6:59pm,13,13,0,This section IS NOT on the NHS,2,Urban,3,Principal Arterial - Other,4,City or Municipal Highway Agency,6,Local Street - Municipality,KEENE RD,Queensgate Dr,0,None,46.24806667,46.24806667,-119.302986110,-119.302986110,0,No Special Jurisdiction,9,Pedalcyclist,0,The First Harmful Event was Not a Collision with a Motor Vehicle in Transport,0,No,3,Intersection-Related,3,T-Intersection,0,None,,,1,On Roadway,1,Daylight,,,,,1,Clear,0,No,0000000,Not Applicable,18,6:00pm-6:59pm,13,13,18,6:00pm-6:59pm,18,18,18,6:00pm-6:59pm,33,33,,,,,,,1,
2021,53,530530,Washington,1,1,0,1,1,1,1,31,JEFFERSON (31),0,NOT APPLICABLE,5,5,7,July,2021,2,Monday,10,10:00am-10:59am,59,59,0,This section IS NOT on the NHS,1,Rural,3,Principal Arterial - Other,1,State Highway Agency,3,State Highway,SR-20,,83,83,48.07762500,48.07762500,-122.818008330,-122.818008330,0,No Special Jurisdiction,9,Pedalcyclist,0,The First Harmful Event was Not a Collision with a Motor Vehicle in Transport,0,No,1,Non-Junction,1,Not an Intersection,0,None,,,2,On Shoulder,1,Daylight,,,,,1,Clear,0,No,0000000,Not Applicable,10,10:00am-10:59am,57,57,11,11:00am-11:59am,3,3,11,11:00am-11:59am,33,33,,,,,,,1,
2021,53,530531,Washington,2,2,0,0,0,2,2,53,PIERCE (53),0,NOT APPLICABLE,15,15,11,November,2021,2,Monday,20,8:00pm-8:59pm,45,45,0,This section IS NOT on the NHS,2,Urban,4,Minor Arterial,2,County Highway Agency,4,County Road,CR-260TH ST E,,3,3,47.02024722,47.02024722,-122.364158330,-122.364158330,0,No Special Jurisdiction,12,Motor Vehicle In-Transport,7,Sideswipe - Same Direction,0,No,1,Non-Junction,1,Not an Intersection,0,None,,,1,On Roadway,2,Dark - Not Lighted,,,,,1,Clear,0,No,0000000,Not Applicable,20,8:00pm-8:59pm,50,50,21,9:00pm-9:59pm,6,6,21,9:00pm-9:59pm,44,44,,,,,,,1,
2021,53,530532,Washington,1,1,0,0,0,1,1,77,YAKIMA (77),0,NOT APPLICABLE,3,3,12,December,2021,6,Friday,16,4:00pm-4:59pm,45,45,0,This section IS NOT on the NHS,2,Urban,3,Principal Arterial - Other,1,State Highway Agency,3,State Highway,SR-823,,11,11,46.63689444,46.63689444,-120.527091670,-120.527091670,0,No Special Jurisdiction,25,Concrete Traffic Barrier,0,The First Harmful Event was Not a Collision with a Motor Vehicle in Transport,0,No,1,Non-Junction,1,Not an Intersection,0,None,,,4,On Roadside,5,Dusk,,,,,1,Clear,0,No,0000000,Not Applicable,16,4:00pm-4:59pm,47,47,17,5:00pm-5:59pm,1,1,17,5:00pm-5:59pm,12,12,,,,,,,1,
2021,53,530533,Washington,1,1,0,1,1,1,1,61,SNOHOMISH (61),690,EVERETT,11,11,12,December,2021,7,Saturday,2,2:00am-2:59am,12,12,0,This section IS NOT on the NHS,2,Urban,3,Principal Arterial - Other,1,State Highway Agency,3,State Highway,SR-99,EVERGREEN WAY,459,459,47.88955278,47.88955278,-122.258616670,-122.258616670,0,No Special Jurisdiction,8,Pedestrian,0,The First Harmful Event was Not a Collision with a Motor Vehicle in Transport,0,No,3,Intersection-Related,2,Four-Way Intersection,0,None,,,1,On Roadway,3,Dark - Lighted,,,,,10,Cloudy,0,No,0000000,Not Applicable,2,2:00am-2:59am,13,13,2,2:00am-2:59am,20,20,2,2:00am-2:59am,58,58,,,,,,,1,
2021,53,530534,Washington,1,1,0,0,0,2,2,11,CLARK (11),0,NOT APPLICABLE,14,14,12,December,2021,3,Tuesday,8,8:00am-8:59am,13,13,0,This section IS NOT on the NHS,2,Urban,5,Major Collector,2,County Highway Agency,4,County Road,CR-SE NOURSE RD,,10,10,45.61029444,45.61029444,-122.387091670,-122.387091670,0,No Special Jurisdiction,38,Fence,0,The First Harmful Event was Not a Collision with a Motor Vehicle in Transport,0,No,1,Non-Junction,1,Not an Intersection,0,None,,,4,On Roadside,1,Daylight,,,,,1,Clear,0,No,0000000,Not Applicable,8,8:00am-8:59am,15,15,8,8:00am-8:59am,25,25,99,Unknown,99,Unknown EMS Hospital Arrival Time,,,,,,,1,
2021,53,530535,Washington,2,2,0,0,0,3,3,27,GRAYS HARBOR (27),0,NOT APPLICABLE,16,16,12,December,2021,5,Thursday,20,8:00pm-8:59pm,36,36,1,This section IS ON the NHS,1,Rural,3,Principal Arterial - Other,1,State Highway Agency,2,U.S. Highway,US-12,,374,374,46.82982222,46.82982222,-123.184333330,-123.184333330,0,No Special Jurisdiction,12,Motor Vehicle In-Transport,8,Sideswipe - Opposite Direction,0,No,1,Non-Junction,1,Not an Intersection,0,None,,,1,On Roadway,2,Dark - Not Lighted,,,,,5,"Fog, Smog, Smoke",0,No,0000000,Not Applicable,20,8:00pm-8:59pm,39,39,20,8:00pm-8:59pm,52,52,21,9:00pm-9:59pm,46,46,,,,,,,1,
2021,53,530536,Washington,3,2,1,3,3,1,1,11,CLARK (11),0,NOT APPLICABLE,18,18,12,December,2021,7,Saturday,21,9:00pm-9:59pm,40,40,1,This section IS ON the NHS,2,Urban,1,Interstate,1,State Highway Agency,1,Interstate,I-5 RAMP,,2,2,45.68117222,45.68117222,-122.664969440,-122.664969440,0,No Special Jurisdiction,12,Motor Vehicle In-Transport,1,Front-to-Rear,1,Yes,20,Entrance/Exit Ramp,1,Not an Intersection,0,None,,,1,On Roadway,3,Dark - Lighted,,,,,2,Rain,0,No,0000000,Not Applicable,99,Unknown,99,Unknown,99,Unknown EMS Scene Arrival Hour,99,Unknown EMS Scene Arrival Minutes,99,Unknown,99,Unknown EMS Hospital Arrival Time,,,,,,,2,
2021,53,530537,Washington,1,1,0,1,1,1,1,33,KING (33),1830,RENTON,20,20,12,December,2021,2,Monday,18,6:00pm-6:59pm,58,58,0,This section IS NOT on the NHS,2,Urban,3,Principal Arterial - Other,1,State Highway Agency,3,State Highway,SR-900,NE 12TH ST,52,52,47.50310556,47.50310556,-122.177430560,-122.177430560,0,No Special Jurisdiction,8,Pedestrian,0,The First Harmful Event was Not a Collision with a Motor Vehicle in Transport,0,No,3,Intersection-Related,2,Four-Way Intersection,0,None,,,1,On Roadway,3,Dark - Lighted,,,,,10,Cloudy,0,No,0000000,Not Applicable,18,6:00pm-6:59pm,58,58,19,7:00pm-7:59pm,1,1,88,"Not Applicable (Not Transported) ",88,Not Applicable (Not Transported),,,,,,,1,
2021,53,530538,Washington,2,2,0,0,0,2,2,35,KITSAP (35),0,NOT APPLICABLE,21,21,12,December,2021,3,Tuesday,0,0:00am-0:59am,28,28,0,This section IS NOT on the NHS,2,Urban,4,Minor Arterial,2,County Highway Agency,4,County Road,CR-SE MILE HILL DR,,9,9,47.53402222,47.53402222,-122.568650000,-122.568650000,0,No Special Jurisdiction,12,Motor Vehicle In-Transport,6,Angle,0,No,8,Driveway Access Related,1,Not an Intersection,0,None,,,1,On Roadway,3,Dark - Lighted,,,,,1,Clear,0,No,0000000,Not Applicable,99,Unknown,99,Unknown,99,Unknown EMS Scene Arrival Hour,99,Unknown EMS Scene Arrival Minutes,99,Unknown,99,Unknown EMS Hospital Arrival Time,,,,,,,1,
2021,53,530539,Washington,1,1,0,0,0,1,1,53,PIERCE (53),0,NOT APPLICABLE,20,20,12,December,2021,2,Monday,1,1:00am-1:59am,47,47,0,This section IS NOT on the NHS,1,Rural,5,Major Collector,2,County Highway Agency,4,County Road,CR-KEY PENINSULA HWY SW,,71,71,47.24172500,47.24172500,-122.770836110,-122.770836110,0,No Special Jurisdiction,42,Tree (Standing Only),0,The First Harmful Event was Not a Collision with a Motor Vehicle in Transport,0,No,1,Non-Junction,1,Not an Intersection,0,None,,,4,On Roadside,2,Dark - Not Lighted,,,,,2,Rain,0,No,0000000,Not Applicable,1,1:00am-1:59am,47,47,1,1:00am-1:59am,54,54,88,"Not Applicable (Not Transported) ",88,Not Applicable (Not Transported),,,,,,,1,
2021,53,530540,Washington,1,1,0,1,1,1,1,33,KING (33),1958,SEATAC,20,20,12,December,2021,2,Monday,6,6:00am-6:59am,22,22,0,This section IS NOT on the NHS,2,Urban,3,Principal Arterial - Other,1,State Highway Agency,3,State Highway,SR-99,,158,158,47.45011111,47.45011111,-122.296075000,-122.296075000,0,No Special Jurisdiction,8,Pedestrian,0,The First Harmful Event was Not a Collision with a Motor Vehicle in Transport,0,No,1,Non-Junction,1,Not an Intersection,0,None,,,1,On Roadway,3,Dark - Lighted,,,,,4,Snow,0,No,0000000,Not Applicable,6,6:00am-6:59am,24,24,6,6:00am-6:59am,28,28,88,"Not Applicable (Not Transported) ",88,Not Applicable (Not Transported),,,,,,,1,