caseyear,state,st_case,statename,ve_total,ve_forms,pvh_invl,peds,pernotmvit,permvit,persons,county,countyname,city,cityname,day,dayname,month,monthname,year,day_week,day_weekname,hour,hourname,minute,minutename,nhs,nhsname,rur_urb,rur_urbname,func_sys,func_sysname,rd_owner,rd_ownername,route,routename,tway_id,tway_id2,milept,mileptname,latitude,latitudename,longitud,longitudname,sp_jur,sp_jurname,harm_ev,harm_evname,man_coll,man_collname,reljct1,reljct1name,reljct2,reljct2name,typ_int,typ_intname,wrk_zone,wrk_zonename,road_fnc,road_fncname,rel_road,rel_roadname,lgt_cond,lgt_condname,weather1,weather1name,weather2,weather2name,weather,weathername,sch_bus,sch_busname,rail,railname,not_hour,not_hourname,not_min,not_minname,arr_hour,arr_hourname,arr_min,arr_minname,hosp_hr,hosp_hrname,hosp_mn,hosp_mnname,cf1,cf1name,cf2,cf2name,cf3,cf3name,fatals,drunk_dr
2022,53,530048,Washington,2,2,0,0,0,2,2,33,KING (33),1958,SEATAC,8,8,2,February,2022,3,Tuesday,20,8:00pm-8:59pm,2,2,0,This section IS NOT on the NHS,2,Urban,4,Minor Arterial,1,State Highway Agency,3,State Highway,SR-518,24TH AVE S,2,2,47.46512222,47.46512222,-122.302383330,-122.30238333,0,No Special Jurisdiction,12,Motor Vehicle In-Transport,6,Angle,0,No,2,Intersection,2,Four-Way Intersection,0,None,,,1,On Roadway,3,Dark - Lighted,,,,,1,Clear,0,No,0000000,Not Applicable,99,Unknown,99,Unknown,99,Unknown EMS Scene Arrival Hour,99,Unknown EMS Scene Arrival Minutes,88,"Not Applicable (Not Transported) ",88,Not Applicable (Not Transported),,,,,,,2,
2022,53,530050,Washington,1,1,0,1,1,1,1,61,SNOHOMISH (61),690,EVERETT,7,7,1,January,2022,6,Friday,17,5:00pm-5:59pm,24,24,0,This section IS NOT on the NHS,2,Urban,3,Principal Arterial - Other,1,State Highway Agency,3,State Highway,SR-529,RAINER AVE,7,7,47.98185833,47.98185833,-122.198683330,-122.19868333,0,No Special Jurisdiction,8,Pedestrian,0,The First Harmful Event was Not a Collision with a Motor Vehicle in Transport,0,No,3,Intersection-Related,2,Four-Way Intersection,0,None,,,1,On Roadway,3,Dark - Lighted,,,,,2,Rain,0,No,0000000,Not Applicable,99,Unknown,99,Unknown,99,Unknown EMS Scene Arrival Hour,99,Unknown EMS Scene Arrival Minutes,88,"Not Applicable (Not Transported) ",88,Not Applicable (Not Transported),,,,,,,1,
2022,53,530051,Washington,3,3,0,0,0,5,5,5,BENTON (5),1850,RICHLAND,10,10,2,February,2022,5,Thursday,6,6:00am-6:59am,12,12,1,This section IS ON the NHS,2,Urban,2,Principal Arterial - Other Freeways and Expressways,1,State Highway Agency,3,State Highway,SR-240,,262,262,46.33229167,46.33229167,-119.329308330,-119.32930833,0,No Special Jurisdiction,12,Motor Vehicle In-Transport,2,Front-to-Front,0,No,1,Non-Junction,1,Not an Intersection,0,None,,,1,On Roadway,2,Dark - Not Lighted,,,,,1,Clear,0,No,0000000,Not Applicable,6,6:00am-6:59am,10,10,6,6:00am-6:59am,14,14,6,6:00am-6:59am,37,37,,,,,,,2,
2022,53,530052,Washington,2,2,0,0,0,2,2,61,SNOHOMISH (61),690,EVERETT,14,14,1,January,2022,6,Friday,17,5:00pm-5:59pm,7,7,0,This section IS NOT on the NHS,2,Urban,3,Principal Arterial - Other,4,City or Municipal Highway Agency,6,Local Street - Municipality,W MARINE VIEW DR,Wall St,0,None,47.97773056,47.97773056,-122.214277780,-122.21427778,0,No Special Jurisdiction,12,Motor Vehicle In-Transport,6,Angle,0,No,2,Intersection,2,Four-Way Intersection,0,None,,,1,On Roadway,5,Dusk,,,,,1,Clear,0,No,0000000,Not Applicable,99,Unknown,99,Unknown,99,Unknown EMS Scene Arrival Hour,99,Unknown EMS Scene Arrival Minutes,99,Unknown,99,Unknown EMS Hospital Arrival Time,,,,,,,1,
2022,53,530053,Washington,1,1,0,0,0,1,1,25,GRANT (25),0,NOT APPLICABLE,5,5,2,February,2022,7,Saturday,2,2:00am-2:59am,59,59,0,This section IS NOT on the NHS,1,Rural,5,Major Collector,2,County Highway Agency,4,County Road,CR-U SE,,10,10,46.92589444,46.92589444,-119.046669440,-119.04666944,0,No Special Jurisdiction,30,Utility Pole/Light Support,0,The First Harmful Event was Not a Collision with a Motor Vehicle in Transport,0,No,1,Non-Junction,1,Not an Intersection,0,None,,,4,On Roadside,2,Dark - Not Lighted,,,,,1,Clear,0,No,0000000,Not Applicable,99,Unknown,99,Unknown,99,Unknown EMS Scene Arrival Hour,99,Unknown EMS Scene Arrival Minutes,99,Unknown,99,Unknown EMS Hospital Arrival Time,,,,,,,1,
2022,53,530054,Washington,1,1,0,0,0,1,1,65,STEVENS (65),0,NOT APPLICABLE,10,10,2,February,2022,5,Thursday,7,7:00am-7:59am,20,20,1,This section IS ON the NHS,1,Rural,3,Principal Arterial - Other,1,State Highway Agency,2,U.S. Highway,US-395,HAFER RD,2075,2075,48.21196389,48.21196389,-117.715369440,-117.71536944,0,No Special Jurisdiction,30,Utility Pole/Light Support,0,The First Harmful Event was Not a Collision with a Motor Vehicle in Transport,0,No,3,Intersection-Related,3,T-Intersection,0,None,,,4,On Roadside,1,Daylight,,,,,5,"Fog, Smog, Smoke",0,No,0000000,Not Applicable,99,Unknown,99,Unknown,99,Unknown EMS Scene Arrival Hour,99,Unknown EMS Scene Arrival Minutes,88,"Not Applicable (Not Transported) ",88,Not Applicable (Not Transported),,,,,,,1,
2022,53,530055,Washington,1,1,0,0,0,2,2,11,CLARK (11),0,NOT APPLICABLE,4,4,2,February,2022,6,Friday,21,9:00pm-9:59pm,7,7,0,This section IS NOT on the NHS,1,Rural,5,Major Collector,2,County Highway Agency,4,County Road,CR-NE LUCIA FALLS RD,,49,49,45.83425556,45.83425556,-122.513152780,-122.51315278,0,No Special Jurisdiction,42,Tree (Standing Only),0,The First Harmful Event was Not a Collision with a Motor Vehicle in Transport,0,No,1,Non-Junction,1,Not an Intersection,0,None,,,4,On Roadside,2,Dark - Not Lighted,,,,,2,Rain,0,No,0000000,Not Applicable,21,9:00pm-9:59pm,8,8,21,9:00pm-9:59pm,16,16,22,10:00pm-10:59pm,4,4,,,,,,,1,
2022,53,530056,Washington,1,1,0,0,0,2,2,21,FRANKLIN (21),0,NOT APPLICABLE,6,6,2,February,2022,1,Sunday,2,2:00am-2:59am,24,24,1,This section IS ON the NHS,1,Rural,2,Principal Arterial - Other Freeways and Expressways,1,State Highway Agency,2,U.S. Highway,US-395,,423,423,46.42388056,46.42388056,-119.030769440,-119.03076944,0,No Special Jurisdiction,1,Rollover/Overturn,0,The First Harmful Event was Not a Collision with a Motor Vehicle in Transport,0,No,1,Non-Junction,1,Not an Intersection,0,None,,,4,On Roadside,2,Dark - Not Lighted,,,,,1,Clear,0,No,0000000,Not Applicable,2,2:00am-2:59am,24,24,2,2:00am-2:59am,46,46,3,3:00am-3:59am,31,31,,,,,,,1,
2022,53,530057,Washington,3,1,2,2,2,2,2,61,SNOHOMISH (61),0,NOT APPLICABLE,8,8,2,February,2022,3,Tuesday,16,4:00pm-4:59pm,53,53,1,This section IS ON the NHS,1,Rural,1,Interstate,1,State Highway Agency,1,Interstate,I-5,,2078,2078,48.17678889,48.17678889,-122.193283330,-122.19328333,0,No Special Jurisdiction,14,Parked Motor Vehicle,0,The First Harmful Event was Not a Collision with a Motor Vehicle in Transport,0,No,1,Non-Junction,1,Not an Intersection,0,None,,,2,On Shoulder,1,Daylight,,,,,10,Cloudy,0,No,0000000,Not Applicable,16,4:00pm-4:59pm,54,54,17,5:00pm-5:59pm,5,5,17,5:00pm-5:59pm,26,26,,,,,,,1,
2022,53,530058,Washington,2,2,0,0,0,3,3,5,BENTON (5),1850,RICHLAND,10,10,2,February,2022,5,Thursday,6,6:00am-6:59am,55,55,1,This section IS ON the NHS,2,Urban,3,Principal Arterial - Other,4,City or Municipal Highway Agency,6,Local Street - Municipality,GEORGE WASHINGTON WAY,,0,None,46.26874444,46.26874444,-119.270202780,-119.27020278,0,No Special Jurisdiction,12,Motor Vehicle In-Transport,2,Front-to-Front,0,No,1,Non-Junction,1,Not an Intersection,0,None,,,1,On Roadway,4,Dawn,,,,,1,Clear,0,No,0000000,Not Applicable,99,Unknown,99,Unknown,99,Unknown EMS Scene Arrival Hour,99,Unknown EMS Scene Arrival Minutes,99,Unknown,99,Unknown EMS Hospital Arrival Time,,,,,,,1,
2022,53,530059,Washington,2,2,0,0,0,3,3,53,PIERCE (53),2230,TACOMA,14,14,2,February,2022,2,Monday,3,3:00am-3:59am,47,47,0,This section IS NOT on the NHS,2,Urban,3,Principal Arterial - Other,4,City or Municipal Highway Agency,6,Local Street - Municipality,E 44TH ST,E Portland Ave,0,None,47.21751667,47.21751667,-122.407669440,-122.40766944,3,Indian Reservation,12,Motor Vehicle In-Transport,1,Front-to-Rear,0,No,3,Intersection-Related,3,T-Intersection,0,None,,,1,On Roadway,3,Dark - Lighted,,,,,10,Cloudy,0,No,0000000,Not Applicable,3,3:00am-3:59am,49,49,3,3:00am-3:59am,52,52,88,"Not Applicable (Not Transported) ",88,Not Applicable (Not Transported),,,,,,,1,
2022,53,530060,Washington,1,1,0,0,0,1,1,33,KING (33),0,NOT APPLICABLE,3,3,2,February,2022,5,Thursday,16,4:00pm-4:59pm,43,43,0,This section IS NOT on the NHS,1,Rural,5,Major Collector,2,County Highway Agency,4,County Road,CR-VEAZIE CUMBERLAND RD,,24,24,47.23360833,47.23360833,-121.962952780,-121.96295278,0,No Special Jurisdiction,58,Ground,0,The First Harmful Event was Not a Collision with a Motor Vehicle in Transport,0,No,1,Non-Junction,1,Not an Intersection,0,None,,,4,On Roadside,5,Dusk,,,,,10,Cloudy,0,No,0000000,Not Applicable,16,4:00pm-4:59pm,52,52,17,5:00pm-5:59pm,1,1,88,"Not Applicable (Not Transported) ",88,Not Applicable (Not Transported),,,,,,,1,
2022,53,530061,Washington,1,1,0,1,1,1,1,61,SNOHOMISH (61),0,NOT APPLICABLE,5,5,2,February,2022,7,Saturday,18,6:00pm-6:59pm,29,29,1,This section IS ON the NHS,2,Urban,3,Principal Arterial - Other,1,State Highway Agency,3,State Highway,SR-99,,440,440,47.86725278,47.86725278,-122.279083330,-122.27908333,0,No Special Jurisdiction,8,Pedestrian,0,The First Harmful Event was Not a Collision with a Motor Vehicle in Transport,0,No,1,Non-Junction,1,Not an Intersection,0,None,,,1,On Roadway,3,Dark - Lighted,,,,,1,Clear,0,No,0000000,Not Applicable,99,Unknown,99,Unknown,99,Unknown EMS Scene Arrival Hour,99,Unknown EMS Scene Arrival Minutes,88,"Not Applicable (Not Transported) ",88,Not Applicable (Not Transported),,,,,,,1,
2022,53,530062,Washington,2,2,0,0,0,2,2,53,PIERCE (53),2230,TACOMA,14,14,2,February,2022,2,Monday,8,8:00am-8:59am,51,51,0,This section IS NOT on the NHS,2,Urban,3,Principal Arterial - Other,4,City or Municipal Highway Agency,6,Local Street - Municipality,S ORCHARD ST,,0,None,47.23462778,47.23462778,-122.505058330,-122.50505833,0,No Special Jurisdiction,12,Motor Vehicle In-Transport,6,Angle,0,No,8,Driveway Access Related,1,Not an Intersection,0,None,,,1,On Roadway,1,Daylight,,,,,2,Rain,0,No,0000000,Not Applicable,9,9:00am-9:59am,3,3,9,9:00am-9:59am,10,10,9,9:00am-9:59am,28,28,,,,,,,1,
2022,53,530063,Washington,1,1,0,1,1,1,1,45,MASON (45),2000,SHELTON,14,14,2,February,2022,2,Monday,11,11:00am-11:59am,31,31,0,This section IS NOT on the NHS,2,Urban,3,Principal Arterial - Other,4,City or Municipal Highway Agency,6,Local Street - Municipality,E RAILROAD AVE  SIERRA PACIFIC,N Front St,0,None,47.21266111,47.21266111,-123.098611110,-123.09861111,0,No Special Jurisdiction,19,Building,0,The First Harmful Event was Not a Collision with a Motor Vehicle in Transport,0,No,3,Intersection-Related,3,T-Intersection,0,None,,,5,Outside Trafficway,1,Daylight,,,,,1,Clear,0,No,0000000,Not Applicable,11,11:00am-11:59am,36,36,11,11:00am-11:59am,36,36,88,"Not Applicable (Not Transported) ",88,Not Applicable (Not Transported),,,,,,,1,
2022,53,530064,Washington,1,1,0,0,0,1,1,71,WALLA WALLA (71),0,NOT APPLICABLE,28,28,1,January,2022,6,Friday,1,1:00am-1:59am,32,32,0,This section IS NOT on the NHS,1,Rural,4,Minor Arterial,2,County Highway Agency,4,County Road,CR-HERITAGE RD,,20,20,46.06766389,46.06766389,-118.409286110,-118.40928611,0,No Special Jurisdiction,53,Mail Box,0,The First Harmful Event was Not a Collision with a Motor Vehicle in Transport,0,No,1,Non-Junction,1,Not an Intersection,0,None,,,4,On Roadside,3,Dark - Lighted,,,,,10,Cloudy,0,No,0000000,Not Applicable,1,1:00am-1:59am,36,36,1,1:00am-1:59am,43,43,88,"Not Applicable (Not Transported) ",88,Not Applicable (Not Transported),,,,,,,1,
2022,53,530065,Washington,2,2,0,0,0,5,5,63,SPOKANE (63),2110,SPOKANE,18,18,2,February,2022,6,Friday,10,10:00am-10:59am,55,55,0,This section IS NOT on the NHS,2,Urban,7,Local,4,City or Municipal Highway Agency,6,Local Street - Municipality,E BOONE AVE,N Lee St,0,None,47.66859722,47.66859722,-117.378188890,-117.37818889,0,No Special Jurisdiction,12,Motor Vehicle In-Transport,6,Angle,0,No,2,Intersection,2,Four-Way Intersection,0,None,,,1,On Roadway,1,Daylight,,,,,1,Clear,0,No,0000000,Not Applicable,10,10:00am-10:59am,57,57,11,11:00am-11:59am,3,3,11,11:00am-11:59am,35,35,,,,,,,1,
2022,53,530066,Washington,1,1,0,1,1,1,1,53,PIERCE (53),0,NOT APPLICABLE,16,16,2,February,2022,4,Wednesday,20,8:00pm-8:59pm,11,11,0,This section IS NOT on the NHS,2,Urban,4,Minor Arterial,1,State Highway Agency,3,State Highway,SR-162,,85,85,47.08288889,47.08288889,-122.189208330,-122.18920833,0,No Special Jurisdiction,8,Pedestrian,0,The First Harmful Event was Not a Collision with a Motor Vehicle in Transport,0,No,1,Non-Junction,1,Not an Intersection,0,None,,,1,On Roadway,2,Dark - Not Lighted,,,,,1,Clear,0,No,0000000,Not Applicable,99,Unknown,99,Unknown,99,Unknown EMS Scene Arrival Hour,99,Unknown EMS Scene Arrival Minutes,88,"Not Applicable (Not Transported) ",88,Not Applicable (Not Transported),,,,,,,1,
2022,53,530067,Washington,1,1,0,0,0,1,1,61,SNOHOMISH (61),690,EVERETT,9,9,2,February,2022,4,Wednesday,22,10:00pm-10:59pm,28,28,1,This section IS ON the NHS,2,Urban,3,Principal Arterial - Other,1,State Highway Agency,3,State Highway,SR-527,,70,70,47.88973333,47.88973333,-122.206641670,-122.20664167,0,No Special Jurisdiction,38,Fence,0,The First Harmful Event was Not a Collision with a Motor Vehicle in Transport,0,No,1,Non-Junction,1,Not an Intersection,0,None,,,4,On Roadside,3,Dark - Lighted,,,,,1,Clear,0,No,0000000,Not Applicable,99,Unknown,99,Unknown,99,Unknown EMS Scene Arrival Hour,99,Unknown EMS Scene Arrival Minutes,99,Unknown,99,Unknown EMS Hospital Arrival Time,,,,,,,1,
2022,53,530068,Washington,2,2,0,0,0,5,5,57,SKAGIT (57),0,NOT APPLICABLE,18,18,2,February,2022,6,Friday,21,9:00pm-9:59pm,55,55,0,This section IS NOT on the NHS,1,Rural,5,Major Collector,2,County Highway Agency,4,County Road,CR-YOUNG RD,BEST RD,10,10,48.44254722,48.44254722,-122.443900000,-122.44390000,0,No Special Jurisdiction,12,Motor Vehicle In-Transport,6,Angle,0,No,2,Intersection,2,Four-Way Intersection,0,None,,,1,On Roadway,2,Dark - Not Lighted,,,,,1,Clear,0,No,0000000,Not Applicable,22,10:00pm-10:59pm,0,0,22,10:00pm-10:59pm,12,12,22,10:00pm-10:59pm,29,29,,,,,,,1,
2022,53,530069,Washington,2,2,0,0,0,3,3,61,SNOHOMISH (61),690,EVERETT,19,19,2,February,2022,7,Saturday,0,0:00am-0:59am,59,59,1,This section IS ON the NHS,2,Urban,1,Interstate,1,State Highway Agency,1,Interstate,I-5,,1913,1913,47.94456111,47.94456111,-122.197783330,-122.19778333,0,No Special Jurisdiction,12,Motor Vehicle In-Transport,2,Front-to-Front,0,No,1,Non-Junction,1,Not an Intersection,0,None,,,1,On Roadway,2,Dark - Not Lighted,,,,,1,Clear,0,No,0000000,Not Applicable,1,1:00am-1:59am,2,2,1,1:00am-1:59am,15,15,1,1:00am-1:59am,37,37,,,,,,,2,
2022,53,530070,Washington,1,1,0,0,0,7,7,27,GRAYS HARBOR (27),630,ELMA,20,20,2,February,2022,1,Sunday,1,1:00am-1:59am,42,42,1,This section IS ON the NHS,2,Urban,2,Principal Arterial - Other Freeways and Expressways,1,State Highway Agency,2,U.S. Highway,US-12,,0,None,47.00545000,47.00545000,-123.387230560,-123.38723056,0,No Special Jurisdiction,24,Guardrail Face,0,The First Harmful Event was Not a Collision with a Motor Vehicle in Transport,0,No,1,Non-Junction,1,Not an Intersection,0,None,,,4,On Roadside,2,Dark - Not Lighted,,,,,2,Rain,0,No,0000000,Not Applicable,99,Unknown,99,Unknown,99,Unknown EMS Scene Arrival Hour,99,Unknown EMS Scene Arrival Minutes,88,"Not Applicable (Not Transported) ",88,Not Applicable (Not Transported),,,,,,,1,
2022,53,530071,Washington,1,1,0,2,2,1,1,61,SNOHOMISH (61),80,ARLINGTON,20,20,1,January,2022,5,Thursday,2,2:00am-2:59am,38,38,0,This section IS NOT on the NHS,2,Urban,2,Principal Arterial - Other Freeways and Expressways,1,State Highway Agency,3,State Highway,SR-9,204TH ST NE,282,282,48.18094722,48.18094722,-122.128922220,-122.12892222,0,No Special Jurisdiction,8,Pedestrian,0,The First Harmful Event was Not a Collision with a Motor Vehicle in Transport,0,No,3,Intersection-Related,2,Four-Way Intersection,0,None,,,1,On Roadway,3,Dark - Lighted,,,,,2,Rain,0,No,0000000,Not Applicable,99,Unknown,99,Unknown,99,Unknown EMS Scene Arrival Hour,99,Unknown EMS Scene Arrival Minutes,88,"Not Applicable (Not Transported) ",88,Not Applicable (Not Transported),,,,,,,2,
2022,53,530072,Washington,1,1,0,0,0,6,6,43,LINCOLN (43),0,NOT APPLICABLE,21,21,2,February,2022,2,Monday,12,12:00pm-12:59pm,41,41,1,This section IS ON the NHS,1,Rural,2,Principal Arterial - Other Freeways and Expressways,1,State Highway Agency,2,U.S. Highway,US-2,,2448,2448,47.65722778,47.65722778,-118.112655560,-118.11265556,0,No Special Jurisdiction,1,Rollover/Overturn,0,The First Harmful Event was Not a Collision with a Motor Vehicle in Transport,0,No,1,Non-Junction,1,Not an Intersection,0,None,,,4,On Roadside,1,Daylight,,,,,1,Clear,0,No,0000000,Not Applicable,12,12:00pm-12:59pm,40,40,12,12:00pm-12:59pm,48,48,13,1:00pm-1:59pm,10,10,,,,,,,1,
2022,53,530074,Washington,2,2,0,0,0,3,3,31,JEFFERSON (31),0,NOT APPLICABLE,2,2,2,February,2022,4,Wednesday,14,2:00pm-2:59pm,59,59,1,This section IS ON the NHS,1,Rural,3,Principal Arterial - Other,1,State Highway Agency,2,U.S. Highway,US-101,ORCAS DR,2794,2794,48.00956667,48.00956667,-122.863944440,-122.86394444,0,No Special Jurisdiction,12,Motor Vehicle In-Transport,6,Angle,0,No,2,Intersection,2,Four-Way Intersection,0,None,,,1,On Roadway,1,Daylight,,,,,10,Cloudy,0,No,0000000,Not Applicable,14,2:00pm-2:59pm,59,59,15,3:00pm-3:59pm,17,17,99,Unknown,99,Unknown EMS Hospital Arrival Time,,,,,,,1,
2022,53,530075,Washington,1,1,0,0,0,1,1,33,KING (33),0,NOT APPLICABLE,12,12,2,February,2022,7,Saturday,17,5:00pm-5:59pm,13,13,0,This section IS NOT on the NHS,2,Urban,4,Minor Arterial,2,County Highway Agency,4,County Road,CR-CENTRAL AVE S,,70,70,47.35479722,47.35479722,-122.229605560,-122.22960556,0,No Special Jurisdiction,42,Tree (Standing Only),0,The First Harmful Event was Not a Collision with a Motor Vehicle in Transport,0,No,1,Non-Junction,1,Not an Intersection,0,None,,,4,On Roadside,1,Daylight,,,,,10,Cloudy,0,No,0000000,Not Applicable,17,5:00pm-5:59pm,23,23,17,5:00pm-5:59pm,31,31,18,6:00pm-6:59pm,11,11,,,,,,,1,
2022,53,530076,Washington,2,1,1,1,2,1,2,53,PIERCE (53),1350,MILTON,15,15,2,February,2022,3,Tuesday,6,6:00am-6:59am,17,17,1,This section IS ON the NHS,2,Urban,1,Interstate,1,State Highway Agency,1,Interstate,I-5,,1390,1390,47.25085833,47.25085833,-122.332702780,-122.33270278,0,No Special Jurisdiction,8,Pedestrian,0,The First Harmful Event was Not a Collision with a Motor Vehicle in Transport,0,No,1,Non-Junction,1,Not an Intersection,0,None,,,2,On Shoulder,2,Dark - Not Lighted,,,,,10,Cloudy,0,No,0000000,Not Applicable,99,Unknown,99,Unknown,99,Unknown EMS Scene Arrival Hour,99,Unknown EMS Scene Arrival Minutes,88,"Not Applicable (Not Transported) ",88,Not Applicable (Not Transported),,,,,,,1,
2022,53,530078,Washington,1,1,0,0,0,1,1,49,PACIFIC (49),0,NOT APPLICABLE,18,18,1,January,2022,3,Tuesday,6,6:00am-6:59am,50,50,0,This section IS NOT on the NHS,1,Rural,5,Major Collector,2,County Highway Agency,4,County Road,CR-SANDRIDGE RD,,99999,Unknown,46.44475833,46.44475833,-124.025886110,-124.02588611,0,No Special Jurisdiction,1,Rollover/Overturn,0,The First Harmful Event was Not a Collision with a Motor Vehicle in Transport,0,No,1,Non-Junction,1,Not an Intersection,0,None,,,4,On Roadside,9,Reported as Unknown,,,,,5,"Fog, Smog, Smoke",0,No,0000000,Not Applicable,6,6:00am-6:59am,50,50,7,7:00am-7:59am,6,6,88,"Not Applicable (Not Transported) ",88,Not Applicable (Not Transported),,,,,,,1,
2022,53,530079,Washington,1,1,0,0,0,1,1,31,JEFFERSON (31),0,NOT APPLICABLE,11,11,2,February,2022,6,Friday,23,11:00pm-11:59pm,59,59,1,This section IS ON the NHS,1,Rural,3,Principal Arterial - Other,1,State Highway Agency,2,U.S. Highway,US-101,,1693,1693,47.74720000,47.74720000,-124.332144440,-124.33214444,0,No Special Jurisdiction,42,Tree (Standing Only),0,The First Harmful Event was Not a Collision with a Motor Vehicle in Transport,0,No,1,Non-Junction,1,Not an Intersection,0,None,,,4,On Roadside,2,Dark - Not Lighted,,,,,1,Clear,0,No,0000000,Not Applicable,99,Unknown,99,Unknown,99,Unknown EMS Scene Arrival Hour,99,Unknown EMS Scene Arrival Minutes,88,"Not Applicable (Not Transported) ",88,Not Applicable (Not Transported),,,,,,,1,
2022,53,530080,Washington,2,2,0,0,0,2,2,1,ADAMS (1),0,NOT APPLICABLE,16,16,2,February,2022,4,Wednesday,18,6:00pm-6:59pm,23,23,0,This section IS NOT on the NHS,1,Rural,5,Major Collector,1,State Highway Agency,3,State Highway,SR-261,,539,539,46.99488333,46.99488333,-118.346938890,-118.34693889,0,No Special Jurisdiction,12,Motor Vehicle In-Transport,2,Front-to-Front,0,No,1,Non-Junction,1,Not an Intersection,0,None,,,1,On Roadway,2,Dark - Not Lighted,,,,,1,Clear,0,No,0000000,Not Applicable,18,6:00pm-6:59pm,20,20,18,6:00pm-6:59pm,34,34,18,6:00pm-6:59pm,52,52,,,,,,,2,
2022,53,530081,Washington,1,1,0,1,1,1,1,33,KING (33),1958,SEATAC,28,28,2,February,2022,2,Monday,23,11:00pm-11:59pm,8,8,0,This section IS NOT on the NHS,2,Urban,3,Principal Arterial - Other,1,State Highway Agency,3,State Highway,SR-099,S 182ND SST,151,151,47.44033611,47.44033611,-122.295961110,-122.29596111,0,No Special Jurisdiction,8,Pedestrian,0,The First Harmful Event was Not a Collision with a Motor Vehicle in Transport,0,No,3,Intersection-Related,2,Four-Way Intersection,0,None,,,1,On Roadway,3,Dark - Lighted,,,,,2,Rain,0,No,0000000,Not Applicable,99,Unknown,99,Unknown,99,Unknown EMS Scene Arrival Hour,99,Unknown EMS Scene Arrival Minutes,88,"Not Applicable (Not Transported) ",88,Not Applicable (Not Transported),,,,,,,1,
2022,53,530082,Washington,2,2,0,0,0,2,2,33,KING (33),1958,SEATAC,22,22,2,February,2022,3,Tuesday,11,11:00am-11:59am,36,36,0,This section IS NOT on the NHS,2,Urban,5,Major Collector,4,City or Municipal Highway Agency,6,Local Street - Municipality,8TH AVE S,S 192nd St,0,None,47.43121389,47.43121389,-122.324975000,-122.32497500,0,No Special Jurisdiction,12,Motor Vehicle In-Transport,6,Angle,0,No,2,Intersection,2,Four-Way Intersection,0,None,,,1,On Roadway,1,Daylight,,,,,1,Clear,0,No,0000000,Not Applicable,99,Unknown,99,Unknown,99,Unknown EMS Scene Arrival Hour,99,Unknown EMS Scene Arrival Minutes,99,Unknown,99,Unknown EMS Hospital Arrival Time,,,,,,,1,
2022,53,530083,Washington,1,1,0,1,1,2,2,63,SPOKANE (63),2110,SPOKANE,1,1,3,March,2022,3,Tuesday,17,5:00pm-5:59pm,52,52,1,This section IS ON the NHS,2,Urban,3,Principal Arterial - Other,4,City or Municipal Highway Agency,6,Local Street - Municipality,E SPRAGUE AVE,,0,None,47.65725278,47.65725278,-117.349394440,-117.34939444,0,No Special Jurisdiction,8,Pedestrian,0,The First Harmful Event was Not a Collision with a Motor Vehicle in Transport,0,No,1,Non-Junction,1,Not an Intersection,0,None,,,1,On Roadway,3,Dark - Lighted,,,,,10,Cloudy,0,No,0000000,Not Applicable,17,5:00pm-5:59pm,53,53,17,5:00pm-5:59pm,59,59,88,"Not Applicable (Not Transported) ",88,Not Applicable (Not Transported),,,,,,,1,
2022,53,530084,Washington,2,2,0,0,0,6,6,53,PIERCE (53),1124,LAKEWOOD,25,25,2,February,2022,6,Friday,20,8:00pm-8:59pm,33,33,0,This section IS NOT on the NHS,2,Urban,4,Minor Arterial,4,City or Municipal Highway Agency,6,Local Street - Municipality,112TH ST SW,Gravelly Lake Dr SW,0,None,47.15602778,47.15602778,-122.520486110,-122.52048611,0,No Special Jurisdiction,12,Motor Vehicle In-Transport,6,Angle,0,No,3,Intersection-Related,4,Y-Intersection,0,None,,,1,On Roadway,3,Dark - Lighted,,,,,10,Cloudy,0,No,0000000,Not Applicable,20,8:00pm-8:59pm,34,34,20,8:00pm-8:59pm,39,39,20,8:00pm-8:59pm,57,57,,,,,,,2,
2022,53,530085,Washington,1,1,0,0,0,4,4,5,BENTON (5),1850,RICHLAND,27,27,2,February,2022,1,Sunday,2,2:00am-2:59am,42,42,0,This section IS NOT on the NHS,2,Urban,3,Principal Arterial - Other,4,City or Municipal Highway Agency,6,Local Street - Municipality,GEORGE WASHINGTON WAY,Jadwin Ave,0,None,46.27298611,46.27298611,-119.273416670,-119.27341667,0,No Special Jurisdiction,30,Utility Pole/Light Support,0,The First Harmful Event was Not a Collision with a Motor Vehicle in Transport,0,No,3,Intersection-Related,2,Four-Way Intersection,0,None,,,4,On Roadside,3,Dark - Lighted,,,,,1,Clear,0,No,0000000,Not Applicable,2,2:00am-2:59am,43,43,2,2:00am-2:59am,50,50,3,3:00am-3:59am,8,8,,,,,,,3,
2022,53,530086,Washington,1,1,0,0,0,1,1,77,YAKIMA (77),0,NOT APPLICABLE,25,25,2,February,2022,6,Friday,2,2:00am-2:59am,38,38,0,This section IS NOT on the NHS,2,Urban,4,Minor Arterial,2,County Highway Agency,4,County Road,CR-N WENAS RD,,15,15,46.67403333,46.67403333,-120.517144440,-120.51714444,0,No Special Jurisdiction,42,Tree (Standing Only),0,The First Harmful Event was Not a Collision with a Motor Vehicle in Transport,0,No,1,Non-Junction,1,Not an Intersection,0,None,,,4,On Roadside,2,Dark - Not Lighted,,,,,1,Clear,0,No,0000000,Not Applicable,2,2:00am-2:59am,39,39,2,2:00am-2:59am,46,46,88,"Not Applicable (Not Transported) ",88,Not Applicable (Not Transported),,,,,,,1,