caseyear,state,st_case,statename,ve_total,ve_forms,pvh_invl,peds,pernotmvit,permvit,persons,county,countyname,city,cityname,day,dayname,month,monthname,year,day_week,day_weekname,hour,hourname,minute,minutename,nhs,nhsname,rur_urb,rur_urbname,func_sys,func_sysname,rd_owner,rd_ownername,route,routename,tway_id,tway_id2,milept,mileptname,latitude,latitudename,longitud,longitudname,sp_jur,sp_jurname,harm_ev,harm_evname,man_coll,man_collname,reljct1,reljct1name,reljct2,reljct2name,typ_int,typ_intname,wrk_zone,wrk_zonename,road_fnc,road_fncname,rel_road,rel_roadname,lgt_cond,lgt_condname,weather1,weather1name,weather2,weather2name,weather,weathername,sch_bus,sch_busname,rail,railname,not_hour,not_hourname,not_min,not_minname,arr_hour,arr_hourname,arr_min,arr_minname,hosp_hr,hosp_hrname,hosp_mn,hosp_mnname,cf1,cf1name,cf2,cf2name,cf3,cf3name,fatals,drunk_dr
2022,53,530124,Washington,3,3,0,0,0,5,5,33,KING (33),735,FEDERAL WAY,20,20,3,March,2022,1,Sunday,18,6:00pm-6:59pm,34,34,1,This section IS ON the NHS,2,Urban,1,Interstate,1,State Highway Agency,1,Interstate,I-5,,1437,1437,47.31386667,47.31386667,-122.297730560,-122.29773056,0,No Special Jurisdiction,12,Motor Vehicle In-Transport,7,Sideswipe - Same Direction,0,No,1,Non-Junction,1,Not an Intersection,0,None,,,1,On Roadway,1,Daylight,,,,,2,Rain,0,No,0000000,Not Applicable,99,Unknown,99,Unknown,99,Unknown EMS Scene Arrival Hour,99,Unknown EMS Scene Arrival Minutes,88,"Not Applicable (Not Transported) ",88,Not Applicable (Not Transported),,,,,,,1,
2022,53,530125,Washington,1,1,0,1,1,1,1,11,CLARK (11),1080,LA CENTER,25,25,3,March,2022,6,Friday,20,8:00pm-8:59pm,58,58,1,This section IS ON the NHS,1,Rural,1,Interstate,1,State Highway Agency,1,Interstate,I-5,,165,165,45.84846944,45.84846944,-122.700911110,-122.70091111,0,No Special Jurisdiction,8,Pedestrian,0,The First Harmful Event was Not a Collision with a Motor Vehicle in Transport,0,No,1,Non-Junction,1,Not an Intersection,0,None,,,1,On Roadway,2,Dark - Not Lighted,,,,,10,Cloudy,0,No,0000000,Not Applicable,20,8:00pm-8:59pm,54,54,21,9:00pm-9:59pm,3,3,88,"Not Applicable (Not Transported) ",88,Not Applicable (Not Transported),,,,,,,1,
2022,53,530126,Washington,1,1,0,0,0,1,1,53,PIERCE (53),0,NOT APPLICABLE,2,2,4,April,2022,7,Saturday,9,9:00am-9:59am,0,0,0,This section IS NOT on the NHS,1,Rural,4,Minor Arterial,1,State Highway Agency,3,State Highway,SR-302,,88,88,47.37804167,47.37804167,-122.748802780,-122.74880278,0,No Special Jurisdiction,58,Ground,0,The First Harmful Event was Not a Collision with a Motor Vehicle in Transport,0,No,1,Non-Junction,1,Not an Intersection,0,None,,,4,On Roadside,1,Daylight,,,,,1,Clear,0,No,0000000,Not Applicable,99,Unknown,99,Unknown,99,Unknown EMS Scene Arrival Hour,99,Unknown EMS Scene Arrival Minutes,88,"Not Applicable (Not Transported) ",88,Not Applicable (Not Transported),,,,,,,1,
2022,53,530127,Washington,1,1,0,0,0,1,1,77,YAKIMA (77),2590,YAKIMA,1,1,4,April,2022,6,Friday,3,3:00am-3:59am,2,2,0,This section IS NOT on the NHS,2,Urban,4,Minor Arterial,4,City or Municipal Highway Agency,6,Local Street - Municipality,W NOB HILL BLVD,S 80th Ave,0,None,46.58581944,46.58581944,-120.614813890,-120.61481389,0,No Special Jurisdiction,42,Tree (Standing Only),0,The First Harmful Event was Not a Collision with a Motor Vehicle in Transport,0,No,3,Intersection-Related,3,T-Intersection,0,None,,,4,On Roadside,3,Dark - Lighted,,,,,1,Clear,0,No,0000000,Not Applicable,3,3:00am-3:59am,5,5,3,3:00am-3:59am,11,11,88,"Not Applicable (Not Transported) ",88,Not Applicable (Not Transported),,,,,,,1,
2022,53,530128,Washington,3,3,0,0,0,4,4,77,YAKIMA (77),2590,YAKIMA,20,20,3,March,2022,1,Sunday,12,12:00pm-12:59pm,17,17,0,This section IS NOT on the NHS,2,Urban,4,Minor Arterial,4,City or Municipal Highway Agency,6,Local Street - Municipality,W WASHINGTON AVE,S 48th Ave,0,None,46.57665000,46.57665000,-120.571280560,-120.57128056,0,No Special Jurisdiction,12,Motor Vehicle In-Transport,6,Angle,0,No,2,Intersection,3,T-Intersection,0,None,,,1,On Roadway,1,Daylight,,,,,1,Clear,0,No,0000000,Not Applicable,12,12:00pm-12:59pm,19,19,12,12:00pm-12:59pm,29,29,99,Unknown,99,Unknown EMS Hospital Arrival Time,,,,,,,2,
2022,53,530130,Washington,1,1,0,0,0,1,1,9,CLALLAM (9),0,NOT APPLICABLE,6,6,3,March,2022,1,Sunday,14,2:00pm-2:59pm,45,45,0,This section IS NOT on the NHS,1,Rural,7,Local,2,County Highway Agency,4,County Road,CR-S BAGLEY CREEK RD,,99999,Unknown,48.07250278,48.07250278,-123.328836110,-123.32883611,0,No Special Jurisdiction,57,Cable Barrier,0,The First Harmful Event was Not a Collision with a Motor Vehicle in Transport,0,No,1,Non-Junction,1,Not an Intersection,0,None,,,4,On Roadside,1,Daylight,,,,,1,Clear,0,No,0000000,Not Applicable,14,2:00pm-2:59pm,46,46,15,3:00pm-3:59pm,6,6,88,"Not Applicable (Not Transported) ",88,Not Applicable (Not Transported),,,,,,,1,
2022,53,530131,Washington,1,1,0,1,1,1,1,33,KING (33),0,NOT APPLICABLE,4,4,4,April,2022,2,Monday,23,11:00pm-11:59pm,4,4,0,This section IS NOT on the NHS,1,Rural,4,Minor Arterial,2,County Highway Agency,4,County Road,CR-VASHON HWY SW,,99,99,47.46050556,47.46050556,-122.460388890,-122.46038889,0,No Special Jurisdiction,8,Pedestrian,0,The First Harmful Event was Not a Collision with a Motor Vehicle in Transport,0,No,1,Non-Junction,1,Not an Intersection,0,None,,,2,On Shoulder,2,Dark - Not Lighted,,,,,2,Rain,0,No,0000000,Not Applicable,99,Unknown,99,Unknown,99,Unknown EMS Scene Arrival Hour,99,Unknown EMS Scene Arrival Minutes,88,"Not Applicable (Not Transported) ",88,Not Applicable (Not Transported),,,,,,,1,
2022,53,530133,Washington,1,1,0,0,0,1,1,33,KING (33),735,FEDERAL WAY,4,4,4,April,2022,2,Monday,2,2:00am-2:59am,22,22,1,This section IS ON the NHS,2,Urban,2,Principal Arterial - Other Freeways and Expressways,1,State Highway Agency,3,State Highway,SR-18,,14,14,47.29530000,47.29530000,-122.290222220,-122.29022222,0,No Special Jurisdiction,42,Tree (Standing Only),0,The First Harmful Event was Not a Collision with a Motor Vehicle in Transport,0,No,1,Non-Junction,1,Not an Intersection,0,None,,,4,On Roadside,2,Dark - Not Lighted,,,,,2,Rain,0,No,0000000,Not Applicable,99,Unknown,99,Unknown,99,Unknown EMS Scene Arrival Hour,99,Unknown EMS Scene Arrival Minutes,88,"Not Applicable (Not Transported) ",88,Not Applicable (Not Transported),,,,,,,1,
2022,53,530134,Washington,1,1,0,0,0,1,1,73,WHATCOM (73),0,NOT APPLICABLE,2,2,4,April,2022,7,Saturday,16,4:00pm-4:59pm,49,49,0,This section IS NOT on the NHS,1,Rural,5,Major Collector,1,State Highway Agency,3,State Highway,SR-547,,80,80,48.97071389,48.97071389,-122.231911110,-122.23191111,0,No Special Jurisdiction,30,Utility Pole/Light Support,0,The First Harmful Event was Not a Collision with a Motor Vehicle in Transport,0,No,1,Non-Junction,1,Not an Intersection,0,None,,,4,On Roadside,1,Daylight,,,,,10,Cloudy,0,No,0000000,Not Applicable,14,2:00pm-2:59pm,49,49,14,2:00pm-2:59pm,55,55,15,3:00pm-3:59pm,9,9,,,,,,,1,
2022,53,530135,Washington,1,1,0,0,0,1,1,45,MASON (45),0,NOT APPLICABLE,9,9,4,April,2022,7,Saturday,0,0:00am-0:59am,20,20,0,This section IS NOT on the NHS,1,Rural,5,Major Collector,2,County Highway Agency,4,County Road,CR-W CLOQUALLUM RD,,123,123,47.13334722,47.13334722,-123.290772220,-123.29077222,0,No Special Jurisdiction,1,Rollover/Overturn,0,The First Harmful Event was Not a Collision with a Motor Vehicle in Transport,0,No,1,Non-Junction,1,Not an Intersection,0,None,,,4,On Roadside,2,Dark - Not Lighted,,,,,1,Clear,0,No,0000000,Not Applicable,99,Unknown,99,Unknown,99,Unknown EMS Scene Arrival Hour,99,Unknown EMS Scene Arrival Minutes,88,"Not Applicable (Not Transported) ",88,Not Applicable (Not Transported),,,,,,,1,
2022,53,530136,Washington,2,1,1,0,1,1,2,61,SNOHOMISH (61),0,NOT APPLICABLE,6,6,4,April,2022,4,Wednesday,10,10:00am-10:59am,3,3,1,This section IS ON the NHS,1,Rural,1,Interstate,1,State Highway Agency,1,Interstate,I-5,,2099,2099,48.20406389,48.20406389,-122.213713890,-122.21371389,0,No Special Jurisdiction,45,"Working Motor Vehicle ",0,The First Harmful Event was Not a Collision with a Motor Vehicle in Transport,0,No,1,Non-Junction,1,Not an Intersection,2,Maintenance,,,4,On Roadside,1,Daylight,,,,,1,Clear,0,No,0000000,Not Applicable,10,10:00am-10:59am,4,4,10,10:00am-10:59am,12,12,10,10:00am-10:59am,38,38,,,,,,,1,
2022,53,530137,Washington,2,2,0,1,1,2,2,53,PIERCE (53),0,NOT APPLICABLE,7,7,4,April,2022,5,Thursday,0,0:00am-0:59am,55,55,1,This section IS ON the NHS,2,Urban,3,Principal Arterial - Other,1,State Highway Agency,3,State Highway,SR-7,,469,469,47.07847222,47.07847222,-122.428061110,-122.42806111,0,No Special Jurisdiction,8,Pedestrian,0,The First Harmful Event was Not a Collision with a Motor Vehicle in Transport,0,No,1,Non-Junction,1,Not an Intersection,0,None,,,1,On Roadway,3,Dark - Lighted,,,,,1,Clear,0,No,0000000,Not Applicable,0,0:00am-0:59am,53,53,1,1:00am-1:59am,2,2,88,"Not Applicable (Not Transported) ",88,Not Applicable (Not Transported),,,,,,,1,
2022,53,530138,Washington,2,2,0,0,0,2,2,53,PIERCE (53),0,NOT APPLICABLE,15,15,2,February,2022,3,Tuesday,14,2:00pm-2:59pm,40,40,1,This section IS ON the NHS,2,Urban,1,Interstate,1,State Highway Agency,1,Interstate,I-5,,1291,1291,47.18303611,47.18303611,-122.464522220,-122.46452222,0,No Special Jurisdiction,12,Motor Vehicle In-Transport,1,Front-to-Rear,0,No,1,Non-Junction,1,Not an Intersection,0,None,,,1,On Roadway,1,Daylight,,,,,1,Clear,0,No,0000000,Not Applicable,99,Unknown,99,Unknown,99,Unknown EMS Scene Arrival Hour,99,Unknown EMS Scene Arrival Minutes,88,"Not Applicable (Not Transported) ",88,Not Applicable (Not Transported),,,,,,,1,
2022,53,530139,Washington,2,2,0,0,0,2,2,53,PIERCE (53),2230,TACOMA,12,12,4,April,2022,3,Tuesday,7,7:00am-7:59am,40,40,0,This section IS NOT on the NHS,2,Urban,4,Minor Arterial,4,City or Municipal Highway Agency,6,Local Street - Municipality,S YAKIMA AVE,,0,None,47.17757500,47.17757500,-122.443313890,-122.44331389,0,No Special Jurisdiction,12,Motor Vehicle In-Transport,2,Front-to-Front,0,No,1,Non-Junction,1,Not an Intersection,0,None,,,1,On Roadway,1,Daylight,,,,,1,Clear,0,No,0000000,Not Applicable,7,7:00am-7:59am,41,41,7,7:00am-7:59am,43,43,8,8:00am-8:59am,14,14,,,,,,,1,
2022,53,530140,Washington,1,1,0,0,0,1,1,45,MASON (45),0,NOT APPLICABLE,5,5,4,April,2022,3,Tuesday,1,1:00am-1:59am,12,12,1,This section IS ON the NHS,1,Rural,3,Principal Arterial - Other,1,State Highway Agency,2,U.S. Highway,US-101,,3148,3148,47.59199444,47.59199444,-122.996247220,-122.99624722,0,No Special Jurisdiction,35,Embankment,0,The First Harmful Event was Not a Collision with a Motor Vehicle in Transport,0,No,1,Non-Junction,1,Not an Intersection,0,None,,,4,On Roadside,2,Dark - Not Lighted,,,,,10,Cloudy,0,No,0000000,Not Applicable,99,Unknown,99,Unknown,99,Unknown EMS Scene Arrival Hour,99,Unknown EMS Scene Arrival Minutes,88,"Not Applicable (Not Transported) ",88,Not Applicable (Not Transported),,,,,,,1,
2022,53,530141,Washington,2,2,0,0,0,4,4,35,KITSAP (35),0,NOT APPLICABLE,2,2,4,April,2022,7,Saturday,1,1:00am-1:59am,24,24,0,This section IS NOT on the NHS,1,Rural,3,Principal Arterial - Other,1,State Highway Agency,3,State Highway,SR-305,,79,79,47.70880000,47.70880000,-122.583275000,-122.58327500,3,Indian Reservation,12,Motor Vehicle In-Transport,6,Angle,0,No,8,Driveway Access Related,1,Not an Intersection,0,None,,,1,On Roadway,3,Dark - Lighted,,,,,10,Cloudy,0,No,0000000,Not Applicable,1,1:00am-1:59am,24,24,1,1:00am-1:59am,31,31,2,2:00am-2:59am,18,18,,,,,,,1,
2022,53,530142,Washington,1,1,0,0,0,1,1,15,COWLITZ (15),0,NOT APPLICABLE,13,13,4,April,2022,4,Wednesday,6,6:00am-6:59am,30,30,0,This section IS NOT on the NHS,1,Rural,4,Minor Arterial,1,State Highway Agency,3,State Highway,SR-503,,496,496,45.94146667,45.94146667,-122.687713890,-122.68771389,0,No Special Jurisdiction,18,Other Object (not fixed),0,The First Harmful Event was Not a Collision with a Motor Vehicle in Transport,0,No,1,Non-Junction,1,Not an Intersection,0,None,,,1,On Roadway,1,Daylight,,,,,2,Rain,0,No,0000000,Not Applicable,6,6:00am-6:59am,30,30,6,6:00am-6:59am,38,38,88,"Not Applicable (Not Transported) ",88,Not Applicable (Not Transported),,,,,,,1,
2022,53,530143,Washington,1,1,0,1,1,0,0,29,ISLAND (29),0,NOT APPLICABLE,25,25,3,March,2022,6,Friday,13,1:00pm-1:59pm,0,0,0,This section IS NOT on the NHS,1,Rural,6,Minor Collector,2,County Highway Agency,4,County Road,CR-FISH RD,GARDEN LN,4,4,48.00264444,48.00264444,-122.532402780,-122.53240278,0,No Special Jurisdiction,8,Pedestrian,0,The First Harmful Event was Not a Collision with a Motor Vehicle in Transport,0,No,3,Intersection-Related,2,Four-Way Intersection,0,None,,,4,On Roadside,1,Daylight,,,,,1,Clear,0,No,0000000,Not Applicable,12,12:00pm-12:59pm,59,59,13,1:00pm-1:59pm,23,23,13,1:00pm-1:59pm,49,49,,,,,,,1,
2022,53,530144,Washington,1,1,0,0,0,1,1,33,KING (33),1958,SEATAC,9,9,4,April,2022,7,Saturday,9,9:00am-9:59am,50,50,1,This section IS ON the NHS,2,Urban,1,Interstate,1,State Highway Agency,1,Interstate,I-5,,1498,1498,47.40074167,47.40074167,-122.292044440,-122.29204444,0,No Special Jurisdiction,1,Rollover/Overturn,0,The First Harmful Event was Not a Collision with a Motor Vehicle in Transport,0,No,1,Non-Junction,1,Not an Intersection,1,Construction,,,4,On Roadside,1,Daylight,,,,,1,Clear,0,No,0000000,Not Applicable,99,Unknown,99,Unknown,99,Unknown EMS Scene Arrival Hour,99,Unknown EMS Scene Arrival Minutes,88,"Not Applicable (Not Transported) ",88,Not Applicable (Not Transported),,,,,,,1,
2022,53,530145,Washington,2,2,0,0,0,2,2,77,YAKIMA (77),0,NOT APPLICABLE,7,7,3,March,2022,2,Monday,17,5:00pm-5:59pm,41,41,0,This section IS NOT on the NHS,1,Rural,5,Major Collector,2,County Highway Agency,4,County Road,CR-VEN BELLE RD,WASHOUT RD,85,85,46.34544722,46.34544722,-119.999077780,-119.99907778,0,No Special Jurisdiction,12,Motor Vehicle In-Transport,6,Angle,0,No,2,Intersection,2,Four-Way Intersection,0,None,,,1,On Roadway,5,Dusk,,,,,1,Clear,0,No,0000000,Not Applicable,17,5:00pm-5:59pm,45,45,18,6:00pm-6:59pm,6,6,88,"Not Applicable (Not Transported) ",88,Not Applicable (Not Transported),,,,,,,1,
2022,53,530146,Washington,1,1,0,1,1,1,1,33,KING (33),0,NOT APPLICABLE,15,15,3,March,2022,3,Tuesday,0,0:00am-0:59am,31,31,1,This section IS ON the NHS,2,Urban,3,Principal Arterial - Other,1,State Highway Agency,3,State Highway,SR-900,,11,11,47.49535833,47.49535833,-122.268219440,-122.26821944,0,No Special Jurisdiction,8,Pedestrian,0,The First Harmful Event was Not a Collision with a Motor Vehicle in Transport,0,No,1,Non-Junction,1,Not an Intersection,0,None,,,1,On Roadway,2,Dark - Not Lighted,,,,,10,Cloudy,0,No,0000000,Not Applicable,99,Unknown,99,Unknown,99,Unknown EMS Scene Arrival Hour,99,Unknown EMS Scene Arrival Minutes,88,"Not Applicable (Not Transported) ",88,Not Applicable (Not Transported),,,,,,,1,
2022,53,530147,Washington,2,2,0,0,0,4,4,61,SNOHOMISH (61),690,EVERETT,8,8,4,April,2022,6,Friday,16,4:00pm-4:59pm,27,27,1,This section IS ON the NHS,2,Urban,3,Principal Arterial - Other,1,State Highway Agency,3,State Highway,SR-527,,78,78,47.89701389,47.89701389,-122.206772220,-122.20677222,0,No Special Jurisdiction,5,Fell/Jumped from Vehicle,0,The First Harmful Event was Not a Collision with a Motor Vehicle in Transport,0,No,1,Non-Junction,1,Not an Intersection,0,None,,,1,On Roadway,5,Dusk,,,,,2,Rain,0,No,0000000,Not Applicable,99,Unknown,99,Unknown,99,Unknown EMS Scene Arrival Hour,99,Unknown EMS Scene Arrival Minutes,88,"Not Applicable (Not Transported) ",88,Not Applicable (Not Transported),,,,,,,1,
2022,53,530148,Washington,1,1,0,0,0,1,1,77,YAKIMA (77),0,NOT APPLICABLE,17,17,4,April,2022,1,Sunday,11,11:00am-11:59am,31,31,0,This section IS NOT on the NHS,1,Rural,6,Minor Collector,2,County Highway Agency,4,County Road,CR-W PARKER HEIGHTS RD,,14,14,46.48371111,46.48371111,-120.401894440,-120.40189444,0,No Special Jurisdiction,21,Bridge Pier or Support,0,The First Harmful Event was Not a Collision with a Motor Vehicle in Transport,0,No,1,Non-Junction,1,Not an Intersection,0,None,,,4,On Roadside,1,Daylight,,,,,1,Clear,0,No,0000000,Not Applicable,99,Unknown,99,Unknown,99,Unknown EMS Scene Arrival Hour,99,Unknown EMS Scene Arrival Minutes,88,"Not Applicable (Not Transported) ",88,Not Applicable (Not Transported),,,,,,,1,
2022,53,530149,Washington,3,3,0,0,0,3,3,33,KING (33),1030,KENT,14,14,4,April,2022,5,Thursday,5,5:00am-5:59am,52,52,0,This section IS NOT on the NHS,2,Urban,3,Principal Arterial - Other,1,State Highway Agency,3,State Highway,SR-181,,44,44,47.43986111,47.43986111,-122.245300000,-122.24530000,0,No Special Jurisdiction,12,Motor Vehicle In-Transport,2,Front-to-Front,0,No,1,Non-Junction,1,Not an Intersection,0,None,,,1,On Roadway,3,Dark - Lighted,,,,,2,Rain,0,No,0000000,Not Applicable,6,6:00am-6:59am,6,6,6,6:00am-6:59am,11,11,6,6:00am-6:59am,38,38,,,,,,,1,
2022,53,530150,Washington,2,2,0,0,0,2,2,45,MASON (45),0,NOT APPLICABLE,18,18,4,April,2022,2,Monday,8,8:00am-8:59am,57,57,0,This section IS NOT on the NHS,1,Rural,3,Principal Arterial - Other,1,State Highway Agency,3,State Highway,SR-3,COKELET LN,268,268,47.45464444,47.45464444,-122.820083330,-122.82008333,0,No Special Jurisdiction,12,Motor Vehicle In-Transport,6,Angle,0,No,2,Intersection,3,T-Intersection,0,None,,,1,On Roadway,1,Daylight,,,,,10,Cloudy,0,No,0000000,Not Applicable,9,9:00am-9:59am,0,0,9,9:00am-9:59am,2,2,88,"Not Applicable (Not Transported) ",88,Not Applicable (Not Transported),,,,,,,1,
2022,53,530152,Washington,1,1,0,0,0,1,1,33,KING (33),1830,RENTON,20,20,4,April,2022,4,Wednesday,3,3:00am-3:59am,49,49,0,This section IS NOT on the NHS,2,Urban,5,Major Collector,4,City or Municipal Highway Agency,6,Local Street - Municipality,E VALLEY RD,,0,None,47.46598889,47.46598889,-122.218977780,-122.21897778,0,No Special Jurisdiction,42,Tree (Standing Only),0,The First Harmful Event was Not a Collision with a Motor Vehicle in Transport,0,No,1,Non-Junction,1,Not an Intersection,0,None,,,4,On Roadside,6,Dark - Unknown Lighting,,,,,1,Clear,0,No,0000000,Not Applicable,3,3:00am-3:59am,52,52,3,3:00am-3:59am,57,57,88,"Not Applicable (Not Transported) ",88,Not Applicable (Not Transported),,,,,,,1,
2022,53,530153,Washington,2,2,0,0,0,2,2,53,PIERCE (53),0,NOT APPLICABLE,6,6,4,April,2022,4,Wednesday,18,6:00pm-6:59pm,0,0,0,This section IS NOT on the NHS,1,Rural,4,Minor Arterial,2,County Highway Agency,4,County Road,CR-8TH AVE S,288TH ST E,129,129,46.99512778,46.99512778,-122.443083330,-122.44308333,0,No Special Jurisdiction,12,Motor Vehicle In-Transport,6,Angle,0,No,2,Intersection,2,Four-Way Intersection,0,None,,,1,On Roadway,1,Daylight,,,,,1,Clear,0,No,0000000,Not Applicable,99,Unknown,99,Unknown,99,Unknown EMS Scene Arrival Hour,99,Unknown EMS Scene Arrival Minutes,99,Unknown,99,Unknown EMS Hospital Arrival Time,,,,,,,1,
2022,53,530154,Washington,1,1,0,0,0,1,1,53,PIERCE (53),0,NOT APPLICABLE,19,19,4,April,2022,3,Tuesday,7,7:00am-7:59am,39,39,0,This section IS NOT on the NHS,1,Rural,4,Minor Arterial,1,State Highway Agency,3,State Highway,SR-706,,20,20,46.75966667,46.75966667,-122.151541670,-122.15154167,0,No Special Jurisdiction,42,Tree (Standing Only),0,The First Harmful Event was Not a Collision with a Motor Vehicle in Transport,0,No,1,Non-Junction,1,Not an Intersection,0,None,,,4,On Roadside,9,Reported as Unknown,,,,,2,Rain,0,No,0000000,Not Applicable,99,Unknown,99,Unknown,99,Unknown EMS Scene Arrival Hour,99,Unknown EMS Scene Arrival Minutes,88,"Not Applicable (Not Transported) ",88,Not Applicable (Not Transported),,,,,,,1,
2022,53,530155,Washington,2,2,0,0,0,2,2,1,ADAMS (1),0,NOT APPLICABLE,13,13,4,April,2022,4,Wednesday,15,3:00pm-3:59pm,16,16,1,This section IS ON the NHS,1,Rural,1,Interstate,1,State Highway Agency,1,Interstate,I-90,,2270,2270,47.19272500,47.19272500,-118.256683330,-118.25668333,0,No Special Jurisdiction,72,"Cargo/Equipment Loss, Shift, or Damage [harmful]",0,The First Harmful Event was Not a Collision with a Motor Vehicle in Transport,0,No,1,Non-Junction,1,Not an Intersection,0,None,,,1,On Roadway,1,Daylight,,,,,1,Clear,0,No,0000000,Not Applicable,15,3:00pm-3:59pm,18,18,15,3:00pm-3:59pm,25,25,88,"Not Applicable (Not Transported) ",88,Not Applicable (Not Transported),,,,,,,1,
2022,53,530156,Washington,1,1,0,0,0,3,3,67,THURSTON (67),0,NOT APPLICABLE,19,19,4,April,2022,3,Tuesday,21,9:00pm-9:59pm,42,42,0,This section IS NOT on the NHS,2,Urban,4,Minor Arterial,1,State Highway Agency,3,State Highway,SR-510,,22,22,47.03637222,47.03637222,-122.754600000,-122.75460000,0,No Special Jurisdiction,42,Tree (Standing Only),0,The First Harmful Event was Not a Collision with a Motor Vehicle in Transport,0,No,1,Non-Junction,1,Not an Intersection,0,None,,,4,On Roadside,2,Dark - Not Lighted,,,,,1,Clear,0,No,0000000,Not Applicable,99,Unknown,99,Unknown,99,Unknown EMS Scene Arrival Hour,99,Unknown EMS Scene Arrival Minutes,99,Unknown,99,Unknown EMS Hospital Arrival Time,,,,,,,1,
2022,53,530157,Washington,1,1,0,0,0,1,1,49,PACIFIC (49),0,NOT APPLICABLE,15,15,4,April,2022,6,Friday,13,1:00pm-1:59pm,45,45,0,This section IS NOT on the NHS,1,Rural,4,Minor Arterial,1,State Highway Agency,3,State Highway,SR-6,,197,197,46.54719444,46.54719444,-123.455063890,-123.45506389,0,No Special Jurisdiction,42,Tree (Standing Only),0,The First Harmful Event was Not a Collision with a Motor Vehicle in Transport,0,No,1,Non-Junction,1,Not an Intersection,0,None,,,4,On Roadside,1,Daylight,,,,,3,Sleet or Hail,0,No,0000000,Not Applicable,99,Unknown,99,Unknown,99,Unknown EMS Scene Arrival Hour,99,Unknown EMS Scene Arrival Minutes,88,"Not Applicable (Not Transported) ",88,Not Applicable (Not Transported),,,,,,,1,
2022,53,530158,Washington,1,1,0,1,1,1,1,17,DOUGLAS (17),0,NOT APPLICABLE,17,17,4,April,2022,1,Sunday,5,5:00am-5:59am,40,40,1,This section IS ON the NHS,2,Urban,2,Principal Arterial - Other Freeways and Expressways,1,State Highway Agency,3,State Highway,SR-28,,86,86,47.38073056,47.38073056,-120.215119440,-120.21511944,0,No Special Jurisdiction,8,Pedestrian,0,The First Harmful Event was Not a Collision with a Motor Vehicle in Transport,0,No,1,Non-Junction,1,Not an Intersection,0,None,,,1,On Roadway,2,Dark - Not Lighted,,,,,1,Clear,0,No,0000000,Not Applicable,99,Unknown,99,Unknown,99,Unknown EMS Scene Arrival Hour,99,Unknown EMS Scene Arrival Minutes,88,"Not Applicable (Not Transported) ",88,Not Applicable (Not Transported),,,,,,,1,
2022,53,530159,Washington,2,2,0,0,0,3,3,77,YAKIMA (77),0,NOT APPLICABLE,23,23,3,March,2022,4,Wednesday,22,10:00pm-10:59pm,33,33,0,This section IS NOT on the NHS,1,Rural,7,Local,2,County Highway Agency,4,County Road,CR-MURRAY RD,,7,7,46.27312778,46.27312778,-120.038711110,-120.03871111,0,No Special Jurisdiction,12,Motor Vehicle In-Transport,6,Angle,0,No,8,Driveway Access Related,1,Not an Intersection,0,None,,,1,On Roadway,2,Dark - Not Lighted,,,,,1,Clear,0,No,0000000,Not Applicable,99,Unknown,99,Unknown,99,Unknown EMS Scene Arrival Hour,99,Unknown EMS Scene Arrival Minutes,99,Unknown,99,Unknown EMS Hospital Arrival Time,,,,,,,1,
2022,53,530160,Washington,2,2,0,0,0,3,3,77,YAKIMA (77),0,NOT APPLICABLE,23,23,4,April,2022,7,Saturday,7,7:00am-7:59am,59,59,0,This section IS NOT on the NHS,1,Rural,4,Minor Arterial,1,State Highway Agency,3,State Highway,SR-24,,260,260,46.51975278,46.51975278,-119.968566670,-119.96856667,0,No Special Jurisdiction,12,Motor Vehicle In-Transport,2,Front-to-Front,0,No,1,Non-Junction,1,Not an Intersection,0,None,,,1,On Roadway,1,Daylight,,,,,1,Clear,0,No,0000000,Not Applicable,9,9:00am-9:59am,1,1,8,8:00am-8:59am,28,28,9,9:00am-9:59am,22,22,,,,,,,2,
2022,53,530161,Washington,1,1,0,0,0,1,1,11,CLARK (11),0,NOT APPLICABLE,9,9,3,March,2022,4,Wednesday,12,12:00pm-12:59pm,45,45,1,This section IS ON the NHS,2,Urban,3,Principal Arterial - Other,2,County Highway Agency,4,County Road,CR-NE HIGHWAY 99,,57,57,45.70309167,45.70309167,-122.651161110,-122.65116111,0,No Special Jurisdiction,30,Utility Pole/Light Support,0,The First Harmful Event was Not a Collision with a Motor Vehicle in Transport,0,No,1,Non-Junction,1,Not an Intersection,0,None,,,4,On Roadside,1,Daylight,,,,,10,Cloudy,0,No,0000000,Not Applicable,12,12:00pm-12:59pm,45,45,12,12:00pm-12:59pm,53,53,13,1:00pm-1:59pm,34,34,,,,,,,1,
2022,53,530162,Washington,1,1,0,0,0,2,2,61,SNOHOMISH (61),0,NOT APPLICABLE,16,16,4,April,2022,7,Saturday,14,2:00pm-2:59pm,27,27,0,This section IS NOT on the NHS,2,Urban,6,Minor Collector,2,County Highway Agency,4,County Road,CR-W LAKE GOODWIN RD,,7,7,48.13216111,48.13216111,-122.299347220,-122.29934722,0,No Special Jurisdiction,18,Other Object (not fixed),0,The First Harmful Event was Not a Collision with a Motor Vehicle in Transport,0,No,1,Non-Junction,1,Not an Intersection,0,None,,,4,On Roadside,1,Daylight,,,,,1,Clear,0,No,0000000,Not Applicable,14,2:00pm-2:59pm,30,30,14,2:00pm-2:59pm,40,40,15,3:00pm-3:59pm,55,55,,,,,,,1,