caseyear,state,st_case,statename,ve_total,ve_forms,pvh_invl,peds,pernotmvit,permvit,persons,county,countyname,city,cityname,day,dayname,month,monthname,year,day_week,day_weekname,hour,hourname,minute,minutename,nhs,nhsname,rur_urb,rur_urbname,func_sys,func_sysname,rd_owner,rd_ownername,route,routename,tway_id,tway_id2,milept,mileptname,latitude,latitudename,longitud,longitudname,sp_jur,sp_jurname,harm_ev,harm_evname,man_coll,man_collname,reljct1,reljct1name,reljct2,reljct2name,typ_int,typ_intname,wrk_zone,wrk_zonename,road_fnc,road_fncname,rel_road,rel_roadname,lgt_cond,lgt_condname,weather1,weather1name,weather2,weather2name,weather,weathername,sch_bus,sch_busname,rail,railname,not_hour,not_hourname,not_min,not_minname,arr_hour,arr_hourname,arr_min,arr_minname,hosp_hr,hosp_hrname,hosp_mn,hosp_mnname,cf1,cf1name,cf2,cf2name,cf3,cf3name,fatals,drunk_dr
2022,53,530200,Washington,2,2,0,0,0,2,2,39,KLICKITAT (39),0,NOT APPLICABLE,17,17,5,May,2022,3,Tuesday,11,11:00am-11:59am,29,29,1,This section IS ON the NHS,1,Rural,3,Principal Arterial - Other,1,State Highway Agency,2,U.S. Highway,US-97,,274,274,45.99119444,45.99119444,-120.652991670,-120.65299167,3,Indian Reservation,12,Motor Vehicle In-Transport,2,Front-to-Front,0,No,1,Non-Junction,1,Not an Intersection,0,None,,,1,On Roadway,1,Daylight,,,,,1,Clear,0,No,0000000,Not Applicable,99,Unknown,99,Unknown,99,Unknown EMS Scene Arrival Hour,99,Unknown EMS Scene Arrival Minutes,88,"Not Applicable (Not Transported) ",88,Not Applicable (Not Transported),,,,,,,1,
2022,53,530201,Washington,3,3,0,0,0,4,4,33,KING (33),100,AUBURN,22,22,5,May,2022,1,Sunday,20,8:00pm-8:59pm,55,55,1,This section IS ON the NHS,2,Urban,2,Principal Arterial - Other Freeways and Expressways,1,State Highway Agency,3,State Highway,SR-18,,30,30,47.30380000,47.30380000,-122.261763890,-122.26176389,0,No Special Jurisdiction,12,Motor Vehicle In-Transport,2,Front-to-Front,0,No,1,Non-Junction,1,Not an Intersection,0,None,,,1,On Roadway,5,Dusk,,,,,1,Clear,0,No,0000000,Not Applicable,21,9:00pm-9:59pm,1,1,21,9:00pm-9:59pm,17,17,99,Unknown,99,Unknown EMS Hospital Arrival Time,,,,,,,1,
2022,53,530202,Washington,2,2,0,0,0,3,3,29,ISLAND (29),0,NOT APPLICABLE,8,8,4,April,2022,6,Friday,21,9:00pm-9:59pm,56,56,0,This section IS NOT on the NHS,1,Rural,4,Minor Arterial,2,County Highway Agency,4,County Road,CR-SE CAMANO DR,,43,43,48.19692500,48.19692500,-122.479163890,-122.47916389,0,No Special Jurisdiction,12,Motor Vehicle In-Transport,2,Front-to-Front,0,No,1,Non-Junction,1,Not an Intersection,0,None,,,1,On Roadway,2,Dark - Not Lighted,,,,,1,Clear,0,No,0000000,Not Applicable,21,9:00pm-9:59pm,57,57,22,10:00pm-10:59pm,3,3,99,Unknown,99,Unknown EMS Hospital Arrival Time,,,,,,,1,
2022,53,530203,Washington,2,2,0,0,0,3,3,11,CLARK (11),0,NOT APPLICABLE,24,24,4,April,2022,1,Sunday,19,7:00pm-7:59pm,50,50,0,This section IS NOT on the NHS,2,Urban,4,Minor Arterial,2,County Highway Agency,4,County Road,CR-NE 179TH ST,,12,12,45.75080833,45.75080833,-122.636755560,-122.63675556,0,No Special Jurisdiction,12,Motor Vehicle In-Transport,6,Angle,0,No,8,Driveway Access Related,1,Not an Intersection,0,None,,,1,On Roadway,1,Daylight,,,,,1,Clear,0,No,0000000,Not Applicable,19,7:00pm-7:59pm,59,59,20,8:00pm-8:59pm,6,6,88,"Not Applicable (Not Transported) ",88,Not Applicable (Not Transported),,,,,,,1,
2022,53,530204,Washington,1,1,0,0,0,3,3,49,PACIFIC (49),950,ILWACO,5,5,5,May,2022,5,Thursday,22,10:00pm-10:59pm,0,0,0,This section IS NOT on the NHS,2,Urban,7,Local,4,City or Municipal Highway Agency,6,Local Street - Municipality,OUTER HARBOR WAY SE,,0,None,46.30340278,46.30340278,-124.036683330,-124.03668333,0,No Special Jurisdiction,3,Immersion or Partial Immersion,0,The First Harmful Event was Not a Collision with a Motor Vehicle in Transport,0,No,1,Non-Junction,1,Not an Intersection,0,None,,,5,Outside Trafficway,2,Dark - Not Lighted,,,,,10,Cloudy,0,No,0000000,Not Applicable,99,Unknown,99,Unknown,99,Unknown EMS Scene Arrival Hour,99,Unknown EMS Scene Arrival Minutes,88,"Not Applicable (Not Transported) ",88,Not Applicable (Not Transported),,,,,,,3,
2022,53,530205,Washington,1,1,0,0,0,1,1,11,CLARK (11),2370,VANCOUVER,23,23,5,May,2022,2,Monday,5,5:00am-5:59am,5,5,0,This section IS NOT on the NHS,2,Urban,5,Major Collector,4,City or Municipal Highway Agency,6,Local Street - Municipality,NE 121ST AVE,,99999,Unknown,45.65963333,45.65963333,-122.548766670,-122.54876667,0,No Special Jurisdiction,42,Tree (Standing Only),0,The First Harmful Event was Not a Collision with a Motor Vehicle in Transport,0,No,1,Non-Junction,1,Not an Intersection,0,None,,,4,On Roadside,2,Dark - Not Lighted,,,,,1,Clear,0,No,0000000,Not Applicable,99,Unknown,99,Unknown,99,Unknown EMS Scene Arrival Hour,99,Unknown EMS Scene Arrival Minutes,88,"Not Applicable (Not Transported) ",88,Not Applicable (Not Transported),,,,,,,1,
2022,53,530207,Washington,2,2,0,0,0,2,2,53,PIERCE (53),2230,TACOMA,25,25,5,May,2022,4,Wednesday,1,1:00am-1:59am,43,43,0,This section IS NOT on the NHS,2,Urban,3,Principal Arterial - Other,4,City or Municipal Highway Agency,6,Local Street - Municipality,S SPRAGUE AVE,S 19th St,0,None,47.24268333,47.24268333,-122.462927780,-122.46292778,0,No Special Jurisdiction,12,Motor Vehicle In-Transport,6,Angle,0,No,2,Intersection,2,Four-Way Intersection,0,None,,,1,On Roadway,3,Dark - Lighted,,,,,2,Rain,0,No,0000000,Not Applicable,1,1:00am-1:59am,44,44,1,1:00am-1:59am,51,51,2,2:00am-2:59am,19,19,,,,,,,1,
2022,53,530208,Washington,2,2,0,0,0,2,2,71,WALLA WALLA (71),390,COLLEGE PLACE,24,24,5,May,2022,3,Tuesday,10,10:00am-10:59am,54,54,1,This section IS ON the NHS,2,Urban,2,Principal Arterial - Other Freeways and Expressways,1,State Highway Agency,3,State Highway,SR-125,,28,28,46.03593889,46.03593889,-118.372933330,-118.37293333,0,No Special Jurisdiction,12,Motor Vehicle In-Transport,2,Front-to-Front,0,No,1,Non-Junction,1,Not an Intersection,0,None,,,1,On Roadway,1,Daylight,,,,,1,Clear,0,No,0000000,Not Applicable,10,10:00am-10:59am,59,59,11,11:00am-11:59am,7,7,11,11:00am-11:59am,25,25,,,,,,,2,
2022,53,530209,Washington,2,2,0,0,0,3,3,61,SNOHOMISH (61),690,EVERETT,20,20,5,May,2022,6,Friday,20,8:00pm-8:59pm,21,21,0,This section IS NOT on the NHS,2,Urban,3,Principal Arterial - Other,1,State Highway Agency,3,State Highway,SR-99,,465,465,47.89773889,47.89773889,-122.250625000,-122.25062500,0,No Special Jurisdiction,12,Motor Vehicle In-Transport,6,Angle,0,No,8,Driveway Access Related,1,Not an Intersection,0,None,,,1,On Roadway,1,Daylight,,,,,1,Clear,0,No,0000000,Not Applicable,20,8:00pm-8:59pm,22,22,20,8:00pm-8:59pm,26,26,20,8:00pm-8:59pm,40,40,,,,,,,1,
2022,53,530210,Washington,2,2,0,1,1,1,1,33,KING (33),1960,SEATTLE,24,24,5,May,2022,3,Tuesday,4,4:00am-4:59am,35,35,1,This section IS ON the NHS,2,Urban,1,Interstate,1,State Highway Agency,1,Interstate,I-5,,1690,1690,47.65581944,47.65581944,-122.322555560,-122.32255556,0,No Special Jurisdiction,8,Pedestrian,0,The First Harmful Event was Not a Collision with a Motor Vehicle in Transport,0,No,1,Non-Junction,1,Not an Intersection,0,None,,,1,On Roadway,3,Dark - Lighted,,,,,10,Cloudy,0,No,0000000,Not Applicable,4,4:00am-4:59am,38,38,4,4:00am-4:59am,44,44,88,"Not Applicable (Not Transported) ",88,Not Applicable (Not Transported),,,,,,,1,
2022,53,530211,Washington,2,2,0,0,0,3,3,53,PIERCE (53),0,NOT APPLICABLE,22,22,5,May,2022,1,Sunday,14,2:00pm-2:59pm,54,54,0,This section IS NOT on the NHS,1,Rural,4,Minor Arterial,2,County Highway Agency,4,County Road,CR-KEY PENINSULA HWY N,,4,4,47.34196944,47.34196944,-122.744247220,-122.74424722,0,No Special Jurisdiction,12,Motor Vehicle In-Transport,2,Front-to-Front,0,No,1,Non-Junction,1,Not an Intersection,0,None,,,1,On Roadway,1,Daylight,,,,,1,Clear,0,No,0000000,Not Applicable,99,Unknown,99,Unknown,99,Unknown EMS Scene Arrival Hour,99,Unknown EMS Scene Arrival Minutes,99,Unknown,99,Unknown EMS Hospital Arrival Time,,,,,,,1,
2022,53,530212,Washington,1,1,0,0,0,1,1,37,KITTITAS (37),0,NOT APPLICABLE,28,28,5,May,2022,7,Saturday,5,5:00am-5:59am,37,37,1,This section IS ON the NHS,1,Rural,1,Interstate,1,State Highway Agency,1,Interstate,I-90,,722,722,47.21787222,47.21787222,-121.134711110,-121.13471111,0,No Special Jurisdiction,30,Utility Pole/Light Support,0,The First Harmful Event was Not a Collision with a Motor Vehicle in Transport,0,No,1,Non-Junction,1,Not an Intersection,0,None,,,4,On Roadside,4,Dawn,,,,,10,Cloudy,0,No,0000000,Not Applicable,99,Unknown,99,Unknown,99,Unknown EMS Scene Arrival Hour,99,Unknown EMS Scene Arrival Minutes,88,"Not Applicable (Not Transported) ",88,Not Applicable (Not Transported),,,,,,,1,
2022,53,530213,Washington,1,1,0,0,0,2,2,39,KLICKITAT (39),0,NOT APPLICABLE,19,19,5,May,2022,5,Thursday,19,7:00pm-7:59pm,2,2,0,This section IS NOT on the NHS,1,Rural,5,Major Collector,1,State Highway Agency,3,State Highway,SR-142,,240,240,45.85753333,45.85753333,-120.989983330,-120.98998333,0,No Special Jurisdiction,32,Culvert,0,The First Harmful Event was Not a Collision with a Motor Vehicle in Transport,0,No,1,Non-Junction,1,Not an Intersection,0,None,,,4,On Roadside,1,Daylight,,,,,1,Clear,0,No,0000000,Not Applicable,19,7:00pm-7:59pm,1,1,19,7:00pm-7:59pm,14,14,19,7:00pm-7:59pm,51,51,,,,,,,1,
2022,53,530214,Washington,1,1,0,0,0,1,1,15,COWLITZ (15),0,NOT APPLICABLE,19,19,5,May,2022,5,Thursday,14,2:00pm-2:59pm,0,0,1,This section IS ON the NHS,2,Urban,1,Interstate,1,State Highway Agency,1,Interstate,I-5,,427,427,46.18323889,46.18323889,-122.897713890,-122.89771389,0,No Special Jurisdiction,1,Rollover/Overturn,0,The First Harmful Event was Not a Collision with a Motor Vehicle in Transport,0,No,1,Non-Junction,1,Not an Intersection,0,None,,,3,On Median,1,Daylight,,,,,3,Sleet or Hail,0,No,0000000,Not Applicable,99,Unknown,99,Unknown,99,Unknown EMS Scene Arrival Hour,99,Unknown EMS Scene Arrival Minutes,88,"Not Applicable (Not Transported) ",88,Not Applicable (Not Transported),,,,,,,1,
2022,53,530215,Washington,1,1,0,0,0,1,1,5,BENTON (5),1850,RICHLAND,31,31,5,May,2022,3,Tuesday,3,3:00am-3:59am,48,48,0,This section IS NOT on the NHS,2,Urban,5,Major Collector,4,City or Municipal Highway Agency,6,Local Street - Municipality,MCMURRAY ST,,0,None,46.30033611,46.30033611,-119.284111110,-119.28411111,0,No Special Jurisdiction,42,Tree (Standing Only),0,The First Harmful Event was Not a Collision with a Motor Vehicle in Transport,0,No,1,Non-Junction,1,Not an Intersection,0,None,,,4,On Roadside,3,Dark - Lighted,,,,,10,Cloudy,0,No,0000000,Not Applicable,99,Unknown,99,Unknown,99,Unknown EMS Scene Arrival Hour,99,Unknown EMS Scene Arrival Minutes,88,"Not Applicable (Not Transported) ",88,Not Applicable (Not Transported),,,,,,,1,
2022,53,530216,Washington,1,1,0,0,0,1,1,77,YAKIMA (77),840,GRANDVIEW,19,19,5,May,2022,5,Thursday,18,6:00pm-6:59pm,33,33,1,This section IS ON the NHS,1,Rural,1,Interstate,1,State Highway Agency,1,Interstate,I-82,,718,718,46.27878611,46.27878611,-119.935647220,-119.93564722,0,No Special Jurisdiction,35,Embankment,0,The First Harmful Event was Not a Collision with a Motor Vehicle in Transport,0,No,1,Non-Junction,1,Not an Intersection,0,None,,,4,On Roadside,1,Daylight,,,,,1,Clear,0,No,0000000,Not Applicable,99,Unknown,99,Unknown,99,Unknown EMS Scene Arrival Hour,99,Unknown EMS Scene Arrival Minutes,88,"Not Applicable (Not Transported) ",88,Not Applicable (Not Transported),,,,,,,1,
2022,53,530217,Washington,3,3,0,0,0,4,4,11,CLARK (11),2370,VANCOUVER,28,28,5,May,2022,7,Saturday,23,11:00pm-11:59pm,13,13,0,This section IS NOT on the NHS,2,Urban,4,Minor Arterial,1,State Highway Agency,3,State Highway,SR-501,,39,39,45.65646389,45.65646389,-122.731522220,-122.73152222,0,No Special Jurisdiction,12,Motor Vehicle In-Transport,6,Angle,0,No,1,Non-Junction,1,Not an Intersection,0,None,,,1,On Roadway,3,Dark - Lighted,,,,,10,Cloudy,0,No,0000000,Not Applicable,23,11:00pm-11:59pm,30,30,23,11:00pm-11:59pm,43,43,0,0:00am-0:59am,4,4,,,,,,,1,
2022,53,530218,Washington,1,1,0,0,0,1,1,65,STEVENS (65),0,NOT APPLICABLE,25,25,5,May,2022,4,Wednesday,0,0:00am-0:59am,20,20,0,This section IS NOT on the NHS,1,Rural,4,Minor Arterial,1,State Highway Agency,3,State Highway,SR-25,,405,405,48.10334444,48.10334444,-118.204225000,-118.20422500,0,No Special Jurisdiction,42,Tree (Standing Only),0,The First Harmful Event was Not a Collision with a Motor Vehicle in Transport,0,No,1,Non-Junction,1,Not an Intersection,0,None,,,5,Outside Trafficway,2,Dark - Not Lighted,,,,,10,Cloudy,0,No,0000000,Not Applicable,99,Unknown,99,Unknown,99,Unknown EMS Scene Arrival Hour,99,Unknown EMS Scene Arrival Minutes,88,"Not Applicable (Not Transported) ",88,Not Applicable (Not Transported),,,,,,,1,
2022,53,530219,Washington,2,2,0,0,0,2,2,37,KITTITAS (37),0,NOT APPLICABLE,20,20,5,May,2022,6,Friday,17,5:00pm-5:59pm,54,54,1,This section IS ON the NHS,1,Rural,1,Interstate,1,State Highway Agency,1,Interstate,I-90,,509,509,47.42274444,47.42274444,-121.409708330,-121.40970833,0,No Special Jurisdiction,12,Motor Vehicle In-Transport,1,Front-to-Rear,0,No,1,Non-Junction,1,Not an Intersection,0,None,,,1,On Roadway,1,Daylight,,,,,1,Clear,0,No,0000000,Not Applicable,99,Unknown,99,Unknown,99,Unknown EMS Scene Arrival Hour,99,Unknown EMS Scene Arrival Minutes,88,"Not Applicable (Not Transported) ",88,Not Applicable (Not Transported),,,,,,,1,
2022,53,530220,Washington,2,2,0,0,0,2,2,35,KITSAP (35),0,NOT APPLICABLE,1,1,6,June,2022,4,Wednesday,13,1:00pm-1:59pm,29,29,0,This section IS NOT on the NHS,2,Urban,5,Major Collector,2,County Highway Agency,4,County Road,CR-TRENTON AVE NE,,5,5,47.58831111,47.58831111,-122.608147220,-122.60814722,0,No Special Jurisdiction,1,Rollover/Overturn,0,The First Harmful Event was Not a Collision with a Motor Vehicle in Transport,0,No,8,Driveway Access Related,1,Not an Intersection,0,None,,,1,On Roadway,1,Daylight,,,,,10,Cloudy,0,No,0000000,Not Applicable,99,Unknown,99,Unknown,99,Unknown EMS Scene Arrival Hour,99,Unknown EMS Scene Arrival Minutes,88,"Not Applicable (Not Transported) ",88,Not Applicable (Not Transported),,,,,,,1,
2022,53,530221,Washington,1,1,0,0,0,1,1,61,SNOHOMISH (61),0,NOT APPLICABLE,27,27,5,May,2022,6,Friday,18,6:00pm-6:59pm,25,25,0,This section IS NOT on the NHS,1,Rural,5,Major Collector,2,County Highway Agency,4,County Road,CR-WESTWICK RD,,8,8,47.90633889,47.90633889,-122.025550000,-122.02555000,0,No Special Jurisdiction,53,Mail Box,0,The First Harmful Event was Not a Collision with a Motor Vehicle in Transport,0,No,1,Non-Junction,1,Not an Intersection,0,None,,,4,On Roadside,1,Daylight,,,,,1,Clear,0,No,0000000,Not Applicable,18,6:00pm-6:59pm,26,26,18,6:00pm-6:59pm,38,38,88,"Not Applicable (Not Transported) ",88,Not Applicable (Not Transported),,,,,,,1,
2022,53,530222,Washington,1,1,0,0,0,2,2,61,SNOHOMISH (61),0,NOT APPLICABLE,30,30,5,May,2022,2,Monday,14,2:00pm-2:59pm,12,12,0,This section IS NOT on the NHS,1,Rural,4,Minor Arterial,2,County Highway Agency,4,County Road,CR-84TH ST NE,,8,8,48.07199722,48.07199722,-122.093361110,-122.09336111,0,No Special Jurisdiction,25,Concrete Traffic Barrier,0,The First Harmful Event was Not a Collision with a Motor Vehicle in Transport,0,No,1,Non-Junction,1,Not an Intersection,0,None,,,4,On Roadside,1,Daylight,,,,,1,Clear,0,No,0000000,Not Applicable,14,2:00pm-2:59pm,29,29,14,2:00pm-2:59pm,39,39,15,3:00pm-3:59pm,4,4,,,,,,,2,
2022,53,530223,Washington,1,1,0,0,0,1,1,63,SPOKANE (63),1165,LIBERTY LAKE,26,26,5,May,2022,5,Thursday,19,7:00pm-7:59pm,0,0,1,This section IS ON the NHS,2,Urban,1,Interstate,1,State Highway Agency,1,Interstate,I-90,,2941,2941,47.67571944,47.67571944,-117.105988890,-117.10598889,0,No Special Jurisdiction,1,Rollover/Overturn,0,The First Harmful Event was Not a Collision with a Motor Vehicle in Transport,0,No,1,Non-Junction,1,Not an Intersection,0,None,,,2,On Shoulder,1,Daylight,,,,,1,Clear,0,No,0000000,Not Applicable,19,7:00pm-7:59pm,0,0,19,7:00pm-7:59pm,6,6,88,"Not Applicable (Not Transported) ",88,Not Applicable (Not Transported),,,,,,,1,
2022,53,530224,Washington,2,2,0,0,0,3,3,47,OKANOGAN (47),0,NOT APPLICABLE,20,20,5,May,2022,6,Friday,14,2:00pm-2:59pm,30,30,1,This section IS ON the NHS,1,Rural,2,Principal Arterial - Other Freeways and Expressways,1,State Highway Agency,2,U.S. Highway,US-97,,2878,2878,48.55036111,48.55036111,-119.540169440,-119.54016944,0,No Special Jurisdiction,12,Motor Vehicle In-Transport,6,Angle,0,No,1,Non-Junction,1,Not an Intersection,0,None,,,1,On Roadway,1,Daylight,,,,,2,Rain,0,No,0000000,Not Applicable,15,3:00pm-3:59pm,12,12,15,3:00pm-3:59pm,20,20,15,3:00pm-3:59pm,38,38,,,,,,,2,
2022,53,530225,Washington,2,1,1,0,1,1,2,33,KING (33),0,NOT APPLICABLE,23,23,5,May,2022,2,Monday,13,1:00pm-1:59pm,31,31,1,This section IS ON the NHS,1,Rural,1,Interstate,1,State Highway Agency,1,Interstate,I-90,,391,391,47.42842500,47.42842500,-121.611725000,-121.61172500,0,No Special Jurisdiction,14,Parked Motor Vehicle,0,The First Harmful Event was Not a Collision with a Motor Vehicle in Transport,0,No,1,Non-Junction,1,Not an Intersection,0,None,,,2,On Shoulder,1,Daylight,,,,,1,Clear,0,No,0000000,Not Applicable,13,1:00pm-1:59pm,36,36,13,1:00pm-1:59pm,52,52,99,Unknown,99,Unknown EMS Hospital Arrival Time,,,,,,,1,
2022,53,530226,Washington,2,2,0,0,0,3,3,33,KING (33),1960,SEATTLE,3,3,6,June,2022,6,Friday,13,1:00pm-1:59pm,55,55,1,This section IS ON the NHS,2,Urban,1,Interstate,1,State Highway Agency,1,Interstate,I-5,,22,22,47.63335556,47.63335556,-122.323897220,-122.32389722,0,No Special Jurisdiction,12,Motor Vehicle In-Transport,1,Front-to-Rear,0,No,1,Non-Junction,1,Not an Intersection,0,None,,,1,On Roadway,1,Daylight,,,,,1,Clear,0,No,0000000,Not Applicable,14,2:00pm-2:59pm,12,12,14,2:00pm-2:59pm,17,17,15,3:00pm-3:59pm,7,7,,,,,,,1,
2022,53,530227,Washington,1,1,0,0,0,2,2,53,PIERCE (53),0,NOT APPLICABLE,30,30,5,May,2022,2,Monday,20,8:00pm-8:59pm,21,21,1,This section IS ON the NHS,2,Urban,3,Principal Arterial - Other,1,State Highway Agency,3,State Highway,SR-161,,198,198,47.07599167,47.07599167,-122.294158330,-122.29415833,0,No Special Jurisdiction,35,Embankment,0,The First Harmful Event was Not a Collision with a Motor Vehicle in Transport,0,No,1,Non-Junction,1,Not an Intersection,0,None,,,4,On Roadside,1,Daylight,,,,,10,Cloudy,0,No,0000000,Not Applicable,99,Unknown,99,Unknown,99,Unknown EMS Scene Arrival Hour,99,Unknown EMS Scene Arrival Minutes,88,"Not Applicable (Not Transported) ",88,Not Applicable (Not Transported),,,,,,,1,
2022,53,530228,Washington,1,1,0,1,1,1,1,11,CLARK (11),0,NOT APPLICABLE,2,2,6,June,2022,5,Thursday,0,0:00am-0:59am,30,30,1,This section IS ON the NHS,2,Urban,1,Interstate,1,State Highway Agency,1,Interstate,I-205,,86,86,45.70193056,45.70193056,-122.626258330,-122.62625833,0,No Special Jurisdiction,8,Pedestrian,0,The First Harmful Event was Not a Collision with a Motor Vehicle in Transport,0,No,1,Non-Junction,1,Not an Intersection,0,None,,,2,On Shoulder,2,Dark - Not Lighted,,,,,1,Clear,0,No,0000000,Not Applicable,0,0:00am-0:59am,33,33,0,0:00am-0:59am,38,38,1,1:00am-1:59am,20,20,,,,,,,1,
2022,53,530229,Washington,1,1,0,0,0,1,1,67,THURSTON (67),1590,OLYMPIA,31,31,5,May,2022,3,Tuesday,9,9:00am-9:59am,8,8,0,This section IS NOT on the NHS,2,Urban,3,Principal Arterial - Other,4,City or Municipal Highway Agency,6,Local Street - Municipality,PACIFIC AVE SE,,0,None,47.04088611,47.04088611,-122.840858330,-122.84085833,0,No Special Jurisdiction,1,Rollover/Overturn,0,The First Harmful Event was Not a Collision with a Motor Vehicle in Transport,0,No,8,Driveway Access Related,1,Not an Intersection,0,None,,,4,On Roadside,1,Daylight,,,,,1,Clear,0,No,0000000,Not Applicable,99,Unknown,99,Unknown,99,Unknown EMS Scene Arrival Hour,99,Unknown EMS Scene Arrival Minutes,88,"Not Applicable (Not Transported) ",88,Not Applicable (Not Transported),,,,,,,1,
2022,53,530230,Washington,2,2,0,0,0,3,3,57,SKAGIT (57),0,NOT APPLICABLE,5,5,6,June,2022,1,Sunday,12,12:00pm-12:59pm,25,25,0,This section IS NOT on the NHS,2,Urban,3,Principal Arterial - Other,1,State Highway Agency,3,State Highway,SR-20,GARDNER RD,611,611,48.48230833,48.48230833,-122.308511110,-122.30851111,0,No Special Jurisdiction,12,Motor Vehicle In-Transport,6,Angle,0,No,2,Intersection,2,Four-Way Intersection,0,None,,,1,On Roadway,1,Daylight,,,,,10,Cloudy,0,No,0000000,Not Applicable,12,12:00pm-12:59pm,28,28,12,12:00pm-12:59pm,39,39,88,"Not Applicable (Not Transported) ",88,Not Applicable (Not Transported),,,,,,,1,
2022,53,530231,Washington,2,2,0,0,0,3,3,57,SKAGIT (57),0,NOT APPLICABLE,26,26,5,May,2022,5,Thursday,13,1:00pm-1:59pm,31,31,0,This section IS NOT on the NHS,2,Urban,4,Minor Arterial,1,State Highway Agency,3,State Highway,SR-20,HELMICK RD,674,674,48.52360556,48.52360556,-122.194113890,-122.19411389,0,No Special Jurisdiction,12,Motor Vehicle In-Transport,6,Angle,0,No,2,Intersection,3,T-Intersection,0,None,,,1,On Roadway,1,Daylight,,,,,1,Clear,0,No,0000000,Not Applicable,13,1:00pm-1:59pm,37,37,13,1:00pm-1:59pm,39,39,14,2:00pm-2:59pm,9,9,,,,,,,1,
2022,53,530232,Washington,1,1,0,0,0,2,2,77,YAKIMA (77),2590,YAKIMA,20,20,5,May,2022,6,Friday,3,3:00am-3:59am,5,5,1,This section IS ON the NHS,2,Urban,3,Principal Arterial - Other,4,City or Municipal Highway Agency,6,Local Street - Municipality,W WASHINGTON AVE,,0,None,46.57087778,46.57087778,-120.538680560,-120.53868056,0,No Special Jurisdiction,43,Other Fixed Object,0,The First Harmful Event was Not a Collision with a Motor Vehicle in Transport,0,No,1,Non-Junction,1,Not an Intersection,0,None,,,4,On Roadside,3,Dark - Lighted,,,,,1,Clear,0,No,0000000,Not Applicable,99,Unknown,99,Unknown,99,Unknown EMS Scene Arrival Hour,99,Unknown EMS Scene Arrival Minutes,99,Unknown,99,Unknown EMS Hospital Arrival Time,,,,,,,1,
2022,53,530233,Washington,1,1,0,0,0,1,1,37,KITTITAS (37),0,NOT APPLICABLE,23,23,5,May,2022,2,Monday,11,11:00am-11:59am,30,30,1,This section IS ON the NHS,1,Rural,3,Principal Arterial - Other,1,State Highway Agency,2,U.S. Highway,US-97,DRY CREEK RD,1215,1215,47.03748056,47.03748056,-120.608475000,-120.60847500,0,No Special Jurisdiction,42,Tree (Standing Only),0,The First Harmful Event was Not a Collision with a Motor Vehicle in Transport,0,No,3,Intersection-Related,3,T-Intersection,0,None,,,4,On Roadside,1,Daylight,,,,,1,Clear,0,No,0000000,Not Applicable,99,Unknown,99,Unknown,99,Unknown EMS Scene Arrival Hour,99,Unknown EMS Scene Arrival Minutes,88,"Not Applicable (Not Transported) ",88,Not Applicable (Not Transported),,,,,,,1,
2022,53,530234,Washington,1,1,0,0,0,1,1,53,PIERCE (53),2230,TACOMA,7,7,6,June,2022,3,Tuesday,23,11:00pm-11:59pm,21,21,0,This section IS NOT on the NHS,2,Urban,4,Minor Arterial,1,State Highway Agency,3,State Highway,SR-509,,74,74,47.28704167,47.28704167,-122.407197220,-122.40719722,3,Indian Reservation,30,Utility Pole/Light Support,0,The First Harmful Event was Not a Collision with a Motor Vehicle in Transport,0,No,1,Non-Junction,1,Not an Intersection,0,None,,,4,On Roadside,3,Dark - Lighted,,,,,10,Cloudy,0,No,0000000,Not Applicable,23,11:00pm-11:59pm,22,22,23,11:00pm-11:59pm,31,31,88,"Not Applicable (Not Transported) ",88,Not Applicable (Not Transported),,,,,,,1,
2022,53,530236,Washington,2,2,0,0,0,2,2,53,PIERCE (53),2230,TACOMA,27,27,5,May,2022,6,Friday,20,8:00pm-8:59pm,47,47,0,This section IS NOT on the NHS,2,Urban,4,Minor Arterial,4,City or Municipal Highway Agency,6,Local Street - Municipality,MCKINLEY WAY,,0,None,47.23329167,47.23329167,-122.422888890,-122.42288889,0,No Special Jurisdiction,12,Motor Vehicle In-Transport,2,Front-to-Front,0,No,1,Non-Junction,1,Not an Intersection,0,None,,,1,On Roadway,5,Dusk,,,,,1,Clear,0,No,0000000,Not Applicable,20,8:00pm-8:59pm,49,49,20,8:00pm-8:59pm,59,59,99,Unknown,99,Unknown EMS Hospital Arrival Time,,,,,,,1,
2022,53,530237,Washington,2,2,0,0,0,3,3,25,GRANT (25),0,NOT APPLICABLE,10,10,5,May,2022,3,Tuesday,6,6:00am-6:59am,10,10,0,This section IS NOT on the NHS,1,Rural,3,Principal Arterial - Other,1,State Highway Agency,3,State Highway,SR-281,RD 5 NW,56,56,47.16116944,47.16116944,-119.853511110,-119.85351111,0,No Special Jurisdiction,12,Motor Vehicle In-Transport,6,Angle,0,No,3,Intersection-Related,2,Four-Way Intersection,0,None,,,1,On Roadway,1,Daylight,,,,,1,Clear,0,No,0000000,Not Applicable,6,6:00am-6:59am,9,9,6,6:00am-6:59am,31,31,6,6:00am-6:59am,47,47,,,,,,,1,
2022,53,530239,Washington,1,1,0,0,0,1,1,11,CLARK (11),0,NOT APPLICABLE,12,12,6,June,2022,1,Sunday,23,11:00pm-11:59pm,0,0,1,This section IS ON the NHS,1,Rural,1,Interstate,1,State Highway Agency,1,Interstate,I-5 RAMP,,1,1,45.78244444,45.78244444,-122.676138890,-122.67613889,0,No Special Jurisdiction,25,Concrete Traffic Barrier,0,The First Harmful Event was Not a Collision with a Motor Vehicle in Transport,1,Yes,5,Entrance/Exit Ramp Related,1,Not an Intersection,0,None,,,3,On Median,2,Dark - Not Lighted,,,,,2,Rain,0,No,0000000,Not Applicable,99,Unknown,99,Unknown,99,Unknown EMS Scene Arrival Hour,99,Unknown EMS Scene Arrival Minutes,88,"Not Applicable (Not Transported) ",88,Not Applicable (Not Transported),,,,,,,1,