caseyear,state,st_case,statename,ve_total,ve_forms,pvh_invl,peds,pernotmvit,permvit,persons,county,countyname,city,cityname,day,dayname,month,monthname,year,day_week,day_weekname,hour,hourname,minute,minutename,nhs,nhsname,rur_urb,rur_urbname,func_sys,func_sysname,rd_owner,rd_ownername,route,routename,tway_id,tway_id2,milept,mileptname,latitude,latitudename,longitud,longitudname,sp_jur,sp_jurname,harm_ev,harm_evname,man_coll,man_collname,reljct1,reljct1name,reljct2,reljct2name,typ_int,typ_intname,wrk_zone,wrk_zonename,road_fnc,road_fncname,rel_road,rel_roadname,lgt_cond,lgt_condname,weather1,weather1name,weather2,weather2name,weather,weathername,sch_bus,sch_busname,rail,railname,not_hour,not_hourname,not_min,not_minname,arr_hour,arr_hourname,arr_min,arr_minname,hosp_hr,hosp_hrname,hosp_mn,hosp_mnname,cf1,cf1name,cf2,cf2name,cf3,cf3name,fatals,drunk_dr
2022,53,530279,Washington,2,2,0,0,0,2,2,63,SPOKANE (63),2113,SPOKANE VALLEY,3,3,6,June,2022,6,Friday,17,5:00pm-5:59pm,17,17,0,This section IS NOT on the NHS,2,Urban,5,Major Collector,4,City or Municipal Highway Agency,6,Local Street - Municipality,E MANSFIELD AVE,,0,None,47.67745278,47.67745278,-117.234536110,-117.23453611,0,No Special Jurisdiction,12,Motor Vehicle In-Transport,6,Angle,0,No,8,Driveway Access Related,1,Not an Intersection,0,None,,,1,On Roadway,1,Daylight,,,,,10,Cloudy,0,No,0000000,Not Applicable,17,5:00pm-5:59pm,19,19,17,5:00pm-5:59pm,22,22,88,"Not Applicable (Not Transported) ",88,Not Applicable (Not Transported),,,,,,,1,
2022,53,530280,Washington,1,1,0,0,0,2,2,53,PIERCE (53),0,NOT APPLICABLE,24,24,6,June,2022,6,Friday,0,0:00am-0:59am,37,37,1,This section IS ON the NHS,2,Urban,3,Principal Arterial - Other,1,State Highway Agency,3,State Highway,SR-7,,474,474,47.08342222,47.08342222,-122.434669440,-122.43466944,0,No Special Jurisdiction,59,"Traffic Sign Support ",0,The First Harmful Event was Not a Collision with a Motor Vehicle in Transport,0,No,1,Non-Junction,1,Not an Intersection,0,None,,,4,On Roadside,3,Dark - Lighted,,,,,1,Clear,0,No,0000000,Not Applicable,0,0:00am-0:59am,34,34,0,0:00am-0:59am,43,43,1,1:00am-1:59am,50,50,,,,,,,1,
2022,53,530281,Washington,2,2,0,0,0,2,2,9,CLALLAM (9),0,NOT APPLICABLE,12,12,6,June,2022,1,Sunday,12,12:00pm-12:59pm,31,31,0,This section IS NOT on the NHS,2,Urban,7,Local,2,County Highway Agency,4,County Road,CR-JOSLIN RD,,1,1,48.08253056,48.08253056,-123.183752780,-123.18375278,0,No Special Jurisdiction,12,Motor Vehicle In-Transport,6,Angle,0,No,1,Non-Junction,1,Not an Intersection,0,None,,,1,On Roadway,1,Daylight,,,,,10,Cloudy,0,No,0000000,Not Applicable,12,12:00pm-12:59pm,31,31,12,12:00pm-12:59pm,36,36,88,"Not Applicable (Not Transported) ",88,Not Applicable (Not Transported),,,,,,,1,
2022,53,530282,Washington,2,2,0,0,0,3,3,41,LEWIS (41),0,NOT APPLICABLE,25,25,6,June,2022,7,Saturday,23,11:00pm-11:59pm,26,26,0,This section IS NOT on the NHS,1,Rural,4,Minor Arterial,1,State Highway Agency,3,State Highway,SR-6,,251,251,46.55256389,46.55256389,-123.350477780,-123.35047778,0,No Special Jurisdiction,21,Bridge Pier or Support,0,The First Harmful Event was Not a Collision with a Motor Vehicle in Transport,0,No,1,Non-Junction,1,Not an Intersection,0,None,,,4,On Roadside,2,Dark - Not Lighted,,,,,1,Clear,0,No,0000000,Not Applicable,23,11:00pm-11:59pm,24,24,23,11:00pm-11:59pm,52,52,0,0:00am-0:59am,52,52,,,,,,,1,
2022,53,530283,Washington,2,2,0,0,0,2,2,11,CLARK (11),0,NOT APPLICABLE,29,29,6,June,2022,4,Wednesday,20,8:00pm-8:59pm,30,30,0,This section IS NOT on the NHS,1,Rural,6,Minor Collector,2,County Highway Agency,4,County Road,CR-NE GRANTHAM RD,,24,24,45.90630833,45.90630833,-122.499711110,-122.49971111,0,No Special Jurisdiction,12,Motor Vehicle In-Transport,2,Front-to-Front,0,No,1,Non-Junction,1,Not an Intersection,0,None,,,1,On Roadway,1,Daylight,,,,,1,Clear,0,No,0000000,Not Applicable,20,8:00pm-8:59pm,36,36,20,8:00pm-8:59pm,42,42,88,"Not Applicable (Not Transported) ",88,Not Applicable (Not Transported),,,,,,,1,
2022,53,530285,Washington,1,1,0,0,0,1,1,53,PIERCE (53),0,NOT APPLICABLE,30,30,6,June,2022,5,Thursday,2,2:00am-2:59am,14,14,0,This section IS NOT on the NHS,1,Rural,5,Major Collector,1,State Highway Agency,3,State Highway,SR-165,,148,148,47.08565278,47.08565278,-122.048216670,-122.04821667,0,No Special Jurisdiction,42,Tree (Standing Only),0,The First Harmful Event was Not a Collision with a Motor Vehicle in Transport,0,No,1,Non-Junction,1,Not an Intersection,0,None,,,4,On Roadside,2,Dark - Not Lighted,,,,,1,Clear,0,No,0000000,Not Applicable,2,2:00am-2:59am,18,18,2,2:00am-2:59am,28,28,88,"Not Applicable (Not Transported) ",88,Not Applicable (Not Transported),,,,,,,1,
2022,53,530286,Washington,3,1,2,1,8,1,8,33,KING (33),0,NOT APPLICABLE,24,24,5,May,2022,3,Tuesday,16,4:00pm-4:59pm,12,12,0,This section IS NOT on the NHS,2,Urban,4,Minor Arterial,2,County Highway Agency,4,County Road,CR-NE NOVELTY HILL RD,,7,7,47.68817222,47.68817222,-122.080719440,-122.08071944,0,No Special Jurisdiction,14,Parked Motor Vehicle,0,The First Harmful Event was Not a Collision with a Motor Vehicle in Transport,0,No,1,Non-Junction,1,Not an Intersection,0,None,,,2,On Shoulder,1,Daylight,,,,,2,Rain,0,No,0000000,Not Applicable,16,4:00pm-4:59pm,11,11,16,4:00pm-4:59pm,20,20,88,"Not Applicable (Not Transported) ",88,Not Applicable (Not Transported),,,,,,,1,
2022,53,530287,Washington,2,2,0,0,0,3,3,73,WHATCOM (73),110,BELLINGHAM,30,30,6,June,2022,5,Thursday,20,8:00pm-8:59pm,23,23,1,This section IS ON the NHS,2,Urban,1,Interstate,1,State Highway Agency,1,Interstate,I-5,,2529,2529,48.74435833,48.74435833,-122.466461110,-122.46646111,0,No Special Jurisdiction,24,Guardrail Face,0,The First Harmful Event was Not a Collision with a Motor Vehicle in Transport,1,Yes,19,Other location within Interchange Area,1,Not an Intersection,0,None,,,3,On Median,1,Daylight,,,,,1,Clear,0,No,0000000,Not Applicable,99,Unknown,99,Unknown,99,Unknown EMS Scene Arrival Hour,99,Unknown EMS Scene Arrival Minutes,88,"Not Applicable (Not Transported) ",88,Not Applicable (Not Transported),,,,,,,1,
2022,53,530288,Washington,1,1,0,0,0,1,1,63,SPOKANE (63),0,NOT APPLICABLE,16,16,4,April,2022,7,Saturday,19,7:00pm-7:59pm,14,14,0,This section IS NOT on the NHS,2,Urban,4,Minor Arterial,1,State Highway Agency,3,State Highway,SR-291,,70,70,47.75895833,47.75895833,-117.522288890,-117.52228889,0,No Special Jurisdiction,38,Fence,0,The First Harmful Event was Not a Collision with a Motor Vehicle in Transport,0,No,1,Non-Junction,1,Not an Intersection,0,None,,,4,On Roadside,1,Daylight,,,,,10,Cloudy,0,No,0000000,Not Applicable,19,7:00pm-7:59pm,16,16,19,7:00pm-7:59pm,23,23,19,7:00pm-7:59pm,54,54,,,,,,,1,
2022,53,530289,Washington,2,2,0,0,0,2,2,33,KING (33),0,NOT APPLICABLE,4,4,4,April,2022,2,Monday,14,2:00pm-2:59pm,8,8,1,This section IS ON the NHS,2,Urban,1,Interstate,1,State Highway Agency,1,Interstate,I-90,,211,211,47.53090000,47.53090000,-121.981225000,-121.98122500,0,No Special Jurisdiction,12,Motor Vehicle In-Transport,2,Front-to-Front,0,No,1,Non-Junction,1,Not an Intersection,0,None,,,1,On Roadway,1,Daylight,,,,,2,Rain,0,No,0000000,Not Applicable,14,2:00pm-2:59pm,12,12,14,2:00pm-2:59pm,20,20,15,3:00pm-3:59pm,12,12,,,,,,,1,
2022,53,530290,Washington,2,1,1,0,0,1,1,33,KING (33),980,ISSAQUAH,15,15,4,April,2022,6,Friday,8,8:00am-8:59am,50,50,1,This section IS ON the NHS,2,Urban,1,Interstate,1,State Highway Agency,1,Interstate,I-90,,147,147,47.54489722,47.54489722,-122.045602780,-122.04560278,0,No Special Jurisdiction,14,Parked Motor Vehicle,0,The First Harmful Event was Not a Collision with a Motor Vehicle in Transport,0,No,1,Non-Junction,1,Not an Intersection,0,None,,,2,On Shoulder,1,Daylight,,,,,10,Cloudy,0,No,0000000,Not Applicable,99,Unknown,99,Unknown,99,Unknown EMS Scene Arrival Hour,99,Unknown EMS Scene Arrival Minutes,88,"Not Applicable (Not Transported) ",88,Not Applicable (Not Transported),,,,,,,1,
2022,53,530291,Washington,2,2,0,0,0,2,2,53,PIERCE (53),0,NOT APPLICABLE,8,8,4,April,2022,6,Friday,23,11:00pm-11:59pm,8,8,0,This section IS NOT on the NHS,2,Urban,3,Principal Arterial - Other,2,County Highway Agency,4,County Road,CR-CANYON RD E,,58,58,47.16960278,47.16960278,-122.357108330,-122.35710833,0,No Special Jurisdiction,12,Motor Vehicle In-Transport,6,Angle,0,No,8,Driveway Access Related,1,Not an Intersection,0,None,,,1,On Roadway,3,Dark - Lighted,,,,,1,Clear,0,No,0000000,Not Applicable,99,Unknown,99,Unknown,99,Unknown EMS Scene Arrival Hour,99,Unknown EMS Scene Arrival Minutes,99,Unknown,99,Unknown EMS Hospital Arrival Time,,,,,,,1,
2022,53,530292,Washington,1,1,0,0,0,1,1,17,DOUGLAS (17),0,NOT APPLICABLE,4,4,4,April,2022,2,Monday,11,11:00am-11:59am,36,36,0,This section IS NOT on the NHS,1,Rural,5,Major Collector,2,County Highway Agency,4,County Road,CR-MCNEIL CANYON RD,,20,20,47.83404722,47.83404722,-119.947711110,-119.94771111,0,No Special Jurisdiction,1,Rollover/Overturn,0,The First Harmful Event was Not a Collision with a Motor Vehicle in Transport,0,No,1,Non-Junction,1,Not an Intersection,0,None,,,1,On Roadway,1,Daylight,,,,,1,Clear,0,No,0000000,Not Applicable,11,11:00am-11:59am,37,37,11,11:00am-11:59am,47,47,88,"Not Applicable (Not Transported) ",88,Not Applicable (Not Transported),,,,,,,1,
2022,53,530293,Washington,1,1,0,1,1,1,1,33,KING (33),1960,SEATTLE,23,23,4,April,2022,7,Saturday,22,10:00pm-10:59pm,48,48,0,This section IS NOT on the NHS,2,Urban,3,Principal Arterial - Other,4,City or Municipal Highway Agency,6,Local Street - Municipality,15TH AVE W,GILMAN DR W,0,None,47.64240556,47.64240556,-122.376041670,-122.37604167,0,No Special Jurisdiction,8,Pedestrian,0,The First Harmful Event was Not a Collision with a Motor Vehicle in Transport,0,No,3,Intersection-Related,2,Four-Way Intersection,0,None,,,1,On Roadway,3,Dark - Lighted,,,,,1,Clear,0,No,0000000,Not Applicable,99,Unknown,99,Unknown,99,Unknown EMS Scene Arrival Hour,99,Unknown EMS Scene Arrival Minutes,88,"Not Applicable (Not Transported) ",88,Not Applicable (Not Transported),,,,,,,1,
2022,53,530294,Washington,1,1,0,0,0,1,1,33,KING (33),1960,SEATTLE,4,4,4,April,2022,2,Monday,6,6:00am-6:59am,0,0,1,This section IS ON the NHS,2,Urban,3,Principal Arterial - Other,4,City or Municipal Highway Agency,6,Local Street - Municipality,ELLIOT AVE W,,99998,Not Reported,47.62752778,47.62752778,-122.369411110,-122.36941111,0,No Special Jurisdiction,30,Utility Pole/Light Support,0,The First Harmful Event was Not a Collision with a Motor Vehicle in Transport,0,No,1,Non-Junction,1,Not an Intersection,0,None,,,4,On Roadside,3,Dark - Lighted,,,,,1,Clear,0,No,0000000,Not Applicable,6,6:00am-6:59am,5,5,6,6:00am-6:59am,16,16,88,"Not Applicable (Not Transported) ",88,Not Applicable (Not Transported),,,,,,,1,
2022,53,530295,Washington,2,2,0,0,0,2,2,53,PIERCE (53),2230,TACOMA,3,3,7,July,2022,1,Sunday,8,8:00am-8:59am,1,1,1,This section IS ON the NHS,2,Urban,3,Principal Arterial - Other,1,State Highway Agency,3,State Highway,SR-167,,4,4,47.23927222,47.23927222,-122.398680560,-122.39868056,3,Indian Reservation,1,Rollover/Overturn,0,The First Harmful Event was Not a Collision with a Motor Vehicle in Transport,0,No,1,Non-Junction,1,Not an Intersection,0,None,,,1,On Roadway,1,Daylight,,,,,10,Cloudy,0,No,0000000,Not Applicable,88,Not Applicable (Not Notified),88,Not Applicable (Not Notified),88,Not Applicable,88,Not Applicable,88,"Not Applicable (Not Transported) ",88,Not Applicable (Not Transported),,,,,,,1,
2022,53,530296,Washington,2,2,0,0,0,2,2,45,MASON (45),0,NOT APPLICABLE,3,3,7,July,2022,1,Sunday,18,6:00pm-6:59pm,0,0,0,This section IS NOT on the NHS,1,Rural,6,Minor Collector,2,County Highway Agency,4,County Road,CR-NE TAHUYA BLACKSMITH,,40,40,47.48776667,47.48776667,-122.965941670,-122.96594167,0,No Special Jurisdiction,12,Motor Vehicle In-Transport,2,Front-to-Front,0,No,1,Non-Junction,1,Not an Intersection,0,None,,,1,On Roadway,1,Daylight,,,,,10,Cloudy,0,No,0000000,Not Applicable,18,6:00pm-6:59pm,6,6,18,6:00pm-6:59pm,17,17,88,"Not Applicable (Not Transported) ",88,Not Applicable (Not Transported),,,,,,,1,
2022,53,530297,Washington,1,1,0,0,0,2,2,33,KING (33),0,NOT APPLICABLE,20,20,4,April,2022,4,Wednesday,12,12:00pm-12:59pm,10,10,0,This section IS NOT on the NHS,1,Rural,3,Principal Arterial - Other,1,State Highway Agency,3,State Highway,SR-164,,85,85,47.22594444,47.22594444,-122.101016670,-122.10101667,0,No Special Jurisdiction,1,Rollover/Overturn,0,The First Harmful Event was Not a Collision with a Motor Vehicle in Transport,0,No,1,Non-Junction,1,Not an Intersection,0,None,,,4,On Roadside,1,Daylight,,,,,10,Cloudy,0,No,0000000,Not Applicable,12,12:00pm-12:59pm,12,12,12,12:00pm-12:59pm,22,22,13,1:00pm-1:59pm,1,1,,,,,,,1,
2022,53,530298,Washington,1,1,0,0,0,1,1,33,KING (33),1960,SEATTLE,29,29,4,April,2022,6,Friday,1,1:00am-1:59am,14,14,0,This section IS NOT on the NHS,2,Urban,4,Minor Arterial,4,City or Municipal Highway Agency,6,Local Street - Municipality,N NORTH LAKE WY,,0,None,47.64697222,47.64697222,-122.333483330,-122.33348333,0,No Special Jurisdiction,33,Curb,0,The First Harmful Event was Not a Collision with a Motor Vehicle in Transport,0,No,1,Non-Junction,1,Not an Intersection,0,None,,,4,On Roadside,3,Dark - Lighted,,,,,1,Clear,0,No,0000000,Not Applicable,99,Unknown,99,Unknown,99,Unknown EMS Scene Arrival Hour,99,Unknown EMS Scene Arrival Minutes,88,"Not Applicable (Not Transported) ",88,Not Applicable (Not Transported),,,,,,,1,
2022,53,530300,Washington,2,2,0,0,0,3,3,61,SNOHOMISH (61),1120,LAKE STEVENS,8,8,7,July,2022,6,Friday,19,7:00pm-7:59pm,57,57,0,This section IS NOT on the NHS,2,Urban,4,Minor Arterial,1,State Highway Agency,3,State Highway,SR-92,,19,19,48.03080833,48.03080833,-122.069763890,-122.06976389,0,No Special Jurisdiction,12,Motor Vehicle In-Transport,6,Angle,0,No,8,Driveway Access Related,1,Not an Intersection,0,None,,,1,On Roadway,1,Daylight,,,,,1,Clear,0,No,0000000,Not Applicable,20,8:00pm-8:59pm,50,50,20,8:00pm-8:59pm,59,59,21,9:00pm-9:59pm,28,28,,,,,,,1,
2022,53,530301,Washington,4,2,2,1,1,2,2,53,PIERCE (53),1124,LAKEWOOD,6,6,7,July,2022,4,Wednesday,21,9:00pm-9:59pm,29,29,0,This section IS NOT on the NHS,2,Urban,7,Local,4,City or Municipal Highway Agency,6,Local Street - Municipality,IRENE AVE SW,,0,None,47.16269167,47.16269167,-122.489455560,-122.48945556,0,No Special Jurisdiction,14,Parked Motor Vehicle,0,The First Harmful Event was Not a Collision with a Motor Vehicle in Transport,0,No,1,Non-Junction,1,Not an Intersection,0,None,,,1,On Roadway,2,Dark - Not Lighted,,,,,1,Clear,0,No,0000000,Not Applicable,21,9:00pm-9:59pm,34,34,21,9:00pm-9:59pm,40,40,22,10:00pm-10:59pm,2,2,,,,,,,1,
2022,53,530302,Washington,1,1,0,0,0,1,1,27,GRAYS HARBOR (27),0,NOT APPLICABLE,8,8,7,July,2022,6,Friday,20,8:00pm-8:59pm,0,0,0,This section IS NOT on the NHS,6,Trafficway Not in State Inventory,96,Trafficway Not in State Inventory,96,Trafficway Not in State Inventory,8,Other,NFD ROAD 2270,,65,65,47.20831944,47.20831944,-123.589972220,-123.58997222,0,No Special Jurisdiction,42,Tree (Standing Only),0,The First Harmful Event was Not a Collision with a Motor Vehicle in Transport,0,No,1,Non-Junction,1,Not an Intersection,0,None,,,4,On Roadside,1,Daylight,,,,,1,Clear,0,No,0000000,Not Applicable,99,Unknown,99,Unknown,99,Unknown EMS Scene Arrival Hour,99,Unknown EMS Scene Arrival Minutes,88,"Not Applicable (Not Transported) ",88,Not Applicable (Not Transported),,,,,,,1,
2022,53,530303,Washington,2,2,0,0,0,2,2,33,KING (33),100,AUBURN,9,9,7,July,2022,7,Saturday,21,9:00pm-9:59pm,3,3,1,This section IS ON the NHS,2,Urban,2,Principal Arterial - Other Freeways and Expressways,1,State Highway Agency,3,State Highway,SR-167,,175,175,47.32851111,47.32851111,-122.245108330,-122.24510833,0,No Special Jurisdiction,12,Motor Vehicle In-Transport,1,Front-to-Rear,0,No,1,Non-Junction,1,Not an Intersection,0,None,,,1,On Roadway,2,Dark - Not Lighted,,,,,5,"Fog, Smog, Smoke",0,No,0000000,Not Applicable,21,9:00pm-9:59pm,5,5,21,9:00pm-9:59pm,11,11,88,"Not Applicable (Not Transported) ",88,Not Applicable (Not Transported),,,,,,,1,
2022,53,530304,Washington,2,2,0,0,0,2,2,63,SPOKANE (63),330,CHENEY,7,7,7,July,2022,5,Thursday,17,5:00pm-5:59pm,37,37,0,This section IS NOT on the NHS,2,Urban,4,Minor Arterial,1,State Highway Agency,3,State Highway,SR-904,2ND ST,118,118,47.49730556,47.49730556,-117.564788890,-117.56478889,0,No Special Jurisdiction,12,Motor Vehicle In-Transport,6,Angle,0,No,2,Intersection,4,Y-Intersection,0,None,,,1,On Roadway,1,Daylight,,,,,1,Clear,0,No,0000000,Not Applicable,17,5:00pm-5:59pm,40,40,17,5:00pm-5:59pm,48,48,99,Unknown,99,Unknown EMS Hospital Arrival Time,,,,,,,1,
2022,53,530305,Washington,1,1,0,0,0,1,1,37,KITTITAS (37),0,NOT APPLICABLE,28,28,5,May,2022,7,Saturday,0,0:00am-0:59am,0,0,0,This section IS NOT on the NHS,1,Rural,6,Minor Collector,2,County Highway Agency,4,County Road,CR-TEANAWAY ROAD NORTH,,28,28,47.28911111,47.28911111,-120.860183330,-120.86018333,0,No Special Jurisdiction,1,Rollover/Overturn,0,The First Harmful Event was Not a Collision with a Motor Vehicle in Transport,0,No,1,Non-Junction,1,Not an Intersection,0,None,,,4,On Roadside,2,Dark - Not Lighted,,,,,1,Clear,0,No,0000000,Not Applicable,99,Unknown,99,Unknown,99,Unknown EMS Scene Arrival Hour,99,Unknown EMS Scene Arrival Minutes,88,"Not Applicable (Not Transported) ",88,Not Applicable (Not Transported),,,,,,,1,
2022,53,530306,Washington,2,2,0,0,0,3,3,5,BENTON (5),0,NOT APPLICABLE,11,11,7,July,2022,2,Monday,19,7:00pm-7:59pm,45,45,0,This section IS NOT on the NHS,2,Urban,5,Major Collector,1,State Highway Agency,3,State Highway,SR-397,,136,136,46.17028889,46.17028889,-119.050697220,-119.05069722,0,No Special Jurisdiction,12,Motor Vehicle In-Transport,6,Angle,0,No,8,Driveway Access Related,1,Not an Intersection,0,None,,,1,On Roadway,1,Daylight,,,,,1,Clear,0,No,0000000,Not Applicable,19,7:00pm-7:59pm,46,46,19,7:00pm-7:59pm,50,50,20,8:00pm-8:59pm,26,26,,,,,,,1,
2022,53,530307,Washington,2,2,0,0,0,2,2,17,DOUGLAS (17),0,NOT APPLICABLE,4,4,7,July,2022,2,Monday,1,1:00am-1:59am,20,20,0,This section IS NOT on the NHS,1,Rural,5,Major Collector,1,State Highway Agency,3,State Highway,SR-173,,47,47,48.04862222,48.04862222,-119.690133330,-119.69013333,0,No Special Jurisdiction,35,Embankment,0,The First Harmful Event was Not a Collision with a Motor Vehicle in Transport,0,No,1,Non-Junction,1,Not an Intersection,0,None,,,4,On Roadside,2,Dark - Not Lighted,,,,,1,Clear,0,No,0000000,Not Applicable,99,Unknown,99,Unknown,99,Unknown EMS Scene Arrival Hour,99,Unknown EMS Scene Arrival Minutes,88,"Not Applicable (Not Transported) ",88,Not Applicable (Not Transported),,,,,,,1,
2022,53,530308,Washington,1,1,0,1,1,1,1,75,WHITMAN (75),0,NOT APPLICABLE,11,11,7,July,2022,2,Monday,20,8:00pm-8:59pm,45,45,1,This section IS ON the NHS,1,Rural,2,Principal Arterial - Other Freeways and Expressways,1,State Highway Agency,3,State Highway,SR-270,,94,94,46.73509722,46.73509722,-117.049002780,-117.04900278,0,No Special Jurisdiction,8,Pedestrian,0,The First Harmful Event was Not a Collision with a Motor Vehicle in Transport,0,No,1,Non-Junction,1,Not an Intersection,0,None,,,1,On Roadway,5,Dusk,,,,,1,Clear,0,No,0000000,Not Applicable,20,8:00pm-8:59pm,30,30,20,8:00pm-8:59pm,40,40,21,9:00pm-9:59pm,5,5,,,,,,,1,
2022,53,530309,Washington,3,3,0,0,0,5,5,33,KING (33),0,NOT APPLICABLE,11,11,7,July,2022,2,Monday,13,1:00pm-1:59pm,5,5,0,This section IS NOT on the NHS,2,Urban,4,Minor Arterial,2,County Highway Agency,4,County Road,CR-236TH AVE NE,,42,42,47.64986111,47.64986111,-122.024619440,-122.02461944,0,No Special Jurisdiction,12,Motor Vehicle In-Transport,6,Angle,0,No,8,Driveway Access Related,1,Not an Intersection,0,None,,,1,On Roadway,1,Daylight,,,,,1,Clear,0,No,0000000,Not Applicable,99,Unknown,99,Unknown,99,Unknown EMS Scene Arrival Hour,99,Unknown EMS Scene Arrival Minutes,99,Unknown,99,Unknown EMS Hospital Arrival Time,,,,,,,1,
2022,53,530310,Washington,2,2,0,0,0,3,3,33,KING (33),0,NOT APPLICABLE,27,27,6,June,2022,2,Monday,20,8:00pm-8:59pm,9,9,1,This section IS ON the NHS,1,Rural,2,Principal Arterial - Other Freeways and Expressways,1,State Highway Agency,3,State Highway,SR-18,,247,247,47.46803333,47.46803333,-121.919394440,-121.91939444,0,No Special Jurisdiction,12,Motor Vehicle In-Transport,1,Front-to-Rear,0,No,1,Non-Junction,1,Not an Intersection,0,None,,,1,On Roadway,1,Daylight,,,,,1,Clear,0,No,0000000,Not Applicable,20,8:00pm-8:59pm,34,34,20,8:00pm-8:59pm,53,53,21,9:00pm-9:59pm,23,23,,,,,,,1,
2022,53,530311,Washington,1,1,0,1,1,1,1,29,ISLAND (29),0,NOT APPLICABLE,6,6,7,July,2022,4,Wednesday,8,8:00am-8:59am,55,55,1,This section IS ON the NHS,1,Rural,3,Principal Arterial - Other,1,State Highway Agency,3,State Highway,SR-20,,194,194,48.20783611,48.20783611,-122.642538890,-122.64253889,0,No Special Jurisdiction,8,Pedestrian,0,The First Harmful Event was Not a Collision with a Motor Vehicle in Transport,0,No,1,Non-Junction,1,Not an Intersection,0,None,,,1,On Roadway,1,Daylight,,,,,1,Clear,0,No,0000000,Not Applicable,8,8:00am-8:59am,54,54,8,8:00am-8:59am,57,57,11,11:00am-11:59am,50,50,,,,,,,1,
2022,53,530312,Washington,1,1,0,1,1,2,2,63,SPOKANE (63),2110,SPOKANE,15,15,7,July,2022,6,Friday,21,9:00pm-9:59pm,30,30,0,This section IS NOT on the NHS,2,Urban,3,Principal Arterial - Other,4,City or Municipal Highway Agency,6,Local Street - Municipality,W 3RD AVE,S Jefferson St,0,None,47.65342222,47.65342222,-117.429558330,-117.42955833,0,No Special Jurisdiction,8,Pedestrian,0,The First Harmful Event was Not a Collision with a Motor Vehicle in Transport,0,No,3,Intersection-Related,2,Four-Way Intersection,0,None,,,1,On Roadway,3,Dark - Lighted,,,,,1,Clear,0,No,0000000,Not Applicable,21,9:00pm-9:59pm,32,32,21,9:00pm-9:59pm,37,37,21,9:00pm-9:59pm,56,56,,,,,,,1,
2022,53,530313,Washington,1,1,0,0,0,1,1,77,YAKIMA (77),0,NOT APPLICABLE,4,4,7,July,2022,2,Monday,20,8:00pm-8:59pm,19,19,0,This section IS NOT on the NHS,1,Rural,5,Major Collector,2,County Highway Agency,4,County Road,CR-SHELLER RD,,21,21,46.33161944,46.33161944,-119.955513890,-119.95551389,0,No Special Jurisdiction,30,Utility Pole/Light Support,0,The First Harmful Event was Not a Collision with a Motor Vehicle in Transport,0,No,1,Non-Junction,1,Not an Intersection,0,None,,,4,On Roadside,1,Daylight,,,,,1,Clear,0,No,0000000,Not Applicable,99,Unknown,99,Unknown,99,Unknown EMS Scene Arrival Hour,99,Unknown EMS Scene Arrival Minutes,88,"Not Applicable (Not Transported) ",88,Not Applicable (Not Transported),,,,,,,1,
2022,53,530314,Washington,2,2,0,0,0,6,6,77,YAKIMA (77),0,NOT APPLICABLE,30,30,6,June,2022,5,Thursday,15,3:00pm-3:59pm,21,21,0,This section IS NOT on the NHS,1,Rural,5,Major Collector,2,County Highway Agency,4,County Road,CR-BRANCH RD,LATERAL A RD,48,48,46.40463889,46.40463889,-120.480011110,-120.48001111,3,Indian Reservation,12,Motor Vehicle In-Transport,6,Angle,0,No,2,Intersection,2,Four-Way Intersection,0,None,,,1,On Roadway,1,Daylight,,,,,1,Clear,0,No,0000000,Not Applicable,15,3:00pm-3:59pm,25,25,15,3:00pm-3:59pm,35,35,16,4:00pm-4:59pm,26,26,,,,,,,2,
2022,53,530315,Washington,1,1,0,0,0,1,1,49,PACIFIC (49),0,NOT APPLICABLE,19,19,6,June,2022,1,Sunday,23,11:00pm-11:59pm,30,30,0,This section IS NOT on the NHS,1,Rural,4,Minor Arterial,1,State Highway Agency,3,State Highway,SR-105,,212,212,46.73692222,46.73692222,-124.068275000,-124.06827500,0,No Special Jurisdiction,1,Rollover/Overturn,0,The First Harmful Event was Not a Collision with a Motor Vehicle in Transport,0,No,1,Non-Junction,1,Not an Intersection,0,None,,,4,On Roadside,2,Dark - Not Lighted,,,,,1,Clear,0,No,0000000,Not Applicable,99,Unknown,99,Unknown,99,Unknown EMS Scene Arrival Hour,99,Unknown EMS Scene Arrival Minutes,88,"Not Applicable (Not Transported) ",88,Not Applicable (Not Transported),,,,,,,1,
2022,53,530316,Washington,1,1,0,0,0,2,2,63,SPOKANE (63),2110,SPOKANE,7,7,5,May,2022,7,Saturday,9,9:00am-9:59am,44,44,0,This section IS NOT on the NHS,2,Urban,4,Minor Arterial,4,City or Municipal Highway Agency,6,Local Street - Municipality," E UPRIVER DR",N UPRIVER BEND LN,0,None,47.69190000,47.69190000,-117.318036110,-117.31803611,0,No Special Jurisdiction,1,Rollover/Overturn,0,The First Harmful Event was Not a Collision with a Motor Vehicle in Transport,0,No,3,Intersection-Related,4,Y-Intersection,0,None,,,4,On Roadside,1,Daylight,,,,,1,Clear,0,No,0000000,Not Applicable,9,9:00am-9:59am,45,45,9,9:00am-9:59am,52,52,99,Unknown,99,Unknown EMS Hospital Arrival Time,,,,,,,1,