caseyear,state,st_case,statename,ve_total,ve_forms,pvh_invl,peds,pernotmvit,permvit,persons,county,countyname,city,cityname,day,dayname,month,monthname,year,day_week,day_weekname,hour,hourname,minute,minutename,nhs,nhsname,rur_urb,rur_urbname,func_sys,func_sysname,rd_owner,rd_ownername,route,routename,tway_id,tway_id2,milept,mileptname,latitude,latitudename,longitud,longitudname,sp_jur,sp_jurname,harm_ev,harm_evname,man_coll,man_collname,reljct1,reljct1name,reljct2,reljct2name,typ_int,typ_intname,wrk_zone,wrk_zonename,road_fnc,road_fncname,rel_road,rel_roadname,lgt_cond,lgt_condname,weather1,weather1name,weather2,weather2name,weather,weathername,sch_bus,sch_busname,rail,railname,not_hour,not_hourname,not_min,not_minname,arr_hour,arr_hourname,arr_min,arr_minname,hosp_hr,hosp_hrname,hosp_mn,hosp_mnname,cf1,cf1name,cf2,cf2name,cf3,cf3name,fatals,drunk_dr
2022,53,530395,Washington,1,1,0,0,0,1,1,33,KING (33),0,NOT APPLICABLE,25,25,7,July,2022,2,Monday,18,6:00pm-6:59pm,16,16,1,This section IS ON the NHS,2,Urban,3,Principal Arterial - Other,2,County Highway Agency,4,County Road,CR-PEASLEY CANYON RD S,,61,61,47.30542500,47.30542500,-122.274047220,-122.27404722,0,No Special Jurisdiction,24,Guardrail Face,0,The First Harmful Event was Not a Collision with a Motor Vehicle in Transport,0,No,1,Non-Junction,1,Not an Intersection,0,None,,,4,On Roadside,1,Daylight,,,,,1,Clear,0,No,0000000,Not Applicable,18,6:00pm-6:59pm,19,19,18,6:00pm-6:59pm,23,23,88,"Not Applicable (Not Transported) ",88,Not Applicable (Not Transported),,,,,,,1,
2022,53,530396,Washington,2,2,0,0,0,3,3,33,KING (33),0,NOT APPLICABLE,12,12,8,August,2022,6,Friday,12,12:00pm-12:59pm,7,7,0,This section IS NOT on the NHS,2,Urban,3,Principal Arterial - Other,2,County Highway Agency,4,County Road,CR-AVONDALE RD NE,NE 137TH ST,41,41,47.72287778,47.72287778,-122.085838890,-122.08583889,0,No Special Jurisdiction,12,Motor Vehicle In-Transport,1,Front-to-Rear,0,No,2,Intersection,3,T-Intersection,0,None,,,1,On Roadway,1,Daylight,,,,,1,Clear,0,No,0000000,Not Applicable,12,12:00pm-12:59pm,8,8,12,12:00pm-12:59pm,14,14,88,"Not Applicable (Not Transported) ",88,Not Applicable (Not Transported),,,,,,,1,
2022,53,530397,Washington,1,1,0,1,1,1,1,35,KITSAP (35),180,BREMERTON,14,14,7,July,2022,5,Thursday,21,9:00pm-9:59pm,0,0,0,This section IS NOT on the NHS,2,Urban,5,Major Collector,4,City or Municipal Highway Agency,6,Local Street - Municipality,OYSTER BAY S,,0,None,47.55558056,47.55558056,-122.673219440,-122.67321944,0,No Special Jurisdiction,8,Pedestrian,0,The First Harmful Event was Not a Collision with a Motor Vehicle in Transport,0,No,1,Non-Junction,1,Not an Intersection,0,None,,,1,On Roadway,3,Dark - Lighted,,,,,1,Clear,0,No,0000000,Not Applicable,99,Unknown,99,Unknown,99,Unknown EMS Scene Arrival Hour,99,Unknown EMS Scene Arrival Minutes,88,"Not Applicable (Not Transported) ",88,Not Applicable (Not Transported),,,,,,,1,
2022,53,530398,Washington,1,1,0,1,1,1,1,63,SPOKANE (63),2110,SPOKANE,2,2,8,August,2022,3,Tuesday,13,1:00pm-1:59pm,4,4,0,This section IS NOT on the NHS,2,Urban,3,Principal Arterial - Other,4,City or Municipal Highway Agency,6,Local Street - Municipality,N NEVADA ST,E Sharpsburg Ave,0,None,47.72545278,47.72545278,-117.395325000,-117.39532500,0,No Special Jurisdiction,8,Pedestrian,0,The First Harmful Event was Not a Collision with a Motor Vehicle in Transport,0,No,3,Intersection-Related,2,Four-Way Intersection,0,None,,,1,On Roadway,1,Daylight,,,,,1,Clear,0,No,0000000,Not Applicable,13,1:00pm-1:59pm,5,5,13,1:00pm-1:59pm,8,8,13,1:00pm-1:59pm,39,39,,,,,,,1,
2022,53,530399,Washington,2,2,0,0,0,2,2,53,PIERCE (53),0,NOT APPLICABLE,7,7,8,August,2022,1,Sunday,14,2:00pm-2:59pm,5,5,0,This section IS NOT on the NHS,1,Rural,4,Minor Arterial,2,County Highway Agency,4,County Road,CR-ORVILLE RD E,,110,110,47.02831667,47.02831667,-122.206672220,-122.20667222,0,No Special Jurisdiction,12,Motor Vehicle In-Transport,2,Front-to-Front,0,No,1,Non-Junction,1,Not an Intersection,0,None,,,1,On Roadway,1,Daylight,,,,,1,Clear,0,No,0000000,Not Applicable,99,Unknown,99,Unknown,99,Unknown EMS Scene Arrival Hour,99,Unknown EMS Scene Arrival Minutes,88,"Not Applicable (Not Transported) ",88,Not Applicable (Not Transported),,,,,,,1,
2022,53,530400,Washington,2,2,0,0,0,5,5,7,CHELAN (7),0,NOT APPLICABLE,14,14,8,August,2022,1,Sunday,21,9:00pm-9:59pm,22,22,1,This section IS ON the NHS,1,Rural,3,Principal Arterial - Other,1,State Highway Agency,2,U.S. Highway,US-2,,873,873,47.72191667,47.72191667,-120.736861110,-120.73686111,0,No Special Jurisdiction,12,Motor Vehicle In-Transport,2,Front-to-Front,0,No,1,Non-Junction,1,Not an Intersection,0,None,,,1,On Roadway,2,Dark - Not Lighted,,,,,1,Clear,0,No,0000000,Not Applicable,21,9:00pm-9:59pm,23,23,21,9:00pm-9:59pm,39,39,22,10:00pm-10:59pm,10,10,,,,,,,1,
2022,53,530401,Washington,2,2,0,0,0,2,2,33,KING (33),735,FEDERAL WAY,19,19,8,August,2022,6,Friday,21,9:00pm-9:59pm,35,35,0,This section IS NOT on the NHS,2,Urban,3,Principal Arterial - Other,4,City or Municipal Highway Agency,6,Local Street - Municipality,21ST AVE SW,SW 325th Pl,0,None,47.31008611,47.31008611,-122.360938890,-122.36093889,0,No Special Jurisdiction,12,Motor Vehicle In-Transport,6,Angle,0,No,2,Intersection,2,Four-Way Intersection,0,None,,,1,On Roadway,3,Dark - Lighted,,,,,1,Clear,0,No,0000000,Not Applicable,21,9:00pm-9:59pm,35,35,21,9:00pm-9:59pm,39,39,88,"Not Applicable (Not Transported) ",88,Not Applicable (Not Transported),,,,,,,1,
2022,53,530402,Washington,2,2,0,0,0,8,8,27,GRAYS HARBOR (27),0,NOT APPLICABLE,12,12,8,August,2022,6,Friday,9,9:00am-9:59am,16,16,1,This section IS ON the NHS,1,Rural,3,Principal Arterial - Other,1,State Highway Agency,2,U.S. Highway,US-101,OCEAN BEACH RD,915,915,47.03139444,47.03139444,-123.922194440,-123.92219444,0,No Special Jurisdiction,12,Motor Vehicle In-Transport,6,Angle,0,No,2,Intersection,3,T-Intersection,0,None,,,1,On Roadway,1,Daylight,,,,,10,Cloudy,0,No,0000000,Not Applicable,99,Unknown,99,Unknown,99,Unknown EMS Scene Arrival Hour,99,Unknown EMS Scene Arrival Minutes,99,Unknown,99,Unknown EMS Hospital Arrival Time,,,,,,,1,
2022,53,530403,Washington,1,1,0,0,0,1,1,67,THURSTON (67),0,NOT APPLICABLE,22,22,8,August,2022,2,Monday,7,7:00am-7:59am,30,30,1,This section IS ON the NHS,2,Urban,1,Interstate,1,State Highway Agency,1,Interstate,I-5,,973,973,46.92363611,46.92363611,-122.946158330,-122.94615833,0,No Special Jurisdiction,24,Guardrail Face,0,The First Harmful Event was Not a Collision with a Motor Vehicle in Transport,0,No,1,Non-Junction,1,Not an Intersection,0,None,,,4,On Roadside,1,Daylight,,,,,1,Clear,0,No,0000000,Not Applicable,99,Unknown,99,Unknown,99,Unknown EMS Scene Arrival Hour,99,Unknown EMS Scene Arrival Minutes,88,"Not Applicable (Not Transported) ",88,Not Applicable (Not Transported),,,,,,,1,
2022,53,530404,Washington,3,3,0,0,0,4,4,77,YAKIMA (77),2590,YAKIMA,13,13,8,August,2022,7,Saturday,11,11:00am-11:59am,47,47,1,This section IS ON the NHS,2,Urban,3,Principal Arterial - Other,4,City or Municipal Highway Agency,6,Local Street - Municipality,W LINCOLN AVE,,0,None,46.60342500,46.60342500,-120.526352780,-120.52635278,0,No Special Jurisdiction,12,Motor Vehicle In-Transport,7,Sideswipe - Same Direction,0,No,1,Non-Junction,1,Not an Intersection,0,None,,,1,On Roadway,1,Daylight,,,,,1,Clear,0,No,0000000,Not Applicable,11,11:00am-11:59am,48,48,11,11:00am-11:59am,50,50,12,12:00pm-12:59pm,13,13,,,,,,,1,
2022,53,530405,Washington,1,1,0,0,0,1,1,39,KLICKITAT (39),0,NOT APPLICABLE,17,17,8,August,2022,4,Wednesday,23,11:00pm-11:59pm,56,56,1,This section IS ON the NHS,1,Rural,3,Principal Arterial - Other,1,State Highway Agency,3,State Highway,SR-14,,912,912,45.66351389,45.66351389,-121.002822220,-121.00282222,0,No Special Jurisdiction,24,Guardrail Face,0,The First Harmful Event was Not a Collision with a Motor Vehicle in Transport,0,No,1,Non-Junction,1,Not an Intersection,0,None,,,4,On Roadside,2,Dark - Not Lighted,,,,,1,Clear,0,No,0000000,Not Applicable,99,Unknown,99,Unknown,99,Unknown EMS Scene Arrival Hour,99,Unknown EMS Scene Arrival Minutes,88,"Not Applicable (Not Transported) ",88,Not Applicable (Not Transported),,,,,,,1,
2022,53,530406,Washington,1,1,0,0,0,1,1,73,WHATCOM (73),110,BELLINGHAM,21,21,7,July,2022,5,Thursday,7,7:00am-7:59am,16,16,0,This section IS NOT on the NHS,2,Urban,4,Minor Arterial,4,City or Municipal Highway Agency,6,Local Street - Municipality,LINCOLN ST,,0,None,48.73364167,48.73364167,-122.466500000,-122.46650000,0,No Special Jurisdiction,33,Curb,0,The First Harmful Event was Not a Collision with a Motor Vehicle in Transport,0,No,1,Non-Junction,1,Not an Intersection,0,None,,,4,On Roadside,1,Daylight,,,,,1,Clear,0,No,0000000,Not Applicable,99,Unknown,99,Unknown,99,Unknown EMS Scene Arrival Hour,99,Unknown EMS Scene Arrival Minutes,88,"Not Applicable (Not Transported) ",88,Not Applicable (Not Transported),,,,,,,1,
2022,53,530407,Washington,2,2,0,0,0,3,3,33,KING (33),109,BELLEVUE,15,15,8,August,2022,2,Monday,8,8:00am-8:59am,0,0,0,This section IS NOT on the NHS,2,Urban,4,Minor Arterial,4,City or Municipal Highway Agency,6,Local Street - Municipality,NORTHUP WAY,156th Ave NE,0,None,47.62779167,47.62779167,-122.132300000,-122.13230000,0,No Special Jurisdiction,12,Motor Vehicle In-Transport,6,Angle,0,No,2,Intersection,2,Four-Way Intersection,0,None,,,1,On Roadway,1,Daylight,,,,,1,Clear,0,No,0000000,Not Applicable,8,8:00am-8:59am,2,2,8,8:00am-8:59am,9,9,8,8:00am-8:59am,32,32,,,,,,,1,
2022,53,530408,Washington,2,2,0,0,0,2,2,33,KING (33),735,FEDERAL WAY,23,23,8,August,2022,3,Tuesday,18,6:00pm-6:59pm,29,29,0,This section IS NOT on the NHS,2,Urban,4,Minor Arterial,4,City or Municipal Highway Agency,6,Local Street - Municipality,MILITARY RD S,,0,None,47.34246944,47.34246944,-122.301086110,-122.30108611,0,No Special Jurisdiction,12,Motor Vehicle In-Transport,6,Angle,0,No,8,Driveway Access Related,1,Not an Intersection,0,None,,,1,On Roadway,1,Daylight,,,,,1,Clear,0,No,0000000,Not Applicable,18,6:00pm-6:59pm,31,31,18,6:00pm-6:59pm,35,35,88,"Not Applicable (Not Transported) ",88,Not Applicable (Not Transported),,,,,,,1,
2022,53,530409,Washington,1,1,0,1,1,1,1,33,KING (33),2005,SHORELINE,25,25,8,August,2022,5,Thursday,5,5:00am-5:59am,44,44,1,This section IS ON the NHS,2,Urban,3,Principal Arterial - Other,1,State Highway Agency,3,State Highway,SR-99,,359,359,47.76061667,47.76061667,-122.346183330,-122.34618333,0,No Special Jurisdiction,8,Pedestrian,0,The First Harmful Event was Not a Collision with a Motor Vehicle in Transport,0,No,1,Non-Junction,1,Not an Intersection,0,None,,,1,On Roadway,3,Dark - Lighted,,,,,1,Clear,0,No,0000000,Not Applicable,99,Unknown,99,Unknown,99,Unknown EMS Scene Arrival Hour,99,Unknown EMS Scene Arrival Minutes,88,"Not Applicable (Not Transported) ",88,Not Applicable (Not Transported),,,,,,,1,
2022,53,530410,Washington,1,1,0,0,0,1,1,11,CLARK (11),0,NOT APPLICABLE,16,16,8,August,2022,3,Tuesday,17,5:00pm-5:59pm,18,18,0,This section IS NOT on the NHS,2,Urban,4,Minor Arterial,2,County Highway Agency,4,County Road,CR-NE 99TH ST,,6,6,45.69311944,45.69311944,-122.644888890,-122.64488889,0,No Special Jurisdiction,30,Utility Pole/Light Support,0,The First Harmful Event was Not a Collision with a Motor Vehicle in Transport,0,No,1,Non-Junction,1,Not an Intersection,0,None,,,4,On Roadside,1,Daylight,,,,,1,Clear,0,No,0000000,Not Applicable,99,Unknown,99,Unknown,99,Unknown EMS Scene Arrival Hour,99,Unknown EMS Scene Arrival Minutes,88,"Not Applicable (Not Transported) ",88,Not Applicable (Not Transported),,,,,,,1,
2022,53,530411,Washington,2,2,0,0,0,2,2,7,CHELAN (7),0,NOT APPLICABLE,24,24,8,August,2022,4,Wednesday,9,9:00am-9:59am,32,32,1,This section IS ON the NHS,1,Rural,2,Principal Arterial - Other Freeways and Expressways,1,State Highway Agency,2,U.S. Highway,US-97,,2239,2239,47.85710278,47.85710278,-119.935508330,-119.93550833,0,No Special Jurisdiction,12,Motor Vehicle In-Transport,6,Angle,0,No,1,Non-Junction,1,Not an Intersection,0,None,,,1,On Roadway,1,Daylight,,,,,1,Clear,0,No,0000000,Not Applicable,9,9:00am-9:59am,33,33,9,9:00am-9:59am,43,43,88,"Not Applicable (Not Transported) ",88,Not Applicable (Not Transported),,,,,,,1,
2022,53,530412,Washington,4,2,2,0,0,2,2,53,PIERCE (53),0,NOT APPLICABLE,26,26,8,August,2022,6,Friday,18,6:00pm-6:59pm,50,50,0,This section IS NOT on the NHS,2,Urban,4,Minor Arterial,2,County Highway Agency,4,County Road,CR-PIONEER WAY E,142ND AVE CT E,22,22,47.18053889,47.18053889,-122.239127780,-122.23912778,0,No Special Jurisdiction,12,Motor Vehicle In-Transport,6,Angle,0,No,2,Intersection,3,T-Intersection,0,None,,,1,On Roadway,1,Daylight,,,,,10,Cloudy,0,No,0000000,Not Applicable,18,6:00pm-6:59pm,52,52,18,6:00pm-6:59pm,59,59,19,7:00pm-7:59pm,53,53,,,,,,,1,
2022,53,530413,Washington,1,1,0,0,0,2,2,35,KITSAP (35),0,NOT APPLICABLE,26,26,8,August,2022,6,Friday,13,1:00pm-1:59pm,11,11,0,This section IS NOT on the NHS,1,Rural,5,Major Collector,2,County Highway Agency,4,County Road,CR-CARNEY LAKE RD SW,,14,14,47.42111111,47.42111111,-122.757072220,-122.75707222,0,No Special Jurisdiction,42,Tree (Standing Only),0,The First Harmful Event was Not a Collision with a Motor Vehicle in Transport,0,No,1,Non-Junction,1,Not an Intersection,0,None,,,4,On Roadside,1,Daylight,,,,,10,Cloudy,0,No,0000000,Not Applicable,13,1:00pm-1:59pm,26,26,13,1:00pm-1:59pm,39,39,14,2:00pm-2:59pm,21,21,,,,,,,1,
2022,53,530414,Washington,1,1,0,0,0,1,1,33,KING (33),2310,TUKWILA,22,22,8,August,2022,2,Monday,22,10:00pm-10:59pm,20,20,1,This section IS ON the NHS,2,Urban,2,Principal Arterial - Other Freeways and Expressways,1,State Highway Agency,3,State Highway,SR-599,,17,17,47.49747222,47.49747222,-122.294044440,-122.29404444,0,No Special Jurisdiction,33,Curb,0,The First Harmful Event was Not a Collision with a Motor Vehicle in Transport,0,No,1,Non-Junction,1,Not an Intersection,0,None,,,4,On Roadside,3,Dark - Lighted,,,,,1,Clear,0,No,0000000,Not Applicable,99,Unknown,99,Unknown,99,Unknown EMS Scene Arrival Hour,99,Unknown EMS Scene Arrival Minutes,88,"Not Applicable (Not Transported) ",88,Not Applicable (Not Transported),,,,,,,1,
2022,53,530415,Washington,3,3,0,0,0,3,3,53,PIERCE (53),0,NOT APPLICABLE,19,19,8,August,2022,6,Friday,20,8:00pm-8:59pm,24,24,0,This section IS NOT on the NHS,1,Rural,4,Minor Arterial,1,State Highway Agency,3,State Highway,SR-702,8TH AVE CT E,63,63,46.93693889,46.93693889,-122.420861110,-122.42086111,0,No Special Jurisdiction,12,Motor Vehicle In-Transport,6,Angle,0,No,2,Intersection,3,T-Intersection,0,None,,,1,On Roadway,1,Daylight,,,,,1,Clear,0,No,0000000,Not Applicable,20,8:00pm-8:59pm,23,23,20,8:00pm-8:59pm,44,44,21,9:00pm-9:59pm,56,56,,,,,,,1,
2022,53,530416,Washington,1,1,0,0,0,1,1,53,PIERCE (53),0,NOT APPLICABLE,27,27,8,August,2022,7,Saturday,0,0:00am-0:59am,20,20,0,This section IS NOT on the NHS,2,Urban,4,Minor Arterial,1,State Highway Agency,3,State Highway,SR-165,,184,184,47.12505000,47.12505000,-122.049705560,-122.04970556,0,No Special Jurisdiction,43,Other Fixed Object,0,The First Harmful Event was Not a Collision with a Motor Vehicle in Transport,0,No,1,Non-Junction,1,Not an Intersection,0,None,,,4,On Roadside,2,Dark - Not Lighted,,,,,1,Clear,0,No,0000000,Not Applicable,0,0:00am-0:59am,22,22,0,0:00am-0:59am,34,34,88,"Not Applicable (Not Transported) ",88,Not Applicable (Not Transported),,,,,,,1,
2022,53,530417,Washington,1,1,0,0,0,1,1,33,KING (33),100,AUBURN,28,28,8,August,2022,1,Sunday,3,3:00am-3:59am,38,38,1,This section IS ON the NHS,2,Urban,2,Principal Arterial - Other Freeways and Expressways,1,State Highway Agency,3,State Highway,SR-167,,183,183,47.34076389,47.34076389,-122.244591670,-122.24459167,0,No Special Jurisdiction,1,Rollover/Overturn,0,The First Harmful Event was Not a Collision with a Motor Vehicle in Transport,0,No,1,Non-Junction,1,Not an Intersection,0,None,,,4,On Roadside,2,Dark - Not Lighted,,,,,1,Clear,0,No,0000000,Not Applicable,99,Unknown,99,Unknown,99,Unknown EMS Scene Arrival Hour,99,Unknown EMS Scene Arrival Minutes,88,"Not Applicable (Not Transported) ",88,Not Applicable (Not Transported),,,,,,,1,
2022,53,530418,Washington,1,1,0,0,0,1,1,77,YAKIMA (77),0,NOT APPLICABLE,30,30,8,August,2022,3,Tuesday,12,12:00pm-12:59pm,21,21,0,This section IS NOT on the NHS,1,Rural,7,Local,2,County Highway Agency,4,County Road,CR-COTTONWOOD CANYON RD,,72,72,46.55020556,46.55020556,-120.792288890,-120.79228889,0,No Special Jurisdiction,35,Embankment,0,The First Harmful Event was Not a Collision with a Motor Vehicle in Transport,0,No,1,Non-Junction,1,Not an Intersection,0,None,,,4,On Roadside,1,Daylight,,,,,1,Clear,0,No,0000000,Not Applicable,99,Unknown,99,Unknown,99,Unknown EMS Scene Arrival Hour,99,Unknown EMS Scene Arrival Minutes,88,"Not Applicable (Not Transported) ",88,Not Applicable (Not Transported),,,,,,,1,
2022,53,530419,Washington,1,1,0,1,1,1,1,37,KITTITAS (37),620,ELLENSBURG,29,29,8,August,2022,2,Monday,16,4:00pm-4:59pm,22,22,0,This section IS NOT on the NHS,2,Urban,3,Principal Arterial - Other,4,City or Municipal Highway Agency,6,Local Street - Municipality,W CAPITOL AVE,S Water St,0,None,46.99126944,46.99126944,-120.549780560,-120.54978056,0,No Special Jurisdiction,8,Pedestrian,0,The First Harmful Event was Not a Collision with a Motor Vehicle in Transport,0,No,3,Intersection-Related,2,Four-Way Intersection,0,None,,,1,On Roadway,1,Daylight,,,,,1,Clear,0,No,0000000,Not Applicable,99,Unknown,99,Unknown,99,Unknown EMS Scene Arrival Hour,99,Unknown EMS Scene Arrival Minutes,99,Unknown,99,Unknown EMS Hospital Arrival Time,,,,,,,1,
2022,53,530420,Washington,1,1,0,0,0,1,1,17,DOUGLAS (17),0,NOT APPLICABLE,13,13,8,August,2022,7,Saturday,1,1:00am-1:59am,57,57,0,This section IS NOT on the NHS,1,Rural,4,Minor Arterial,1,State Highway Agency,3,State Highway,SR-17,,945,945,47.66856389,47.66856389,-119.361952780,-119.36195278,0,No Special Jurisdiction,1,Rollover/Overturn,0,The First Harmful Event was Not a Collision with a Motor Vehicle in Transport,0,No,1,Non-Junction,1,Not an Intersection,0,None,,,4,On Roadside,2,Dark - Not Lighted,,,,,1,Clear,0,No,0000000,Not Applicable,99,Unknown,99,Unknown,99,Unknown EMS Scene Arrival Hour,99,Unknown EMS Scene Arrival Minutes,88,"Not Applicable (Not Transported) ",88,Not Applicable (Not Transported),,,,,,,1,
2022,53,530421,Washington,2,2,0,0,0,3,3,63,SPOKANE (63),2113,SPOKANE VALLEY,30,30,8,August,2022,3,Tuesday,6,6:00am-6:59am,26,26,0,This section IS NOT on the NHS,2,Urban,3,Principal Arterial - Other,1,State Highway Agency,3,State Highway,SR-290,,108,108,47.69611389,47.69611389,-117.187816670,-117.18781667,0,No Special Jurisdiction,12,Motor Vehicle In-Transport,6,Angle,0,No,8,Driveway Access Related,1,Not an Intersection,0,None,,,1,On Roadway,1,Daylight,,,,,1,Clear,0,No,0000000,Not Applicable,6,6:00am-6:59am,30,30,6,6:00am-6:59am,43,43,7,7:00am-7:59am,3,3,,,,,,,2,
2022,53,530422,Washington,1,1,0,0,0,2,2,27,GRAYS HARBOR (27),0,NOT APPLICABLE,22,22,8,August,2022,2,Monday,16,4:00pm-4:59pm,21,21,0,This section IS NOT on the NHS,6,Trafficway Not in State Inventory,96,Trafficway Not in State Inventory,96,Trafficway Not in State Inventory,8,Other,QUINAULT BEACH CASINO ACCESS,,99998,Not Reported,47.03772778,47.03772778,-124.164658330,-124.16465833,3,Indian Reservation,24,Guardrail Face,0,The First Harmful Event was Not a Collision with a Motor Vehicle in Transport,0,No,1,Non-Junction,1,Not an Intersection,0,None,,,4,On Roadside,1,Daylight,,,,,1,Clear,0,No,0000000,Not Applicable,16,4:00pm-4:59pm,21,21,16,4:00pm-4:59pm,31,31,88,"Not Applicable (Not Transported) ",88,Not Applicable (Not Transported),,,,,,,1,
2022,53,530423,Washington,2,2,0,0,0,4,4,63,SPOKANE (63),2110,SPOKANE,13,13,8,August,2022,7,Saturday,20,8:00pm-8:59pm,10,10,1,This section IS ON the NHS,2,Urban,3,Principal Arterial - Other,1,State Highway Agency,2,U.S. Highway,US-2,,2818,2818,47.69728333,47.69728333,-117.411102780,-117.41110278,0,No Special Jurisdiction,12,Motor Vehicle In-Transport,6,Angle,0,No,8,Driveway Access Related,1,Not an Intersection,0,None,,,1,On Roadway,5,Dusk,,,,,1,Clear,0,No,0000000,Not Applicable,99,Unknown,99,Unknown,99,Unknown EMS Scene Arrival Hour,99,Unknown EMS Scene Arrival Minutes,99,Unknown,99,Unknown EMS Hospital Arrival Time,,,,,,,1,
2022,53,530424,Washington,2,2,0,0,0,2,2,59,SKAMANIA (59),0,NOT APPLICABLE,24,24,8,August,2022,4,Wednesday,16,4:00pm-4:59pm,0,0,0,This section IS NOT on the NHS,1,Rural,6,Minor Collector,2,County Highway Agency,4,County Road,CR-METZGER RD,NOBLE FIR DRIVE,99999,Unknown,45.74114167,45.74114167,-121.825600000,-121.82560000,0,No Special Jurisdiction,12,Motor Vehicle In-Transport,6,Angle,0,No,2,Intersection,3,T-Intersection,0,None,,,1,On Roadway,1,Daylight,,,,,1,Clear,0,No,0000000,Not Applicable,99,Unknown,99,Unknown,99,Unknown EMS Scene Arrival Hour,99,Unknown EMS Scene Arrival Minutes,88,"Not Applicable (Not Transported) ",88,Not Applicable (Not Transported),,,,,,,1,
2022,53,530425,Washington,2,2,0,0,0,2,2,53,PIERCE (53),2230,TACOMA,1,1,9,September,2022,5,Thursday,15,3:00pm-3:59pm,26,26,0,This section IS NOT on the NHS,2,Urban,7,Local,4,City or Municipal Highway Agency,6,Local Street - Municipality,E D ST,E 34th St,0,None,47.23089167,47.23089167,-122.427277780,-122.42727778,0,No Special Jurisdiction,12,Motor Vehicle In-Transport,6,Angle,0,No,2,Intersection,2,Four-Way Intersection,0,None,,,1,On Roadway,1,Daylight,,,,,1,Clear,0,No,0000000,Not Applicable,99,Unknown,99,Unknown,99,Unknown EMS Scene Arrival Hour,99,Unknown EMS Scene Arrival Minutes,88,"Not Applicable (Not Transported) ",88,Not Applicable (Not Transported),,,,,,,1,
2022,53,530426,Washington,1,1,0,0,0,1,1,47,OKANOGAN (47),0,NOT APPLICABLE,28,28,8,August,2022,1,Sunday,14,2:00pm-2:59pm,25,25,0,This section IS NOT on the NHS,1,Rural,7,Local,2,County Highway Agency,4,County Road,CR-N STAR RD,,25,25,48.13392222,48.13392222,-119.770080560,-119.77008056,0,No Special Jurisdiction,1,Rollover/Overturn,0,The First Harmful Event was Not a Collision with a Motor Vehicle in Transport,0,No,1,Non-Junction,1,Not an Intersection,0,None,,,4,On Roadside,1,Daylight,,,,,1,Clear,0,No,0000000,Not Applicable,99,Unknown,99,Unknown,99,Unknown EMS Scene Arrival Hour,99,Unknown EMS Scene Arrival Minutes,99,Unknown,99,Unknown EMS Hospital Arrival Time,,,,,,,1,
2022,53,530427,Washington,1,1,0,0,0,1,1,61,SNOHOMISH (61),0,NOT APPLICABLE,25,25,8,August,2022,5,Thursday,13,1:00pm-1:59pm,0,0,0,This section IS NOT on the NHS,1,Rural,5,Major Collector,2,County Highway Agency,4,County Road,CR-MOUNTAIN LOOP HWY,,132,132,48.08349167,48.08349167,-121.756072220,-121.75607222,0,No Special Jurisdiction,1,Rollover/Overturn,0,The First Harmful Event was Not a Collision with a Motor Vehicle in Transport,0,No,1,Non-Junction,1,Not an Intersection,0,None,,,1,On Roadway,1,Daylight,,,,,1,Clear,0,No,0000000,Not Applicable,99,Unknown,99,Unknown,99,Unknown EMS Scene Arrival Hour,99,Unknown EMS Scene Arrival Minutes,99,Unknown,99,Unknown EMS Hospital Arrival Time,,,,,,,1,
2022,53,530428,Washington,1,1,0,1,1,1,1,33,KING (33),1960,SEATTLE,15,15,7,July,2022,6,Friday,18,6:00pm-6:59pm,55,55,0,This section IS NOT on the NHS,2,Urban,5,Major Collector,4,City or Municipal Highway Agency,6,Local Street - Municipality,SW SPOKANE ST,11TH AVE SW,0,None,47.57145556,47.57145556,-122.348683330,-122.34868333,0,No Special Jurisdiction,9,Pedalcyclist,0,The First Harmful Event was Not a Collision with a Motor Vehicle in Transport,0,No,2,Intersection,3,T-Intersection,0,None,,,1,On Roadway,1,Daylight,,,,,1,Clear,0,No,0000000,Not Applicable,18,6:00pm-6:59pm,56,56,19,7:00pm-7:59pm,6,6,88,"Not Applicable (Not Transported) ",88,Not Applicable (Not Transported),,,,,,,1,
2022,53,530429,Washington,2,2,0,0,0,2,2,47,OKANOGAN (47),0,NOT APPLICABLE,14,14,8,August,2022,1,Sunday,17,5:00pm-5:59pm,31,31,0,This section IS NOT on the NHS,1,Rural,4,Minor Arterial,1,State Highway Agency,3,State Highway,SR-153,,18,18,48.05320000,48.05320000,-119.936058330,-119.93605833,0,No Special Jurisdiction,12,Motor Vehicle In-Transport,2,Front-to-Front,0,No,1,Non-Junction,1,Not an Intersection,0,None,,,1,On Roadway,1,Daylight,,,,,1,Clear,0,No,0000000,Not Applicable,17,5:00pm-5:59pm,26,26,17,5:00pm-5:59pm,39,39,17,5:00pm-5:59pm,58,58,,,,,,,1,
2022,53,530430,Washington,1,1,0,0,0,1,1,11,CLARK (11),0,NOT APPLICABLE,3,3,9,September,2022,7,Saturday,17,5:00pm-5:59pm,55,55,0,This section IS NOT on the NHS,1,Rural,5,Major Collector,2,County Highway Agency,4,County Road,CR-NE LUCIA FALLS RD,,3,3,45.83417778,45.83417778,-122.488227780,-122.48822778,0,No Special Jurisdiction,31,"Post, Pole or Other Supports",0,The First Harmful Event was Not a Collision with a Motor Vehicle in Transport,0,No,1,Non-Junction,1,Not an Intersection,0,None,,,4,On Roadside,1,Daylight,,,,,1,Clear,0,No,0000000,Not Applicable,17,5:00pm-5:59pm,55,55,18,6:00pm-6:59pm,4,4,88,"Not Applicable (Not Transported) ",88,Not Applicable (Not Transported),,,,,,,1,