caseyear,state,st_case,statename,ve_total,ve_forms,pvh_invl,peds,pernotmvit,permvit,persons,county,countyname,city,cityname,day,dayname,month,monthname,year,day_week,day_weekname,hour,hourname,minute,minutename,nhs,nhsname,rur_urb,rur_urbname,func_sys,func_sysname,rd_owner,rd_ownername,route,routename,tway_id,tway_id2,milept,mileptname,latitude,latitudename,longitud,longitudname,sp_jur,sp_jurname,harm_ev,harm_evname,man_coll,man_collname,reljct1,reljct1name,reljct2,reljct2name,typ_int,typ_intname,wrk_zone,wrk_zonename,road_fnc,road_fncname,rel_road,rel_roadname,lgt_cond,lgt_condname,weather1,weather1name,weather2,weather2name,weather,weathername,sch_bus,sch_busname,rail,railname,not_hour,not_hourname,not_min,not_minname,arr_hour,arr_hourname,arr_min,arr_minname,hosp_hr,hosp_hrname,hosp_mn,hosp_mnname,cf1,cf1name,cf2,cf2name,cf3,cf3name,fatals,drunk_dr
2022,53,530625,Washington,1,1,0,0,0,1,1,67,THURSTON (67),1102,LACEY,28,28,9,September,2022,4,Wednesday,14,2:00pm-2:59pm,19,19,0,This section IS NOT on the NHS,2,Urban,7,Local,4,City or Municipal Highway Agency,6,Local Street - Municipality,HAWKS PRAIRIE RD NE,,0,None,47.08381667,47.08381667,-122.771172220,-122.77117222,0,No Special Jurisdiction,33,Curb,0,The First Harmful Event was Not a Collision with a Motor Vehicle in Transport,0,No,1,Non-Junction,1,Not an Intersection,0,None,,,4,On Roadside,1,Daylight,,,,,1,Clear,0,No,0000000,Not Applicable,99,Unknown,99,Unknown,99,Unknown EMS Scene Arrival Hour,99,Unknown EMS Scene Arrival Minutes,88,"Not Applicable (Not Transported) ",88,Not Applicable (Not Transported),,,,,,,1,
2022,53,530626,Washington,2,2,0,0,0,4,4,63,SPOKANE (63),0,NOT APPLICABLE,2,2,12,December,2022,6,Friday,15,3:00pm-3:59pm,52,52,1,This section IS ON the NHS,1,Rural,3,Principal Arterial - Other,1,State Highway Agency,2,U.S. Highway,US-395,,1797,1797,47.88651944,47.88651944,-117.424147220,-117.42414722,0,No Special Jurisdiction,12,Motor Vehicle In-Transport,2,Front-to-Front,0,No,1,Non-Junction,1,Not an Intersection,0,None,,,1,On Roadway,1,Daylight,,,,,10,Cloudy,0,No,0000000,Not Applicable,99,Unknown,99,Unknown,99,Unknown EMS Scene Arrival Hour,99,Unknown EMS Scene Arrival Minutes,88,"Not Applicable (Not Transported) ",88,Not Applicable (Not Transported),,,,,,,1,
2022,53,530627,Washington,1,1,0,1,1,1,1,25,GRANT (25),1390,MOSES LAKE,29,29,11,November,2022,3,Tuesday,0,0:00am-0:59am,47,47,1,This section IS ON the NHS,2,Urban,2,Principal Arterial - Other Freeways and Expressways,1,State Highway Agency,3,State Highway,SR-17,,439,439,47.10613889,47.10613889,-119.251952780,-119.25195278,0,No Special Jurisdiction,8,Pedestrian,0,The First Harmful Event was Not a Collision with a Motor Vehicle in Transport,0,No,1,Non-Junction,1,Not an Intersection,0,None,,,1,On Roadway,3,Dark - Lighted,,,,,1,Clear,0,No,0000000,Not Applicable,99,Unknown,99,Unknown,99,Unknown EMS Scene Arrival Hour,99,Unknown EMS Scene Arrival Minutes,88,"Not Applicable (Not Transported) ",88,Not Applicable (Not Transported),,,,,,,1,
2022,53,530628,Washington,3,2,1,0,1,2,3,71,WALLA WALLA (71),0,NOT APPLICABLE,2,2,12,December,2022,6,Friday,8,8:00am-8:59am,3,3,0,This section IS NOT on the NHS,2,Urban,4,Minor Arterial,2,County Highway Agency,4,County Road,CR-WALLULA AVE,NW EVANS AVE,18,18,46.05661111,46.05661111,-118.395172220,-118.39517222,0,No Special Jurisdiction,12,Motor Vehicle In-Transport,6,Angle,0,No,2,Intersection,2,Four-Way Intersection,0,None,,,1,On Roadway,1,Daylight,,,,,1,Clear,0,No,0000000,Not Applicable,8,8:00am-8:59am,5,5,8,8:00am-8:59am,16,16,8,8:00am-8:59am,33,33,,,,,,,1,
2022,53,530629,Washington,2,2,0,0,0,3,3,61,SNOHOMISH (61),1120,LAKE STEVENS,24,24,11,November,2022,5,Thursday,13,1:00pm-1:59pm,18,18,0,This section IS NOT on the NHS,2,Urban,4,Minor Arterial,1,State Highway Agency,3,State Highway,SR-92,LAKE DR,2,2,48.02819444,48.02819444,-122.106391670,-122.10639167,0,No Special Jurisdiction,12,Motor Vehicle In-Transport,2,Front-to-Front,0,No,2,Intersection,3,T-Intersection,0,None,,,1,On Roadway,1,Daylight,,,,,1,Clear,0,No,0000000,Not Applicable,13,1:00pm-1:59pm,29,29,13,1:00pm-1:59pm,34,34,14,2:00pm-2:59pm,6,6,,,,,,,1,
2022,53,530630,Washington,1,1,0,0,0,1,1,63,SPOKANE (63),0,NOT APPLICABLE,3,3,12,December,2022,7,Saturday,23,11:00pm-11:59pm,0,0,0,This section IS NOT on the NHS,1,Rural,6,Minor Collector,2,County Highway Agency,4,County Road,CR-N WOOD RD,,64,64,47.73104167,47.73104167,-117.728547220,-117.72854722,0,No Special Jurisdiction,42,Tree (Standing Only),0,The First Harmful Event was Not a Collision with a Motor Vehicle in Transport,0,No,1,Non-Junction,1,Not an Intersection,0,None,,,4,On Roadside,2,Dark - Not Lighted,,,,,1,Clear,0,No,0000000,Not Applicable,23,11:00pm-11:59pm,21,21,23,11:00pm-11:59pm,44,44,0,0:00am-0:59am,35,35,,,,,,,1,
2022,53,530631,Washington,1,1,0,1,1,1,1,33,KING (33),1030,KENT,29,29,11,November,2022,3,Tuesday,2,2:00am-2:59am,32,32,1,This section IS ON the NHS,2,Urban,1,Interstate,1,State Highway Agency,1,Interstate,I-5 RAMP,SR-516,0,None,47.39123889,47.39123889,-122.289055560,-122.28905556,0,No Special Jurisdiction,8,Pedestrian,0,The First Harmful Event was Not a Collision with a Motor Vehicle in Transport,1,Yes,3,Intersection-Related,3,T-Intersection,0,None,,,1,On Roadway,3,Dark - Lighted,,,,,10,Cloudy,0,No,0000000,Not Applicable,99,Unknown,99,Unknown,99,Unknown EMS Scene Arrival Hour,99,Unknown EMS Scene Arrival Minutes,88,"Not Applicable (Not Transported) ",88,Not Applicable (Not Transported),,,,,,,1,
2022,53,530633,Washington,2,2,0,0,0,2,2,61,SNOHOMISH (61),0,NOT APPLICABLE,27,27,6,June,2022,2,Monday,22,10:00pm-10:59pm,5,5,0,This section IS NOT on the NHS,1,Rural,4,Minor Arterial,2,County Highway Agency,4,County Road,CR-84TH ST NE,,30,30,48.07226667,48.07226667,-122.047302780,-122.04730278,0,No Special Jurisdiction,12,Motor Vehicle In-Transport,2,Front-to-Front,0,No,1,Non-Junction,1,Not an Intersection,0,None,,,1,On Roadway,2,Dark - Not Lighted,,,,,1,Clear,0,No,0000000,Not Applicable,22,10:00pm-10:59pm,10,10,22,10:00pm-10:59pm,16,16,22,10:00pm-10:59pm,58,58,,,,,,,1,
2022,53,530634,Washington,2,2,0,0,0,2,2,61,SNOHOMISH (61),0,NOT APPLICABLE,13,13,11,November,2022,1,Sunday,20,8:00pm-8:59pm,9,9,0,This section IS NOT on the NHS,2,Urban,4,Minor Arterial,2,County Highway Agency,4,County Road,CR-140TH ST NE,,82,82,48.12293889,48.12293889,-122.190719440,-122.19071944,0,No Special Jurisdiction,12,Motor Vehicle In-Transport,1,Front-to-Rear,0,No,1,Non-Junction,1,Not an Intersection,0,None,,,1,On Roadway,3,Dark - Lighted,,,,,1,Clear,0,No,0000000,Not Applicable,20,8:00pm-8:59pm,12,12,20,8:00pm-8:59pm,20,20,20,8:00pm-8:59pm,55,55,,,,,,,1,
2022,53,530635,Washington,3,3,0,0,0,3,3,33,KING (33),1030,KENT,2,2,12,December,2022,6,Friday,17,5:00pm-5:59pm,34,34,0,This section IS NOT on the NHS,2,Urban,4,Minor Arterial,4,City or Municipal Highway Agency,6,Local Street - Municipality,CENTRAL AVE S,,0,None,47.36422778,47.36422778,-122.229905560,-122.22990556,0,No Special Jurisdiction,12,Motor Vehicle In-Transport,6,Angle,0,No,8,Driveway Access Related,1,Not an Intersection,0,None,,,1,On Roadway,3,Dark - Lighted,,,,,10,Cloudy,0,No,0000000,Not Applicable,17,5:00pm-5:59pm,35,35,17,5:00pm-5:59pm,45,45,18,6:00pm-6:59pm,8,8,,,,,,,1,
2022,53,530637,Washington,2,2,0,0,0,7,7,25,GRANT (25),0,NOT APPLICABLE,6,6,12,December,2022,3,Tuesday,6,6:00am-6:59am,45,45,0,This section IS NOT on the NHS,1,Rural,5,Major Collector,2,County Highway Agency,4,County Road,CR-ADAMS RD N,,139,139,47.09283333,47.09283333,-119.769119440,-119.76911944,0,No Special Jurisdiction,12,Motor Vehicle In-Transport,6,Angle,0,No,1,Non-Junction,1,Not an Intersection,0,None,,,1,On Roadway,4,Dawn,,,,,5,"Fog, Smog, Smoke",0,No,0000000,Not Applicable,99,Unknown,99,Unknown,99,Unknown EMS Scene Arrival Hour,99,Unknown EMS Scene Arrival Minutes,99,Unknown,99,Unknown EMS Hospital Arrival Time,,,,,,,2,
2022,53,530638,Washington,1,1,0,1,1,1,1,67,THURSTON (67),1590,OLYMPIA,18,18,11,November,2022,6,Friday,19,7:00pm-7:59pm,8,8,0,This section IS NOT on the NHS,2,Urban,4,Minor Arterial,4,City or Municipal Highway Agency,6,Local Street - Municipality,LILLY RD NE,,0,None,47.06569722,47.06569722,-122.844322220,-122.84432222,0,No Special Jurisdiction,8,Pedestrian,0,The First Harmful Event was Not a Collision with a Motor Vehicle in Transport,0,No,1,Non-Junction,1,Not an Intersection,0,None,,,1,On Roadway,3,Dark - Lighted,,,,,1,Clear,0,No,0000000,Not Applicable,99,Unknown,99,Unknown,99,Unknown EMS Scene Arrival Hour,99,Unknown EMS Scene Arrival Minutes,88,"Not Applicable (Not Transported) ",88,Not Applicable (Not Transported),,,,,,,1,
2022,53,530639,Washington,1,1,0,0,0,1,1,5,BENTON (5),0,NOT APPLICABLE,10,10,12,December,2022,7,Saturday,4,4:00am-4:59am,33,33,1,This section IS ON the NHS,1,Rural,1,Interstate,1,State Highway Agency,1,Interstate,I-82,,1160,1160,46.11889722,46.11889722,-119.202263890,-119.20226389,0,No Special Jurisdiction,1,Rollover/Overturn,0,The First Harmful Event was Not a Collision with a Motor Vehicle in Transport,0,No,1,Non-Junction,1,Not an Intersection,0,None,,,3,On Median,2,Dark - Not Lighted,,,,,3,Sleet or Hail,0,No,0000000,Not Applicable,4,4:00am-4:59am,31,31,5,5:00am-5:59am,14,14,88,"Not Applicable (Not Transported) ",88,Not Applicable (Not Transported),,,,,,,1,
2022,53,530640,Washington,4,4,0,0,0,5,5,33,KING (33),1960,SEATTLE,3,3,11,November,2022,5,Thursday,0,0:00am-0:59am,46,46,0,This section IS NOT on the NHS,2,Urban,3,Principal Arterial - Other,4,City or Municipal Highway Agency,6,Local Street - Municipality,NE 130TH ST,,0,None,47.72323056,47.72323056,-122.323805560,-122.32380556,0,No Special Jurisdiction,12,Motor Vehicle In-Transport,6,Angle,1,Yes,18,Through Roadway,1,Not an Intersection,0,None,,,1,On Roadway,3,Dark - Lighted,,,,,1,Clear,0,No,0000000,Not Applicable,99,Unknown,99,Unknown,99,Unknown EMS Scene Arrival Hour,99,Unknown EMS Scene Arrival Minutes,99,Unknown,99,Unknown EMS Hospital Arrival Time,,,,,,,1,
2022,53,530642,Washington,2,2,0,0,0,2,2,27,GRAYS HARBOR (27),0,NOT APPLICABLE,18,18,8,August,2022,5,Thursday,11,11:00am-11:59am,30,30,1,This section IS ON the NHS,2,Urban,2,Principal Arterial - Other Freeways and Expressways,1,State Highway Agency,2,U.S. Highway,US-12,MONTE BRADY RD,125,125,46.98329722,46.98329722,-123.559272220,-123.55927222,0,No Special Jurisdiction,12,Motor Vehicle In-Transport,6,Angle,0,No,2,Intersection,2,Four-Way Intersection,0,None,,,1,On Roadway,1,Daylight,,,,,1,Clear,0,No,0000000,Not Applicable,11,11:00am-11:59am,28,28,11,11:00am-11:59am,41,41,12,12:00pm-12:59pm,10,10,,,,,,,1,
2022,53,530643,Washington,1,1,0,1,1,1,1,1,ADAMS (1),0,NOT APPLICABLE,9,9,9,September,2022,6,Friday,20,8:00pm-8:59pm,44,44,0,This section IS NOT on the NHS,1,Rural,6,Minor Collector,2,County Highway Agency,4,County Road,CR-S TAYLOR RD,,10,10,46.78165833,46.78165833,-119.197433330,-119.19743333,0,No Special Jurisdiction,9,Pedalcyclist,0,The First Harmful Event was Not a Collision with a Motor Vehicle in Transport,0,No,1,Non-Junction,1,Not an Intersection,0,None,,,1,On Roadway,2,Dark - Not Lighted,,,,,1,Clear,0,No,0000000,Not Applicable,99,Unknown,99,Unknown,99,Unknown EMS Scene Arrival Hour,99,Unknown EMS Scene Arrival Minutes,88,"Not Applicable (Not Transported) ",88,Not Applicable (Not Transported),,,,,,,1,
2022,53,530644,Washington,1,1,0,0,0,1,1,33,KING (33),100,AUBURN,12,12,12,December,2022,2,Monday,10,10:00am-10:59am,32,32,0,This section IS NOT on the NHS,2,Urban,4,Minor Arterial,4,City or Municipal Highway Agency,6,Local Street - Municipality,LEA HILL RD SE,,0,None,47.31583889,47.31583889,-122.202627780,-122.20262778,0,No Special Jurisdiction,34,Ditch,0,The First Harmful Event was Not a Collision with a Motor Vehicle in Transport,0,No,1,Non-Junction,1,Not an Intersection,0,None,,,4,On Roadside,1,Daylight,,,,,2,Rain,0,No,0000000,Not Applicable,99,Unknown,99,Unknown,99,Unknown EMS Scene Arrival Hour,99,Unknown EMS Scene Arrival Minutes,88,"Not Applicable (Not Transported) ",88,Not Applicable (Not Transported),,,,,,,1,
2022,53,530645,Washington,1,1,0,1,1,1,1,5,BENTON (5),1020,KENNEWICK,6,6,12,December,2022,3,Tuesday,14,2:00pm-2:59pm,46,46,0,This section IS NOT on the NHS,2,Urban,4,Minor Arterial,4,City or Municipal Highway Agency,6,Local Street - Municipality,W 4TH AVE,S Olympia St,0,None,46.20577500,46.20577500,-119.137841670,-119.13784167,0,No Special Jurisdiction,8,Pedestrian,0,The First Harmful Event was Not a Collision with a Motor Vehicle in Transport,0,No,3,Intersection-Related,2,Four-Way Intersection,0,None,,,1,On Roadway,1,Daylight,,,,,1,Clear,0,No,0000000,Not Applicable,14,2:00pm-2:59pm,51,51,14,2:00pm-2:59pm,55,55,15,3:00pm-3:59pm,17,17,,,,,,,1,
2022,53,530646,Washington,2,2,0,0,0,4,4,11,CLARK (11),0,NOT APPLICABLE,29,29,11,November,2022,3,Tuesday,14,2:00pm-2:59pm,10,10,1,This section IS ON the NHS,1,Rural,3,Principal Arterial - Other,1,State Highway Agency,3,State Highway,SR-14,,215,215,45.55964167,45.55964167,-122.249069440,-122.24906944,0,No Special Jurisdiction,12,Motor Vehicle In-Transport,2,Front-to-Front,0,No,1,Non-Junction,1,Not an Intersection,0,None,,,1,On Roadway,1,Daylight,,,,,2,Rain,0,No,0000000,Not Applicable,14,2:00pm-2:59pm,10,10,14,2:00pm-2:59pm,18,18,14,2:00pm-2:59pm,57,57,,,,,,,1,
2022,53,530647,Washington,2,2,0,0,0,2,2,11,CLARK (11),2370,VANCOUVER,11,11,12,December,2022,1,Sunday,1,1:00am-1:59am,56,56,0,This section IS NOT on the NHS,2,Urban,5,Major Collector,4,City or Municipal Highway Agency,6,Local Street - Municipality,E 18TH ST,Brandt Rd,0,None,45.63473611,45.63473611,-122.629805560,-122.62980556,0,No Special Jurisdiction,12,Motor Vehicle In-Transport,6,Angle,0,No,2,Intersection,2,Four-Way Intersection,0,None,,,1,On Roadway,3,Dark - Lighted,,,,,10,Cloudy,0,No,0000000,Not Applicable,99,Unknown,99,Unknown,99,Unknown EMS Scene Arrival Hour,99,Unknown EMS Scene Arrival Minutes,88,"Not Applicable (Not Transported) ",88,Not Applicable (Not Transported),,,,,,,1,
2022,53,530648,Washington,2,2,0,0,0,4,4,7,CHELAN (7),0,NOT APPLICABLE,14,14,12,December,2022,4,Wednesday,9,9:00am-9:59am,10,10,1,This section IS ON the NHS,1,Rural,3,Principal Arterial - Other,1,State Highway Agency,2,U.S. Highway,US-97,,1551,1551,47.39666667,47.39666667,-120.617102780,-120.61710278,0,No Special Jurisdiction,12,Motor Vehicle In-Transport,2,Front-to-Front,0,No,1,Non-Junction,1,Not an Intersection,0,None,,,1,On Roadway,1,Daylight,,,,,10,Cloudy,0,No,0000000,Not Applicable,9,9:00am-9:59am,19,19,9,9:00am-9:59am,46,46,10,10:00am-10:59am,22,22,,,,,,,1,
2022,53,530649,Washington,1,1,0,1,1,1,1,33,KING (33),229,BURIEN,12,12,12,December,2022,2,Monday,17,5:00pm-5:59pm,6,6,0,This section IS NOT on the NHS,2,Urban,4,Minor Arterial,4,City or Municipal Highway Agency,6,Local Street - Municipality,DES MOINES MEMORIAL DR S,,0,None,47.49146944,47.49146944,-122.310050000,-122.31005000,0,No Special Jurisdiction,8,Pedestrian,0,The First Harmful Event was Not a Collision with a Motor Vehicle in Transport,0,No,1,Non-Junction,1,Not an Intersection,0,None,,,4,On Roadside,9,Reported as Unknown,,,,,10,Cloudy,0,No,0000000,Not Applicable,99,Unknown,99,Unknown,99,Unknown EMS Scene Arrival Hour,99,Unknown EMS Scene Arrival Minutes,88,"Not Applicable (Not Transported) ",88,Not Applicable (Not Transported),,,,,,,1,
2022,53,530650,Washington,2,2,0,0,0,2,2,57,SKAGIT (57),0,NOT APPLICABLE,16,16,12,December,2022,6,Friday,17,5:00pm-5:59pm,37,37,0,This section IS NOT on the NHS,1,Rural,5,Major Collector,1,State Highway Agency,3,State Highway,SR-9,MOSIER,591,591,48.54311389,48.54311389,-122.225777780,-122.22577778,0,No Special Jurisdiction,12,Motor Vehicle In-Transport,6,Angle,0,No,2,Intersection,2,Four-Way Intersection,0,None,,,1,On Roadway,2,Dark - Not Lighted,,,,,5,"Fog, Smog, Smoke",0,No,0000000,Not Applicable,17,5:00pm-5:59pm,37,37,17,5:00pm-5:59pm,45,45,18,6:00pm-6:59pm,23,23,,,,,,,1,
2022,53,530651,Washington,2,2,0,0,0,6,6,37,KITTITAS (37),0,NOT APPLICABLE,3,3,12,December,2022,7,Saturday,18,6:00pm-6:59pm,3,3,1,This section IS ON the NHS,1,Rural,3,Principal Arterial - Other,1,State Highway Agency,2,U.S. Highway,US-97,,1432,1432,47.32028611,47.32028611,-120.688950000,-120.68895000,0,No Special Jurisdiction,12,Motor Vehicle In-Transport,6,Angle,0,No,1,Non-Junction,1,Not an Intersection,0,None,,,1,On Roadway,2,Dark - Not Lighted,,,,,1,Clear,0,No,0000000,Not Applicable,18,6:00pm-6:59pm,23,23,19,7:00pm-7:59pm,21,21,20,8:00pm-8:59pm,23,23,,,,,,,1,
2022,53,530652,Washington,2,2,0,0,0,2,2,25,GRANT (25),0,NOT APPLICABLE,8,8,12,December,2022,5,Thursday,14,2:00pm-2:59pm,18,18,1,This section IS ON the NHS,1,Rural,2,Principal Arterial - Other Freeways and Expressways,1,State Highway Agency,3,State Highway,SR-26,,277,277,46.84665278,46.84665278,-119.431100000,-119.43110000,0,No Special Jurisdiction,12,Motor Vehicle In-Transport,2,Front-to-Front,0,No,1,Non-Junction,1,Not an Intersection,0,None,,,1,On Roadway,1,Daylight,,,,,4,Snow,0,No,0000000,Not Applicable,14,2:00pm-2:59pm,20,20,14,2:00pm-2:59pm,35,35,15,3:00pm-3:59pm,8,8,,,,,,,1,
2022,53,530653,Washington,2,2,0,0,0,2,2,33,KING (33),735,FEDERAL WAY,15,15,12,December,2022,5,Thursday,2,2:00am-2:59am,1,1,0,This section IS NOT on the NHS,2,Urban,4,Minor Arterial,4,City or Municipal Highway Agency,6,Local Street - Municipality,SW 356TH ST,,0,None,47.28234167,47.28234167,-122.346297220,-122.34629722,0,No Special Jurisdiction,12,Motor Vehicle In-Transport,2,Front-to-Front,0,No,1,Non-Junction,1,Not an Intersection,0,None,,,1,On Roadway,3,Dark - Lighted,,,,,1,Clear,0,No,0000000,Not Applicable,2,2:00am-2:59am,2,2,2,2:00am-2:59am,10,10,99,Unknown,99,Unknown EMS Hospital Arrival Time,,,,,,,1,
2022,53,530654,Washington,2,2,0,1,1,5,5,33,KING (33),1960,SEATTLE,6,6,11,November,2022,1,Sunday,22,10:00pm-10:59pm,17,17,1,This section IS ON the NHS,2,Urban,2,Principal Arterial - Other Freeways and Expressways,1,State Highway Agency,3,State Highway,SR-99,,290,290,47.66171667,47.66171667,-122.347397220,-122.34739722,0,No Special Jurisdiction,8,Pedestrian,0,The First Harmful Event was Not a Collision with a Motor Vehicle in Transport,0,No,1,Non-Junction,1,Not an Intersection,0,None,,,1,On Roadway,3,Dark - Lighted,,,,,2,Rain,0,No,0000000,Not Applicable,99,Unknown,99,Unknown,99,Unknown EMS Scene Arrival Hour,99,Unknown EMS Scene Arrival Minutes,88,"Not Applicable (Not Transported) ",88,Not Applicable (Not Transported),,,,,,,1,
2022,53,530655,Washington,1,1,0,1,1,1,1,33,KING (33),1960,SEATTLE,21,21,11,November,2022,2,Monday,3,3:00am-3:59am,18,18,1,This section IS ON the NHS,2,Urban,2,Principal Arterial - Other Freeways and Expressways,1,State Highway Agency,3,State Highway,SR-99,,271,271,47.63478889,47.63478889,-122.343405560,-122.34340556,0,No Special Jurisdiction,8,Pedestrian,0,The First Harmful Event was Not a Collision with a Motor Vehicle in Transport,0,No,1,Non-Junction,1,Not an Intersection,0,None,,,1,On Roadway,3,Dark - Lighted,,,,,2,Rain,0,No,0000000,Not Applicable,3,3:00am-3:59am,20,20,3,3:00am-3:59am,29,29,3,3:00am-3:59am,48,48,,,,,,,1,
2022,53,530656,Washington,1,1,0,0,0,3,3,77,YAKIMA (77),2590,YAKIMA,19,19,12,December,2022,2,Monday,5,5:00am-5:59am,14,14,1,This section IS ON the NHS,2,Urban,3,Principal Arterial - Other,4,City or Municipal Highway Agency,6,Local Street - Municipality,E LINCOLN AVE,,0,None,46.60694167,46.60694167,-120.503769440,-120.50376944,0,No Special Jurisdiction,42,Tree (Standing Only),0,The First Harmful Event was Not a Collision with a Motor Vehicle in Transport,0,No,1,Non-Junction,1,Not an Intersection,0,None,,,4,On Roadside,3,Dark - Lighted,,,,,10,Cloudy,0,No,0000000,Not Applicable,5,5:00am-5:59am,16,16,5,5:00am-5:59am,21,21,6,6:00am-6:59am,3,3,,,,,,,1,
2022,53,530657,Washington,3,3,0,0,0,6,6,61,SNOHOMISH (61),690,EVERETT,9,9,12,December,2022,6,Friday,17,5:00pm-5:59pm,12,12,0,This section IS NOT on the NHS,2,Urban,3,Principal Arterial - Other,1,State Highway Agency,3,State Highway,SR-99,AIRPORT RD,459,459,47.88939722,47.88939722,-122.258338890,-122.25833889,0,No Special Jurisdiction,12,Motor Vehicle In-Transport,7,Sideswipe - Same Direction,0,No,3,Intersection-Related,2,Four-Way Intersection,0,None,,,1,On Roadway,3,Dark - Lighted,,,,,2,Rain,0,No,0000000,Not Applicable,17,5:00pm-5:59pm,15,15,17,5:00pm-5:59pm,24,24,17,5:00pm-5:59pm,49,49,,,,,,,1,
2022,53,530658,Washington,1,1,0,2,2,1,1,21,FRANKLIN (21),1660,PASCO,22,22,11,November,2022,3,Tuesday,18,6:00pm-6:59pm,10,10,0,This section IS NOT on the NHS,2,Urban,3,Principal Arterial - Other,4,City or Municipal Highway Agency,6,Local Street - Municipality,N 20TH AVE,W NIXON ST,0,None,46.23508889,46.23508889,-119.117408330,-119.11740833,0,No Special Jurisdiction,8,Pedestrian,0,The First Harmful Event was Not a Collision with a Motor Vehicle in Transport,0,No,2,Intersection,3,T-Intersection,0,None,,,1,On Roadway,3,Dark - Lighted,,,,,10,Cloudy,0,No,0000000,Not Applicable,18,6:00pm-6:59pm,15,15,18,6:00pm-6:59pm,14,14,18,6:00pm-6:59pm,47,47,,,,,,,1,
2022,53,530659,Washington,2,2,0,0,0,2,2,21,FRANKLIN (21),1660,PASCO,31,31,10,October,2022,2,Monday,17,5:00pm-5:59pm,10,10,0,This section IS NOT on the NHS,2,Urban,4,Minor Arterial,4,City or Municipal Highway Agency,6,Local Street - Municipality,N 4TH AVE,,0,None,46.25607222,46.25607222,-119.096611110,-119.09661111,0,No Special Jurisdiction,12,Motor Vehicle In-Transport,2,Front-to-Front,0,No,1,Non-Junction,1,Not an Intersection,0,None,,,1,On Roadway,5,Dusk,,,,,10,Cloudy,0,No,0000000,Not Applicable,17,5:00pm-5:59pm,7,7,17,5:00pm-5:59pm,12,12,17,5:00pm-5:59pm,32,32,,,,,,,1,
2022,53,530660,Washington,1,1,0,0,0,1,1,53,PIERCE (53),0,NOT APPLICABLE,24,24,12,December,2022,7,Saturday,6,6:00am-6:59am,49,49,0,This section IS NOT on the NHS,2,Urban,3,Principal Arterial - Other,2,County Highway Agency,4,County Road,CR-PIONEER WAY E,,36,36,47.20253889,47.20253889,-122.359466670,-122.35946667,3,Indian Reservation,42,Tree (Standing Only),0,The First Harmful Event was Not a Collision with a Motor Vehicle in Transport,0,No,1,Non-Junction,1,Not an Intersection,0,None,,,4,On Roadside,2,Dark - Not Lighted,,,,,2,Rain,0,No,0000000,Not Applicable,6,6:00am-6:59am,54,54,7,7:00am-7:59am,11,11,88,"Not Applicable (Not Transported) ",88,Not Applicable (Not Transported),,,,,,,1,
2022,53,530661,Washington,1,1,0,0,0,1,1,27,GRAYS HARBOR (27),0,NOT APPLICABLE,26,26,12,December,2022,2,Monday,7,7:00am-7:59am,40,40,0,This section IS NOT on the NHS,1,Rural,4,Minor Arterial,1,State Highway Agency,3,State Highway,SR-105,,257,257,46.79623056,46.79623056,-124.090194440,-124.09019444,0,No Special Jurisdiction,38,Fence,0,The First Harmful Event was Not a Collision with a Motor Vehicle in Transport,0,No,1,Non-Junction,1,Not an Intersection,0,None,,,4,On Roadside,1,Daylight,,,,,2,Rain,0,No,0000000,Not Applicable,99,Unknown,99,Unknown,99,Unknown EMS Scene Arrival Hour,99,Unknown EMS Scene Arrival Minutes,88,"Not Applicable (Not Transported) ",88,Not Applicable (Not Transported),,,,,,,1,
2022,53,530662,Washington,1,1,0,0,0,1,1,61,SNOHOMISH (61),0,NOT APPLICABLE,18,18,7,July,2022,2,Monday,10,10:00am-10:59am,9,9,0,This section IS NOT on the NHS,1,Rural,4,Minor Arterial,2,County Highway Agency,4,County Road,CR-MARINE DR,,112,112,48.11738333,48.11738333,-122.349472220,-122.34947222,3,Indian Reservation,42,Tree (Standing Only),0,The First Harmful Event was Not a Collision with a Motor Vehicle in Transport,0,No,1,Non-Junction,1,Not an Intersection,0,None,,,4,On Roadside,1,Daylight,,,,,1,Clear,0,No,0000000,Not Applicable,99,Unknown,99,Unknown,99,Unknown EMS Scene Arrival Hour,99,Unknown EMS Scene Arrival Minutes,88,"Not Applicable (Not Transported) ",88,Not Applicable (Not Transported),,,,,,,1,
2022,53,530663,Washington,3,3,0,0,0,3,3,45,MASON (45),0,NOT APPLICABLE,3,3,9,September,2022,7,Saturday,12,12:00pm-12:59pm,55,55,0,This section IS NOT on the NHS,1,Rural,6,Minor Collector,2,County Highway Agency,4,County Road,CR-NE BEAR CREEK DEWATT,,64,64,47.51444722,47.51444722,-122.884094440,-122.88409444,0,No Special Jurisdiction,1,Rollover/Overturn,0,The First Harmful Event was Not a Collision with a Motor Vehicle in Transport,0,No,1,Non-Junction,1,Not an Intersection,0,None,,,4,On Roadside,1,Daylight,,,,,1,Clear,0,No,0000000,Not Applicable,13,1:00pm-1:59pm,6,6,13,1:00pm-1:59pm,18,18,13,1:00pm-1:59pm,50,50,,,,,,,1,
2022,53,530664,Washington,1,1,0,1,1,1,1,61,SNOHOMISH (61),690,EVERETT,25,25,12,December,2022,1,Sunday,2,2:00am-2:59am,0,0,1,This section IS ON the NHS,2,Urban,3,Principal Arterial - Other,4,City or Municipal Highway Agency,6,Local Street - Municipality,EVERGREEN WAY,,0,None,47.91955556,47.91955556,-122.230277780,-122.23027778,0,No Special Jurisdiction,8,Pedestrian,0,The First Harmful Event was Not a Collision with a Motor Vehicle in Transport,0,No,1,Non-Junction,1,Not an Intersection,0,None,,,1,On Roadway,3,Dark - Lighted,,,,,10,Cloudy,0,No,0000000,Not Applicable,99,Unknown,99,Unknown,99,Unknown EMS Scene Arrival Hour,99,Unknown EMS Scene Arrival Minutes,99,Unknown,99,Unknown EMS Hospital Arrival Time,,,,,,,1,