caseyear,state,st_case,statename,ve_total,ve_forms,pvh_invl,peds,pernotmvit,permvit,persons,county,countyname,city,cityname,day,dayname,month,monthname,year,day_week,day_weekname,hour,hourname,minute,minutename,nhs,nhsname,rur_urb,rur_urbname,func_sys,func_sysname,rd_owner,rd_ownername,route,routename,tway_id,tway_id2,milept,mileptname,latitude,latitudename,longitud,longitudname,sp_jur,sp_jurname,harm_ev,harm_evname,man_coll,man_collname,reljct1,reljct1name,reljct2,reljct2name,typ_int,typ_intname,wrk_zone,wrk_zonename,road_fnc,road_fncname,rel_road,rel_roadname,lgt_cond,lgt_condname,weather1,weather1name,weather2,weather2name,weather,weathername,sch_bus,sch_busname,rail,railname,not_hour,not_hourname,not_min,not_minname,arr_hour,arr_hourname,arr_min,arr_minname,hosp_hr,hosp_hrname,hosp_mn,hosp_mnname,cf1,cf1name,cf2,cf2name,cf3,cf3name,fatals,drunk_dr
2022,53,530710,Washington,1,1,0,1,1,1,1,33,KING (33),170,BOTHELL,10,10,7,July,2022,1,Sunday,12,12:00pm-12:59pm,21,21,0,This section IS NOT on the NHS,2,Urban,7,Local,4,City or Municipal Highway Agency,6,Local Street - Municipality,NE 183RD ST,,0,None,47.76085556,47.76085556,-122.208236110,-122.20823611,0,No Special Jurisdiction,8,Pedestrian,0,The First Harmful Event was Not a Collision with a Motor Vehicle in Transport,0,No,1,Non-Junction,1,Not an Intersection,0,None,,,1,On Roadway,1,Daylight,,,,,1,Clear,0,No,0000000,Not Applicable,12,12:00pm-12:59pm,25,25,12,12:00pm-12:59pm,29,29,13,1:00pm-1:59pm,15,15,,,,,,,1,
2022,53,530711,Washington,2,1,1,0,0,1,1,53,PIERCE (53),0,NOT APPLICABLE,28,28,8,August,2022,1,Sunday,9,9:00am-9:59am,55,55,0,This section IS NOT on the NHS,2,Urban,4,Minor Arterial,2,County Highway Agency,4,County Road,CR-PORTLAND AVE E,,13,13,47.17292778,47.17292778,-122.405525000,-122.40552500,0,No Special Jurisdiction,14,Parked Motor Vehicle,0,The First Harmful Event was Not a Collision with a Motor Vehicle in Transport,0,No,1,Non-Junction,1,Not an Intersection,0,None,,,2,On Shoulder,1,Daylight,,,,,1,Clear,0,No,0000000,Not Applicable,99,Unknown,99,Unknown,99,Unknown EMS Scene Arrival Hour,99,Unknown EMS Scene Arrival Minutes,99,Unknown,99,Unknown EMS Hospital Arrival Time,,,,,,,1,
2022,53,530712,Washington,2,2,0,0,0,4,4,33,KING (33),100,AUBURN,12,12,10,October,2022,4,Wednesday,11,11:00am-11:59am,20,20,0,This section IS NOT on the NHS,2,Urban,4,Minor Arterial,4,City or Municipal Highway Agency,6,Local Street - Municipality,LEA HILL RD SE,104th Ave SE,0,None,47.31548056,47.31548056,-122.204213890,-122.20421389,0,No Special Jurisdiction,12,Motor Vehicle In-Transport,1,Front-to-Rear,0,No,3,Intersection-Related,2,Four-Way Intersection,0,None,,,1,On Roadway,1,Daylight,,,,,1,Clear,0,No,0000000,Not Applicable,11,11:00am-11:59am,41,41,11,11:00am-11:59am,45,45,12,12:00pm-12:59pm,42,42,,,,,,,1,
2022,53,530713,Washington,1,1,0,0,0,1,1,1,ADAMS (1),0,NOT APPLICABLE,12,12,10,October,2022,4,Wednesday,16,4:00pm-4:59pm,21,21,0,This section IS NOT on the NHS,1,Rural,5,Major Collector,2,County Highway Agency,4,County Road,CR-W MCMANAMON RD,,118,118,46.84884167,46.84884167,-119.174775000,-119.17477500,0,No Special Jurisdiction,1,Rollover/Overturn,0,The First Harmful Event was Not a Collision with a Motor Vehicle in Transport,0,No,1,Non-Junction,1,Not an Intersection,0,None,,,4,On Roadside,1,Daylight,,,,,1,Clear,0,No,9999999,Unknown,16,4:00pm-4:59pm,21,21,16,4:00pm-4:59pm,26,26,16,4:00pm-4:59pm,39,39,,,,,,,1,
2022,53,530715,Washington,1,1,0,1,1,1,1,67,THURSTON (67),0,NOT APPLICABLE,5,5,11,November,2022,7,Saturday,3,3:00am-3:59am,34,34,0,This section IS NOT on the NHS,2,Urban,3,Principal Arterial - Other,2,County Highway Agency,4,County Road,CR-MARTIN WAY E,DUTTEROW RD SE,62,62,47.06147778,47.06147778,-122.740944440,-122.74094444,0,No Special Jurisdiction,8,Pedestrian,0,The First Harmful Event was Not a Collision with a Motor Vehicle in Transport,0,No,3,Intersection-Related,2,Four-Way Intersection,0,None,,,1,On Roadway,3,Dark - Lighted,,,,,6,Severe Crosswinds,0,No,0000000,Not Applicable,99,Unknown,99,Unknown,99,Unknown EMS Scene Arrival Hour,99,Unknown EMS Scene Arrival Minutes,99,Unknown,99,Unknown EMS Hospital Arrival Time,,,,,,,1,
2022,53,530716,Washington,1,1,0,0,0,1,1,45,MASON (45),0,NOT APPLICABLE,16,16,11,November,2022,4,Wednesday,20,8:00pm-8:59pm,0,0,0,This section IS NOT on the NHS,1,Rural,5,Major Collector,2,County Highway Agency,4,County Road,CR-E AGATE RD,E LIGHTHOUSE RD,38,38,47.21366944,47.21366944,-123.012527780,-123.01252778,0,No Special Jurisdiction,59,"Traffic Sign Support ",0,The First Harmful Event was Not a Collision with a Motor Vehicle in Transport,0,No,3,Intersection-Related,2,Four-Way Intersection,0,None,,,4,On Roadside,3,Dark - Lighted,,,,,1,Clear,0,No,0000000,Not Applicable,20,8:00pm-8:59pm,33,33,20,8:00pm-8:59pm,14,14,99,Unknown,99,Unknown EMS Hospital Arrival Time,,,,,,,1,
2022,53,530717,Washington,1,1,0,0,0,1,1,53,PIERCE (53),0,NOT APPLICABLE,28,28,11,November,2022,2,Monday,19,7:00pm-7:59pm,0,0,0,This section IS NOT on the NHS,2,Urban,4,Minor Arterial,2,County Highway Agency,4,County Road,CR-TULE LAKE,AINSWORTH AVE S,1,1,47.14370000,47.14370000,-122.458375000,-122.45837500,0,No Special Jurisdiction,38,Fence,0,The First Harmful Event was Not a Collision with a Motor Vehicle in Transport,0,No,3,Intersection-Related,3,T-Intersection,0,None,,,4,On Roadside,3,Dark - Lighted,,,,,1,Clear,0,No,0000000,Not Applicable,19,7:00pm-7:59pm,20,20,19,7:00pm-7:59pm,26,26,19,7:00pm-7:59pm,56,56,,,,,,,1,
2022,53,530718,Washington,2,2,0,0,0,2,2,33,KING (33),0,NOT APPLICABLE,18,18,12,December,2022,1,Sunday,10,10:00am-10:59am,57,57,0,This section IS NOT on the NHS,2,Urban,4,Minor Arterial,2,County Highway Agency,4,County Road,CR-NE NOVELTY HILL RD,TRILOGY PKWY NE,35,35,47.70060833,47.70060833,-122.024108330,-122.02410833,0,No Special Jurisdiction,12,Motor Vehicle In-Transport,6,Angle,0,No,2,Intersection,2,Four-Way Intersection,0,None,,,1,On Roadway,1,Daylight,,,,,10,Cloudy,0,No,0000000,Not Applicable,11,11:00am-11:59am,3,3,11,11:00am-11:59am,8,8,11,11:00am-11:59am,38,38,,,,,,,1,
2022,53,530719,Washington,1,1,0,0,0,1,1,11,CLARK (11),0,NOT APPLICABLE,22,22,8,August,2022,2,Monday,9,9:00am-9:59am,27,27,0,This section IS NOT on the NHS,1,Rural,5,Major Collector,2,County Highway Agency,4,County Road,CR-NE 72ND AVE,,103,103,45.80896389,45.80896389,-122.599419440,-122.59941944,0,No Special Jurisdiction,1,Rollover/Overturn,0,The First Harmful Event was Not a Collision with a Motor Vehicle in Transport,0,No,1,Non-Junction,1,Not an Intersection,0,None,,,4,On Roadside,1,Daylight,,,,,1,Clear,0,No,0000000,Not Applicable,9,9:00am-9:59am,27,27,9,9:00am-9:59am,41,41,10,10:00am-10:59am,25,25,,,,,,,1,
2022,53,530720,Washington,2,2,0,1,1,3,3,63,SPOKANE (63),2110,SPOKANE,5,5,7,July,2022,3,Tuesday,2,2:00am-2:59am,23,23,0,This section IS NOT on the NHS,2,Urban,3,Principal Arterial - Other,4,City or Municipal Highway Agency,6,Local Street - Municipality,W EVERETT AVE,N ASH ST,0,None,47.70629444,47.70629444,-117.436425000,-117.43642500,0,No Special Jurisdiction,8,Pedestrian,0,The First Harmful Event was Not a Collision with a Motor Vehicle in Transport,0,No,3,Intersection-Related,2,Four-Way Intersection,0,None,,,1,On Roadway,6,Dark - Unknown Lighting,,,,,1,Clear,0,No,0000000,Not Applicable,99,Unknown,99,Unknown,99,Unknown EMS Scene Arrival Hour,99,Unknown EMS Scene Arrival Minutes,88,"Not Applicable (Not Transported) ",88,Not Applicable (Not Transported),,,,,,,1,
2022,53,530721,Washington,1,1,0,0,0,4,4,19,FERRY (19),0,NOT APPLICABLE,9,9,6,June,2022,5,Thursday,8,8:00am-8:59am,55,55,0,This section IS NOT on the NHS,1,Rural,5,Major Collector,1,State Highway Agency,3,State Highway,SR-21,,1139,1139,48.04183611,48.04183611,-118.670402780,-118.67040278,3,Indian Reservation,1,Rollover/Overturn,0,The First Harmful Event was Not a Collision with a Motor Vehicle in Transport,0,No,1,Non-Junction,1,Not an Intersection,0,None,,,4,On Roadside,1,Daylight,,,,,1,Clear,0,No,0000000,Not Applicable,9,9:00am-9:59am,15,15,10,10:00am-10:59am,31,31,11,11:00am-11:59am,16,16,,,,,,,1,
2022,53,530722,Washington,3,3,0,0,0,7,7,53,PIERCE (53),2230,TACOMA,7,7,10,October,2022,6,Friday,18,6:00pm-6:59pm,39,39,0,This section IS NOT on the NHS,2,Urban,4,Minor Arterial,4,City or Municipal Highway Agency,6,Local Street - Municipality,108TH ST SW,FREIDAY ST,0,None,47.15949444,47.15949444,-122.500802780,-122.50080278,0,No Special Jurisdiction,12,Motor Vehicle In-Transport,1,Front-to-Rear,0,No,3,Intersection-Related,2,Four-Way Intersection,0,None,,,1,On Roadway,1,Daylight,,,,,1,Clear,0,No,0000000,Not Applicable,99,Unknown,99,Unknown,99,Unknown EMS Scene Arrival Hour,99,Unknown EMS Scene Arrival Minutes,99,Unknown,99,Unknown EMS Hospital Arrival Time,,,,,,,1,
2022,53,530723,Washington,1,1,0,0,0,1,1,47,OKANOGAN (47),0,NOT APPLICABLE,23,23,7,July,2022,7,Saturday,20,8:00pm-8:59pm,20,20,0,This section IS NOT on the NHS,1,Rural,6,Minor Collector,2,County Highway Agency,4,County Road,CR-COLUMBIA RIVER RD,,99999,Unknown,48.38185556,48.38185556,-119.493305560,-119.49330556,0,No Special Jurisdiction,58,Ground,0,The First Harmful Event was Not a Collision with a Motor Vehicle in Transport,0,No,1,Non-Junction,1,Not an Intersection,0,None,,,4,On Roadside,1,Daylight,,,,,1,Clear,0,No,0000000,Not Applicable,99,Unknown,99,Unknown,99,Unknown EMS Scene Arrival Hour,99,Unknown EMS Scene Arrival Minutes,88,"Not Applicable (Not Transported) ",88,Not Applicable (Not Transported),,,,,,,1,
2022,53,530724,Washington,1,1,0,0,0,2,2,19,FERRY (19),0,NOT APPLICABLE,15,15,10,October,2022,7,Saturday,8,8:00am-8:59am,57,57,0,This section IS NOT on the NHS,9,Unknown,99,Unknown,99,Unknown,4,County Road,CR-BRIDGE CREEK,,14,14,99.99990000,99.99990000,999.999900000,999.99990000,0,No Special Jurisdiction,1,Rollover/Overturn,0,The First Harmful Event was Not a Collision with a Motor Vehicle in Transport,0,No,1,Non-Junction,1,Not an Intersection,0,None,,,4,On Roadside,1,Daylight,,,,,1,Clear,0,No,0000000,Not Applicable,8,8:00am-8:59am,57,57,9,9:00am-9:59am,26,26,10,10:00am-10:59am,19,19,,,,,,,1,
2022,53,530725,Washington,1,1,0,0,0,1,1,33,KING (33),1960,SEATTLE,30,30,6,June,2022,5,Thursday,16,4:00pm-4:59pm,43,43,0,This section IS NOT on the NHS,2,Urban,4,Minor Arterial,4,City or Municipal Highway Agency,6,Local Street - Municipality,WILSON AVE S,,0,None,47.54800833,47.54800833,-122.263352780,-122.26335278,0,No Special Jurisdiction,30,Utility Pole/Light Support,0,The First Harmful Event was Not a Collision with a Motor Vehicle in Transport,0,No,1,Non-Junction,1,Not an Intersection,0,None,,,4,On Roadside,1,Daylight,,,,,1,Clear,0,No,0000000,Not Applicable,88,Not Applicable (Not Notified),88,Not Applicable (Not Notified),88,Not Applicable,88,Not Applicable,88,"Not Applicable (Not Transported) ",88,Not Applicable (Not Transported),,,,,,,1,
2022,53,530726,Washington,1,1,0,0,0,3,3,77,YAKIMA (77),0,NOT APPLICABLE,12,12,3,March,2022,7,Saturday,23,11:00pm-11:59pm,52,52,0,This section IS NOT on the NHS,2,Urban,4,Minor Arterial,2,County Highway Agency,4,County Road,CR-N WENAS RD,,99999,Unknown,46.68634444,46.68634444,-120.517425000,-120.51742500,0,No Special Jurisdiction,5,Fell/Jumped from Vehicle,0,The First Harmful Event was Not a Collision with a Motor Vehicle in Transport,0,No,1,Non-Junction,1,Not an Intersection,0,None,,,1,On Roadway,6,Dark - Unknown Lighting,,,,,98,Not Reported,0,No,0000000,Not Applicable,99,Unknown,99,Unknown,99,Unknown EMS Scene Arrival Hour,99,Unknown EMS Scene Arrival Minutes,99,Unknown,99,Unknown EMS Hospital Arrival Time,,,,,,,1,
2022,53,530727,Washington,8,1,7,1,1,1,1,33,KING (33),1960,SEATTLE,19,19,11,November,2022,7,Saturday,13,1:00pm-1:59pm,1,1,0,This section IS NOT on the NHS,2,Urban,7,Local,4,City or Municipal Highway Agency,6,Local Street - Municipality,4TH AVE,,0,None,47.62561111,47.62561111,-122.348969440,-122.34896944,0,No Special Jurisdiction,14,Parked Motor Vehicle,0,The First Harmful Event was Not a Collision with a Motor Vehicle in Transport,0,No,1,Non-Junction,1,Not an Intersection,0,None,,,7,In Parking Lane/Zone,1,Daylight,,,,,1,Clear,0,No,0000000,Not Applicable,13,1:00pm-1:59pm,4,4,13,1:00pm-1:59pm,13,13,99,Unknown,99,Unknown EMS Hospital Arrival Time,,,,,,,1,
2022,53,530728,Washington,2,2,0,0,0,3,3,5,BENTON (5),1020,KENNEWICK,3,3,4,April,2022,1,Sunday,23,11:00pm-11:59pm,30,30,0,This section IS NOT on the NHS,2,Urban,3,Principal Arterial - Other,4,City or Municipal Highway Agency,6,Local Street - Municipality,N STEPTOE ST,GAGE BLVD,0,None,46.22730000,46.22730000,-119.243911110,-119.24391111,0,No Special Jurisdiction,12,Motor Vehicle In-Transport,6,Angle,0,No,2,Intersection,2,Four-Way Intersection,0,None,,,1,On Roadway,3,Dark - Lighted,,,,,10,Cloudy,0,No,0000000,Not Applicable,99,Unknown,99,Unknown,99,Unknown EMS Scene Arrival Hour,99,Unknown EMS Scene Arrival Minutes,88,"Not Applicable (Not Transported) ",88,Not Applicable (Not Transported),,,,,,,2,
2022,53,530729,Washington,1,1,0,0,0,2,2,77,YAKIMA (77),0,NOT APPLICABLE,27,27,8,August,2022,7,Saturday,1,1:00am-1:59am,26,26,1,This section IS ON the NHS,1,Rural,1,Interstate,1,State Highway Agency,1,Interstate,I-82,,720,720,46.28162778,46.28162778,-119.938802780,-119.93880278,0,No Special Jurisdiction,5,Fell/Jumped from Vehicle,0,The First Harmful Event was Not a Collision with a Motor Vehicle in Transport,0,No,1,Non-Junction,1,Not an Intersection,0,None,,,1,On Roadway,8,Not Reported,,,,,98,Not Reported,0,No,0000000,Not Applicable,99,Unknown,99,Unknown,99,Unknown EMS Scene Arrival Hour,99,Unknown EMS Scene Arrival Minutes,99,Unknown,99,Unknown EMS Hospital Arrival Time,,,,,,,1,
2022,53,530730,Washington,1,1,0,0,0,1,1,11,CLARK (11),0,NOT APPLICABLE,31,31,8,August,2022,4,Wednesday,8,8:00am-8:59am,20,20,0,This section IS NOT on the NHS,1,Rural,6,Minor Collector,2,County Highway Agency,4,County Road,CR-NE WH GARNER RD,,22,22,45.87379444,45.87379444,-122.442094440,-122.44209444,0,No Special Jurisdiction,42,Tree (Standing Only),0,The First Harmful Event was Not a Collision with a Motor Vehicle in Transport,0,No,1,Non-Junction,1,Not an Intersection,0,None,,,4,On Roadside,1,Daylight,,,,,1,Clear,0,No,0000000,Not Applicable,99,Unknown,99,Unknown,99,Unknown EMS Scene Arrival Hour,99,Unknown EMS Scene Arrival Minutes,88,"Not Applicable (Not Transported) ",88,Not Applicable (Not Transported),,,,,,,1,
2022,53,530731,Washington,1,1,0,0,0,1,1,35,KITSAP (35),0,NOT APPLICABLE,13,13,1,January,2022,5,Thursday,16,4:00pm-4:59pm,31,31,0,This section IS NOT on the NHS,2,Urban,4,Minor Arterial,2,County Highway Agency,4,County Road,CR-BEACH RD E,,99999,Unknown,47.57474444,47.57474444,-122.559030560,-122.55903056,0,No Special Jurisdiction,42,Tree (Standing Only),0,The First Harmful Event was Not a Collision with a Motor Vehicle in Transport,0,No,1,Non-Junction,1,Not an Intersection,0,None,,,4,On Roadside,1,Daylight,,,,,1,Clear,0,No,0000000,Not Applicable,16,4:00pm-4:59pm,34,34,16,4:00pm-4:59pm,45,45,17,5:00pm-5:59pm,23,23,,,,,,,1,
2022,53,530732,Washington,1,1,0,0,0,2,2,77,YAKIMA (77),0,NOT APPLICABLE,4,4,8,August,2022,5,Thursday,0,0:00am-0:59am,2,2,0,This section IS NOT on the NHS,1,Rural,6,Minor Collector,2,County Highway Agency,4,County Road,CR-SCHUSTER RD,,12,12,46.31049722,46.31049722,-120.162391670,-120.16239167,0,No Special Jurisdiction,35,Embankment,0,The First Harmful Event was Not a Collision with a Motor Vehicle in Transport,0,No,1,Non-Junction,1,Not an Intersection,0,None,,,4,On Roadside,6,Dark - Unknown Lighting,,,,,1,Clear,0,No,0000000,Not Applicable,99,Unknown,99,Unknown,99,Unknown EMS Scene Arrival Hour,99,Unknown EMS Scene Arrival Minutes,88,"Not Applicable (Not Transported) ",88,Not Applicable (Not Transported),,,,,,,1,
2022,53,530733,Washington,2,2,0,0,0,3,3,11,CLARK (11),0,NOT APPLICABLE,14,14,11,November,2022,2,Monday,17,5:00pm-5:59pm,40,40,0,This section IS NOT on the NHS,2,Urban,3,Principal Arterial - Other,1,State Highway Agency,3,State Highway,SR-503,NE 99TH ST,18,18,45.69348333,45.69348333,-122.552813890,-122.55281389,0,No Special Jurisdiction,12,Motor Vehicle In-Transport,6,Angle,0,No,2,Intersection,2,Four-Way Intersection,0,None,,,1,On Roadway,3,Dark - Lighted,,,,,1,Clear,0,No,0000000,Not Applicable,99,Unknown,99,Unknown,99,Unknown EMS Scene Arrival Hour,99,Unknown EMS Scene Arrival Minutes,99,Unknown,99,Unknown EMS Hospital Arrival Time,,,,,,,1,
2022,53,530734,Washington,1,1,0,0,0,1,1,61,SNOHOMISH (61),690,EVERETT,18,18,12,December,2022,1,Sunday,6,6:00am-6:59am,7,7,1,This section IS ON the NHS,2,Urban,3,Principal Arterial - Other,1,State Highway Agency,3,State Highway,SR-527,,103,103,47.89602778,47.89602778,-122.206688890,-122.20668889,0,No Special Jurisdiction,33,Curb,0,The First Harmful Event was Not a Collision with a Motor Vehicle in Transport,0,No,1,Non-Junction,1,Not an Intersection,0,None,,,4,On Roadside,3,Dark - Lighted,,,,,1,Clear,0,No,0000000,Not Applicable,99,Unknown,99,Unknown,99,Unknown EMS Scene Arrival Hour,99,Unknown EMS Scene Arrival Minutes,88,"Not Applicable (Not Transported) ",88,Not Applicable (Not Transported),,,,,,,1,
2022,53,530735,Washington,1,1,0,1,1,1,1,77,YAKIMA (77),2400,WAPATO,12,12,7,July,2022,3,Tuesday,21,9:00pm-9:59pm,58,58,1,This section IS ON the NHS,1,Rural,4,Minor Arterial,1,State Highway Agency,2,U.S. Highway,US-97,,710,710,46.47517500,46.47517500,-120.445055560,-120.44505556,0,No Special Jurisdiction,8,Pedestrian,0,The First Harmful Event was Not a Collision with a Motor Vehicle in Transport,0,No,1,Non-Junction,1,Not an Intersection,0,None,,,1,On Roadway,8,Not Reported,,,,,98,Not Reported,0,No,0000000,Not Applicable,99,Unknown,99,Unknown,99,Unknown EMS Scene Arrival Hour,99,Unknown EMS Scene Arrival Minutes,88,"Not Applicable (Not Transported) ",88,Not Applicable (Not Transported),,,,,,,1,
2022,53,530736,Washington,1,1,0,1,1,1,1,57,SKAGIT (57),1410,MOUNT VERNON,29,29,10,October,2022,7,Saturday,3,3:00am-3:59am,42,42,0,This section IS NOT on the NHS,2,Urban,4,Minor Arterial,4,City or Municipal Highway Agency,6,Local Street - Municipality,MU-HOAG RD,,0,None,48.44300000,48.44300000,-122.329747220,-122.32974722,0,No Special Jurisdiction,8,Pedestrian,0,The First Harmful Event was Not a Collision with a Motor Vehicle in Transport,0,No,1,Non-Junction,1,Not an Intersection,0,None,,,2,On Shoulder,2,Dark - Not Lighted,,,,,98,Not Reported,0,No,0000000,Not Applicable,99,Unknown,99,Unknown,99,Unknown EMS Scene Arrival Hour,99,Unknown EMS Scene Arrival Minutes,88,"Not Applicable (Not Transported) ",88,Not Applicable (Not Transported),,,,,,,1,
2022,53,530737,Washington,1,1,0,1,1,1,1,33,KING (33),1960,SEATTLE,1,1,10,October,2022,7,Saturday,0,0:00am-0:59am,5,5,0,This section IS NOT on the NHS,6,Trafficway Not in State Inventory,96,Trafficway Not in State Inventory,96,Trafficway Not in State Inventory,8,Other,PARKING LOT WAY,,0,None,47.65914722,47.65914722,-122.313711110,-122.31371111,0,No Special Jurisdiction,8,Pedestrian,0,The First Harmful Event was Not a Collision with a Motor Vehicle in Transport,0,No,1,Non-Junction,1,Not an Intersection,0,None,,,1,On Roadway,6,Dark - Unknown Lighting,,,,,98,Not Reported,0,No,0000000,Not Applicable,99,Unknown,99,Unknown,99,Unknown EMS Scene Arrival Hour,99,Unknown EMS Scene Arrival Minutes,88,"Not Applicable (Not Transported) ",88,Not Applicable (Not Transported),,,,,,,1,
2022,53,530738,Washington,1,1,0,1,1,2,2,67,THURSTON (67),1590,OLYMPIA,11,11,2,February,2022,6,Friday,2,2:00am-2:59am,39,39,1,This section IS ON the NHS,2,Urban,3,Principal Arterial - Other,4,City or Municipal Highway Agency,6,Local Street - Municipality,MU-MARTIN WAY E,,0,None,47.04694444,47.04694444,-122.848505560,-122.84850556,0,No Special Jurisdiction,8,Pedestrian,0,The First Harmful Event was Not a Collision with a Motor Vehicle in Transport,0,No,1,Non-Junction,1,Not an Intersection,0,None,,,1,On Roadway,6,Dark - Unknown Lighting,,,,,98,Not Reported,0,No,0000000,Not Applicable,99,Unknown,99,Unknown,99,Unknown EMS Scene Arrival Hour,99,Unknown EMS Scene Arrival Minutes,88,"Not Applicable (Not Transported) ",88,Not Applicable (Not Transported),,,,,,,1,
2022,53,530739,Washington,1,1,0,0,0,1,1,77,YAKIMA (77),0,NOT APPLICABLE,25,25,7,July,2022,2,Monday,1,1:00am-1:59am,39,39,0,This section IS NOT on the NHS,1,Rural,4,Minor Arterial,2,County Highway Agency,4,County Road,CR-YAKIMA VALLEY HWY,,99998,Not Reported,46.50691389,46.50691389,-120.452366670,-120.45236667,0,No Special Jurisdiction,1,Rollover/Overturn,0,The First Harmful Event was Not a Collision with a Motor Vehicle in Transport,0,No,1,Non-Junction,1,Not an Intersection,0,None,,,2,On Shoulder,2,Dark - Not Lighted,,,,,1,Clear,0,No,0000000,Not Applicable,99,Unknown,99,Unknown,99,Unknown EMS Scene Arrival Hour,99,Unknown EMS Scene Arrival Minutes,88,"Not Applicable (Not Transported) ",88,Not Applicable (Not Transported),,,,,,,1,
2022,53,530740,Washington,1,1,0,0,0,1,1,77,YAKIMA (77),2300,TOPPENISH,20,20,11,November,2022,1,Sunday,2,2:00am-2:59am,28,28,0,This section IS NOT on the NHS,1,Rural,7,Local,2,County Highway Agency,4,County Road,CR-MCKINLEY RD,,99998,Not Reported,46.39867778,46.39867778,-120.396500000,-120.39650000,0,No Special Jurisdiction,30,Utility Pole/Light Support,0,The First Harmful Event was Not a Collision with a Motor Vehicle in Transport,0,No,1,Non-Junction,1,Not an Intersection,0,None,,,4,On Roadside,2,Dark - Not Lighted,,,,,10,Cloudy,0,No,0000000,Not Applicable,99,Unknown,99,Unknown,99,Unknown EMS Scene Arrival Hour,99,Unknown EMS Scene Arrival Minutes,88,"Not Applicable (Not Transported) ",88,Not Applicable (Not Transported),,,,,,,1,
2022,53,530741,Washington,1,1,0,0,0,1,1,61,SNOHOMISH (61),1280,MARYSVILLE,12,12,9,September,2022,2,Monday,21,9:00pm-9:59pm,21,21,0,This section IS NOT on the NHS,1,Rural,4,Minor Arterial,2,County Highway Agency,4,County Road,CR-MARINE DR,,99999,Unknown,48.09002222,48.09002222,-122.311786110,-122.31178611,0,No Special Jurisdiction,1,Rollover/Overturn,0,The First Harmful Event was Not a Collision with a Motor Vehicle in Transport,0,No,1,Non-Junction,1,Not an Intersection,0,None,,,1,On Roadway,2,Dark - Not Lighted,,,,,1,Clear,0,No,0000000,Not Applicable,99,Unknown,99,Unknown,99,Unknown EMS Scene Arrival Hour,99,Unknown EMS Scene Arrival Minutes,88,"Not Applicable (Not Transported) ",88,Not Applicable (Not Transported),,,,,,,1,
2022,53,530742,Washington,1,1,0,1,1,0,0,27,GRAYS HARBOR (27),450,COSMOPOLIS,17,17,1,January,2022,2,Monday,5,5:00am-5:59am,45,45,0,This section IS NOT on the NHS,1,Rural,7,Local,2,County Highway Agency,9,Unknown,CR-VESTA CREEK RD,,99999,Unknown,46.83025278,46.83025278,-123.552236110,-123.55223611,0,No Special Jurisdiction,8,Pedestrian,0,The First Harmful Event was Not a Collision with a Motor Vehicle in Transport,0,No,1,Non-Junction,1,Not an Intersection,2,Maintenance,,,1,On Roadway,8,Not Reported,,,,,98,Not Reported,0,No,0000000,Not Applicable,99,Unknown,99,Unknown,99,Unknown EMS Scene Arrival Hour,99,Unknown EMS Scene Arrival Minutes,88,"Not Applicable (Not Transported) ",88,Not Applicable (Not Transported),,,,,,,1,
2022,53,530743,Washington,1,1,0,0,0,4,4,61,SNOHOMISH (61),2312,TULALIP,29,29,3,March,2022,3,Tuesday,7,7:00am-7:59am,37,37,0,This section IS NOT on the NHS,1,Rural,7,Local,2,County Highway Agency,8,Other,TURK DR,LAGER LN,99999,Unknown,48.06852222,48.06852222,-122.254405560,-122.25440556,3,Indian Reservation,30,Utility Pole/Light Support,0,The First Harmful Event was Not a Collision with a Motor Vehicle in Transport,0,No,3,Intersection-Related,3,T-Intersection,0,None,,,4,On Roadside,1,Daylight,,,,,10,Cloudy,0,No,0000000,Not Applicable,99,Unknown,99,Unknown,99,Unknown EMS Scene Arrival Hour,99,Unknown EMS Scene Arrival Minutes,99,Unknown,99,Unknown EMS Hospital Arrival Time,,,,,,,1,
2023,53,530001,Washington,1,1,0,1,1,1,1,33,KING (33),2310,TUKWILA,1,1,1,January,2023,1,Sunday,2,2:00am-2:59am,58,58,1,This Section IS ON the NHS,2,Urban,1,Interstate,1,State Highway Agency,1,Interstate,I-5,,1548,1548,47.46721389,47.46721389,-122.267219440,-122.26721944,0,No Special Jurisdiction,8,Pedestrian,0,The First Harmful Event was Not a Collision with a Motor Vehicle in Transport,0,No,1,Non-Junction,1,Not an Intersection,0,None,,,1,On Roadway,3,Dark - Lighted,,,,,10,Cloudy,0,No,0000000,Not Applicable,99,Unknown,99,Unknown,99,Unknown EMS Scene Arrival Hour,99,Unknown EMS Scene Arrival Minutes,99,Unknown,99,Unknown EMS Hospital Arrival Time,,,,,,,1,
2023,53,530002,Washington,2,2,0,0,0,3,3,63,SPOKANE (63),0,NOT APPLICABLE,3,3,1,January,2023,3,Tuesday,14,2:00pm-2:59pm,21,21,1,This Section IS ON the NHS,1,Rural,2,Other Freeways and Expressways,1,State Highway Agency,2,U.S. Highway,US-195,,748,748,47.39568333,47.39568333,-117.391441670,-117.39144167,0,No Special Jurisdiction,12,Motor Vehicle In-Transport,6,Angle,0,No,1,Non-Junction,1,Not an Intersection,0,None,,,1,On Roadway,1,Daylight,,,,,1,Clear,0,No,0000000,Not Applicable,99,Unknown,99,Unknown,99,Unknown EMS Scene Arrival Hour,99,Unknown EMS Scene Arrival Minutes,99,Unknown,99,Unknown EMS Hospital Arrival Time,,,,,,,2,