caseyear,state,st_case,statename,ve_total,ve_forms,pvh_invl,peds,pernotmvit,permvit,persons,county,countyname,city,cityname,day,dayname,month,monthname,year,day_week,day_weekname,hour,hourname,minute,minutename,nhs,nhsname,rur_urb,rur_urbname,func_sys,func_sysname,rd_owner,rd_ownername,route,routename,tway_id,tway_id2,milept,mileptname,latitude,latitudename,longitud,longitudname,sp_jur,sp_jurname,harm_ev,harm_evname,man_coll,man_collname,reljct1,reljct1name,reljct2,reljct2name,typ_int,typ_intname,wrk_zone,wrk_zonename,road_fnc,road_fncname,rel_road,rel_roadname,lgt_cond,lgt_condname,weather1,weather1name,weather2,weather2name,weather,weathername,sch_bus,sch_busname,rail,railname,not_hour,not_hourname,not_min,not_minname,arr_hour,arr_hourname,arr_min,arr_minname,hosp_hr,hosp_hrname,hosp_mn,hosp_mnname,cf1,cf1name,cf2,cf2name,cf3,cf3name,fatals,drunk_dr
2023,53,530350,Washington,4,1,3,0,0,1,1,57,SKAGIT (57),230,BURLINGTON,20,20,7,July,2023,5,Thursday,17,5:00pm-5:59pm,47,47,0,This Section IS NOT on the NHS,2,Urban,4,Minor Arterial,4,City or Municipal Highway Agency,6,Municipal,MU-W GEORGE HOPPER RD,BOUSLOG RD,0,None,48.45214167,48.45214167,-122.345108330,-122.34510833,0,No Special Jurisdiction,59,"Traffic Sign Support ",0,The First Harmful Event was Not a Collision with a Motor Vehicle in Transport,0,No,3,Intersection-Related,2,Four-Way Intersection,0,None,,,4,On Roadside,1,Daylight,,,,,1,Clear,0,No,0000000,Not Applicable,99,Unknown,99,Unknown,99,Unknown EMS Scene Arrival Hour,99,Unknown EMS Scene Arrival Minutes,88,"Not Applicable (Not Transported) ",88,Not Applicable (Not Transported),,,,,,,1,
2023,53,530351,Washington,2,2,0,0,0,2,2,71,WALLA WALLA (71),0,NOT APPLICABLE,19,19,7,July,2023,4,Wednesday,11,11:00am-11:59am,55,55,1,This Section IS ON the NHS,1,Rural,3,Other Principal Arterial,1,State Highway Agency,2,U.S. Highway,US-12,,3437,3437,46.13434722,46.13434722,-118.173752780,-118.17375278,0,No Special Jurisdiction,1,Rollover/Overturn,0,The First Harmful Event was Not a Collision with a Motor Vehicle in Transport,0,No,1,Non-Junction,1,Not an Intersection,0,None,,,1,On Roadway,1,Daylight,,,,,1,Clear,0,No,0000000,Not Applicable,99,Unknown,99,Unknown,99,Unknown EMS Scene Arrival Hour,99,Unknown EMS Scene Arrival Minutes,88,"Not Applicable (Not Transported) ",88,Not Applicable (Not Transported),,,,,,,1,
2023,53,530352,Washington,2,2,0,0,0,4,4,25,GRANT (25),0,NOT APPLICABLE,15,15,7,July,2023,7,Saturday,23,11:00pm-11:59pm,20,20,0,This Section IS NOT on the NHS,1,Rural,2,Other Freeways and Expressways,1,State Highway Agency,3,State Highway,SR-26,ED D SE,288,288,46.83845556,46.83845556,-119.412033330,-119.41203333,0,No Special Jurisdiction,12,Motor Vehicle In-Transport,2,Front-to-Front,0,No,2,Intersection,3,T-Intersection,0,None,,,1,On Roadway,2,Dark - Not Lighted,,,,,1,Clear,0,No,0000000,Not Applicable,99,Unknown,99,Unknown,99,Unknown EMS Scene Arrival Hour,99,Unknown EMS Scene Arrival Minutes,99,Unknown,99,Unknown EMS Hospital Arrival Time,,,,,,,3,
2023,53,530353,Washington,2,2,0,0,0,2,2,33,KING (33),1960,SEATTLE,25,25,7,July,2023,3,Tuesday,20,8:00pm-8:59pm,52,52,1,This Section IS ON the NHS,2,Urban,1,Interstate,1,State Highway Agency,1,Interstate,I-5,,1658,1658,47.61041944,47.61041944,-122.331397220,-122.33139722,0,No Special Jurisdiction,1,Rollover/Overturn,0,The First Harmful Event was Not a Collision with a Motor Vehicle in Transport,0,No,1,Non-Junction,1,Not an Intersection,0,None,,,1,On Roadway,3,Dark - Lighted,,,,,1,Clear,0,No,0000000,Not Applicable,99,Unknown,99,Unknown,99,Unknown EMS Scene Arrival Hour,99,Unknown EMS Scene Arrival Minutes,99,Unknown,99,Unknown EMS Hospital Arrival Time,,,,,,,1,
2023,53,530354,Washington,2,2,0,0,0,2,2,53,PIERCE (53),2230,TACOMA,28,28,7,July,2023,6,Friday,19,7:00pm-7:59pm,33,33,0,This Section IS NOT on the NHS,2,Urban,3,Other Principal Arterial,4,City or Municipal Highway Agency,6,Municipal,MU-S TACOMA WAY,S PINE ST,0,None,47.22965278,47.22965278,-122.473572220,-122.47357222,0,No Special Jurisdiction,12,Motor Vehicle In-Transport,6,Angle,0,No,2,Intersection,2,Four-Way Intersection,0,None,,,1,On Roadway,1,Daylight,,,,,1,Clear,0,No,0000000,Not Applicable,99,Unknown,99,Unknown,99,Unknown EMS Scene Arrival Hour,99,Unknown EMS Scene Arrival Minutes,99,Unknown,99,Unknown EMS Hospital Arrival Time,,,,,,,1,
2023,53,530356,Washington,1,1,0,0,0,3,3,77,YAKIMA (77),0,NOT APPLICABLE,16,16,7,July,2023,1,Sunday,16,4:00pm-4:59pm,32,32,0,This Section IS NOT on the NHS,1,Rural,5,Major Collector,2,County Highway Agency,4,County,CR-E EUCLID RD,,33,33,46.21460278,46.21460278,-119.931091670,-119.93109167,0,No Special Jurisdiction,35,Embankment,0,The First Harmful Event was Not a Collision with a Motor Vehicle in Transport,0,No,1,Non-Junction,1,Not an Intersection,0,None,,,4,On Roadside,1,Daylight,,,,,1,Clear,0,No,0000000,Not Applicable,99,Unknown,99,Unknown,99,Unknown EMS Scene Arrival Hour,99,Unknown EMS Scene Arrival Minutes,99,Unknown,99,Unknown EMS Hospital Arrival Time,,,,,,,2,
2023,53,530357,Washington,1,1,0,1,1,1,1,33,KING (33),1107,LAKE FOREST PARK,31,31,7,July,2023,2,Monday,20,8:00pm-8:59pm,25,25,0,This Section IS NOT on the NHS,2,Urban,3,Other Principal Arterial,1,State Highway Agency,3,State Highway,SR-104,NE0190TH SE,304,304,47.76651389,47.76651389,-122.297461110,-122.29746111,0,No Special Jurisdiction,15,Non-Motorist on Personal Conveyance,0,The First Harmful Event was Not a Collision with a Motor Vehicle in Transport,0,No,3,Intersection-Related,3,T-Intersection,0,None,,,1,On Roadway,1,Daylight,,,,,1,Clear,0,No,0000000,Not Applicable,99,Unknown,99,Unknown,99,Unknown EMS Scene Arrival Hour,99,Unknown EMS Scene Arrival Minutes,88,"Not Applicable (Not Transported) ",88,Not Applicable (Not Transported),,,,,,,1,
2023,53,530358,Washington,1,1,0,0,0,1,1,29,ISLAND (29),0,NOT APPLICABLE,14,14,7,July,2023,6,Friday,23,11:00pm-11:59pm,18,18,0,This Section IS NOT on the NHS,1,Rural,6,Minor Collector,2,County Highway Agency,4,County,CR-E HARBOR RD,,99999,Unknown,48.07605833,48.07605833,-122.506675000,-122.50667500,0,No Special Jurisdiction,30,Utility Pole/Light Support,0,The First Harmful Event was Not a Collision with a Motor Vehicle in Transport,0,No,1,Non-Junction,1,Not an Intersection,0,None,,,4,On Roadside,2,Dark - Not Lighted,,,,,1,Clear,0,No,0000000,Not Applicable,99,Unknown,99,Unknown,99,Unknown EMS Scene Arrival Hour,99,Unknown EMS Scene Arrival Minutes,88,"Not Applicable (Not Transported) ",88,Not Applicable (Not Transported),,,,,,,1,
2023,53,530359,Washington,2,2,0,0,0,2,2,63,SPOKANE (63),0,NOT APPLICABLE,2,2,8,August,2023,4,Wednesday,6,6:00am-6:59am,4,4,1,This Section IS ON the NHS,1,Rural,3,Other Principal Arterial,1,State Highway Agency,2,U.S. Highway,US-2,,3029,3029,47.98279167,47.98279167,-117.349577780,-117.34957778,0,No Special Jurisdiction,12,Motor Vehicle In-Transport,7,Sideswipe - Same Direction,0,No,1,Non-Junction,1,Not an Intersection,0,None,,,1,On Roadway,1,Daylight,,,,,1,Clear,0,No,0000000,Not Applicable,99,Unknown,99,Unknown,99,Unknown EMS Scene Arrival Hour,99,Unknown EMS Scene Arrival Minutes,99,Unknown,99,Unknown EMS Hospital Arrival Time,,,,,,,1,
2023,53,530360,Washington,2,2,0,0,0,3,3,75,WHITMAN (75),0,NOT APPLICABLE,2,2,8,August,2023,4,Wednesday,8,8:00am-8:59am,46,46,1,This Section IS ON the NHS,1,Rural,3,Other Principal Arterial,1,State Highway Agency,2,U.S. Highway,US-195,,237,237,46.74769722,46.74769722,-117.234711110,-117.23471111,0,No Special Jurisdiction,12,Motor Vehicle In-Transport,2,Front-to-Front,0,No,1,Non-Junction,1,Not an Intersection,0,None,,,1,On Roadway,1,Daylight,,,,,1,Clear,0,No,0000000,Not Applicable,99,Unknown,99,Unknown,99,Unknown EMS Scene Arrival Hour,99,Unknown EMS Scene Arrival Minutes,88,"Not Applicable (Not Transported) ",88,Not Applicable (Not Transported),,,,,,,1,
2023,53,530361,Washington,1,1,0,1,1,1,1,63,SPOKANE (63),2110,SPOKANE,16,16,6,June,2023,6,Friday,19,7:00pm-7:59pm,41,41,0,This Section IS NOT on the NHS,2,Urban,4,Minor Arterial,4,City or Municipal Highway Agency,6,Municipal,MU-W RIVERSIDE AVE,N WALL ST,0,None,47.65793333,47.65793333,-117.422111110,-117.42211111,0,No Special Jurisdiction,8,Pedestrian,0,The First Harmful Event was Not a Collision with a Motor Vehicle in Transport,0,No,3,Intersection-Related,2,Four-Way Intersection,0,None,,,1,On Roadway,1,Daylight,,,,,10,Cloudy,0,No,0000000,Not Applicable,99,Unknown,99,Unknown,99,Unknown EMS Scene Arrival Hour,99,Unknown EMS Scene Arrival Minutes,99,Unknown,99,Unknown EMS Hospital Arrival Time,,,,,,,1,
2023,53,530362,Washington,1,1,0,0,0,2,2,33,KING (33),735,FEDERAL WAY,17,17,6,June,2023,7,Saturday,0,0:00am-0:59am,18,18,0,This Section IS NOT on the NHS,2,Urban,5,Major Collector,4,City or Municipal Highway Agency,6,Municipal,MU-MILITARY RD S,S STAR LAKE RD,0,None,47.35166667,47.35166667,-122.296516670,-122.29651667,0,No Special Jurisdiction,30,Utility Pole/Light Support,0,The First Harmful Event was Not a Collision with a Motor Vehicle in Transport,0,No,3,Intersection-Related,3,T-Intersection,0,None,,,4,On Roadside,3,Dark - Lighted,,,,,10,Cloudy,0,No,0000000,Not Applicable,99,Unknown,99,Unknown,99,Unknown EMS Scene Arrival Hour,99,Unknown EMS Scene Arrival Minutes,99,Unknown,99,Unknown EMS Hospital Arrival Time,,,,,,,1,
2023,53,530363,Washington,2,2,0,0,0,2,2,77,YAKIMA (77),0,NOT APPLICABLE,15,15,7,July,2023,7,Saturday,3,3:00am-3:59am,45,45,1,This Section IS ON the NHS,2,Urban,4,Minor Arterial,1,State Highway Agency,2,U.S. Highway,US-97,,626,626,46.38376944,46.38376944,-120.346594440,-120.34659444,3,Indian Reservation,12,Motor Vehicle In-Transport,1,Front-to-Rear,0,No,1,Non-Junction,1,Not an Intersection,0,None,,,1,On Roadway,6,Dark - Unknown Lighting,,,,,1,Clear,0,No,0000000,Not Applicable,99,Unknown,99,Unknown,99,Unknown EMS Scene Arrival Hour,99,Unknown EMS Scene Arrival Minutes,88,"Not Applicable (Not Transported) ",88,Not Applicable (Not Transported),,,,,,,1,
2023,53,530364,Washington,1,1,0,1,1,2,2,57,SKAGIT (57),0,NOT APPLICABLE,17,17,7,July,2023,2,Monday,7,7:00am-7:59am,9,9,0,This Section IS NOT on the NHS,6,Trafficway Not in State Inventory,96,Trafficway Not in State Inventory,96,Trafficway Not in State Inventory,96,Trafficway Not in State Inventory,WYLIE RD,,99999,Unknown,48.32564722,48.32564722,-122.378927780,-122.37892778,0,No Special Jurisdiction,8,Pedestrian,0,The First Harmful Event was Not a Collision with a Motor Vehicle in Transport,0,No,1,Non-Junction,1,Not an Intersection,1,Construction,,,1,On Roadway,1,Daylight,,,,,1,Clear,0,No,0000000,Not Applicable,99,Unknown,99,Unknown,99,Unknown EMS Scene Arrival Hour,99,Unknown EMS Scene Arrival Minutes,88,"Not Applicable (Not Transported) ",88,Not Applicable (Not Transported),,,,,,,1,
2023,53,530365,Washington,1,1,0,0,0,1,1,33,KING (33),1820,REDMOND,15,15,7,July,2023,7,Saturday,1,1:00am-1:59am,47,47,0,This Section IS NOT on the NHS,2,Urban,4,Minor Arterial,4,City or Municipal Highway Agency,6,Municipal,MU-W LAKE SAMMAMISH PKWY NE,,0,None,47.64051944,47.64051944,-122.100952780,-122.10095278,0,No Special Jurisdiction,11,Live Animal,0,The First Harmful Event was Not a Collision with a Motor Vehicle in Transport,0,No,1,Non-Junction,1,Not an Intersection,0,None,,,1,On Roadway,2,Dark - Not Lighted,,,,,1,Clear,0,No,0000000,Not Applicable,99,Unknown,99,Unknown,99,Unknown EMS Scene Arrival Hour,99,Unknown EMS Scene Arrival Minutes,88,"Not Applicable (Not Transported) ",88,Not Applicable (Not Transported),,,,,,,1,
2023,53,530366,Washington,2,2,0,0,0,6,6,25,GRANT (25),0,NOT APPLICABLE,15,15,4,April,2023,7,Saturday,10,10:00am-10:59am,54,54,0,This Section IS NOT on the NHS,1,Rural,5,Major Collector,2,County Highway Agency,4,County,CR-SAGEBRUSH FLATS RD,JOHNSON RD NW,99999,Unknown,47.32995556,47.32995556,-119.601416670,-119.60141667,0,No Special Jurisdiction,12,Motor Vehicle In-Transport,6,Angle,0,No,2,Intersection,2,Four-Way Intersection,0,None,,,1,On Roadway,1,Daylight,,,,,1,Clear,0,No,0000000,Not Applicable,99,Unknown,99,Unknown,99,Unknown EMS Scene Arrival Hour,99,Unknown EMS Scene Arrival Minutes,99,Unknown,99,Unknown EMS Hospital Arrival Time,,,,,,,2,
2023,53,530367,Washington,1,1,0,0,0,1,1,53,PIERCE (53),2230,TACOMA,5,5,8,August,2023,7,Saturday,20,8:00pm-8:59pm,55,55,0,This Section IS NOT on the NHS,2,Urban,4,Minor Arterial,4,City or Municipal Highway Agency,6,Municipal,MU-S TYLER ST,S 38TH ST,0,None,47.22319722,47.22319722,-122.493355560,-122.49335556,0,No Special Jurisdiction,1,Rollover/Overturn,0,The First Harmful Event was Not a Collision with a Motor Vehicle in Transport,0,No,3,Intersection-Related,3,T-Intersection,0,None,,,1,On Roadway,5,Dusk,,,,,1,Clear,0,No,0000000,Not Applicable,99,Unknown,99,Unknown,99,Unknown EMS Scene Arrival Hour,99,Unknown EMS Scene Arrival Minutes,88,"Not Applicable (Not Transported) ",88,Not Applicable (Not Transported),,,,,,,1,
2023,53,530368,Washington,2,2,0,0,0,3,3,25,GRANT (25),1390,MOSES LAKE,31,31,7,July,2023,2,Monday,11,11:00am-11:59am,22,22,0,This Section IS NOT on the NHS,2,Urban,3,Other Principal Arterial,1,State Highway Agency,3,State Highway,SR-171,,18,18,47.12090556,47.12090556,-119.293136110,-119.29313611,0,No Special Jurisdiction,12,Motor Vehicle In-Transport,6,Angle,0,No,8,Driveway Access Related,1,Not an Intersection,0,None,,,1,On Roadway,1,Daylight,,,,,1,Clear,0,No,0000000,Not Applicable,99,Unknown,99,Unknown,99,Unknown EMS Scene Arrival Hour,99,Unknown EMS Scene Arrival Minutes,99,Unknown,99,Unknown EMS Hospital Arrival Time,,,,,,,1,
2023,53,530369,Washington,1,1,0,0,0,3,3,53,PIERCE (53),0,NOT APPLICABLE,5,5,8,August,2023,7,Saturday,23,11:00pm-11:59pm,59,59,0,This Section IS NOT on the NHS,2,Urban,4,Minor Arterial,4,City or Municipal Highway Agency,6,Municipal,MU-PARK AVE S,,7,7,47.16532222,47.16532222,-122.442100000,-122.44210000,0,No Special Jurisdiction,1,Rollover/Overturn,0,The First Harmful Event was Not a Collision with a Motor Vehicle in Transport,0,No,1,Non-Junction,1,Not an Intersection,0,None,,,4,On Roadside,3,Dark - Lighted,,,,,2,Rain,0,No,0000000,Not Applicable,99,Unknown,99,Unknown,99,Unknown EMS Scene Arrival Hour,99,Unknown EMS Scene Arrival Minutes,99,Unknown,99,Unknown EMS Hospital Arrival Time,,,,,,,1,
2023,53,530370,Washington,4,1,3,0,0,1,1,33,KING (33),1830,RENTON,5,5,8,August,2023,7,Saturday,0,0:00am-0:59am,28,28,0,This Section IS NOT on the NHS,2,Urban,3,Other Principal Arterial,4,City or Municipal Highway Agency,6,Municipal,MU-SE PETROVITSKY RD,,0,None,47.44567222,47.44567222,-122.174308330,-122.17430833,0,No Special Jurisdiction,42,Tree (Standing Only),0,The First Harmful Event was Not a Collision with a Motor Vehicle in Transport,0,No,1,Non-Junction,1,Not an Intersection,0,None,,,4,On Roadside,3,Dark - Lighted,,,,,1,Clear,0,No,0000000,Not Applicable,99,Unknown,99,Unknown,99,Unknown EMS Scene Arrival Hour,99,Unknown EMS Scene Arrival Minutes,88,"Not Applicable (Not Transported) ",88,Not Applicable (Not Transported),,,,,,,1,
2023,53,530371,Washington,2,2,0,0,0,3,3,61,SNOHOMISH (61),1120,LAKE STEVENS,3,3,8,August,2023,5,Thursday,18,6:00pm-6:59pm,3,3,0,This Section IS NOT on the NHS,2,Urban,2,Other Freeways and Expressways,1,State Highway Agency,3,State Highway,SR-9,MARKET PL,154,154,47.99787778,47.99787778,-122.105522220,-122.10552222,0,No Special Jurisdiction,12,Motor Vehicle In-Transport,6,Angle,0,No,2,Intersection,2,Four-Way Intersection,0,None,,,1,On Roadway,1,Daylight,,,,,1,Clear,0,No,0000000,Not Applicable,99,Unknown,99,Unknown,99,Unknown EMS Scene Arrival Hour,99,Unknown EMS Scene Arrival Minutes,99,Unknown,99,Unknown EMS Hospital Arrival Time,,,,,,,1,
2023,53,530372,Washington,1,1,0,0,0,1,1,47,OKANOGAN (47),0,NOT APPLICABLE,1,1,8,August,2023,3,Tuesday,19,7:00pm-7:59pm,14,14,0,This Section IS NOT on the NHS,1,Rural,7,Local,2,County Highway Agency,4,County,CR-W CHEWUCH RD,,41,41,48.53420278,48.53420278,-120.190194440,-120.19019444,0,No Special Jurisdiction,18,Other Object (not fixed),0,The First Harmful Event was Not a Collision with a Motor Vehicle in Transport,0,No,1,Non-Junction,1,Not an Intersection,0,None,,,4,On Roadside,1,Daylight,,,,,1,Clear,0,No,0000000,Not Applicable,99,Unknown,99,Unknown,99,Unknown EMS Scene Arrival Hour,99,Unknown EMS Scene Arrival Minutes,88,"Not Applicable (Not Transported) ",88,Not Applicable (Not Transported),,,,,,,1,
2023,53,530373,Washington,2,2,0,0,0,2,2,41,LEWIS (41),0,NOT APPLICABLE,28,28,7,July,2023,6,Friday,13,1:00pm-1:59pm,23,23,0,This Section IS NOT on the NHS,1,Rural,5,Major Collector,2,County Highway Agency,4,County,CR-TOLEDO VADER RD,PLOMONDO,20,20,46.44933333,46.44933333,-122.855530560,-122.85553056,0,No Special Jurisdiction,12,Motor Vehicle In-Transport,6,Angle,0,No,2,Intersection,2,Four-Way Intersection,0,None,,,1,On Roadway,1,Daylight,,,,,1,Clear,0,No,0000000,Not Applicable,99,Unknown,99,Unknown,99,Unknown EMS Scene Arrival Hour,99,Unknown EMS Scene Arrival Minutes,99,Unknown,99,Unknown EMS Hospital Arrival Time,,,,,,,1,
2023,53,530374,Washington,2,2,0,0,0,4,4,33,KING (33),0,NOT APPLICABLE,2,2,8,August,2023,4,Wednesday,16,4:00pm-4:59pm,36,36,0,This Section IS NOT on the NHS,2,Urban,4,Minor Arterial,2,County Highway Agency,4,County,CR-MILITARY RD S,,2,2,47.26002778,47.26002778,-122.292288890,-122.29228889,0,No Special Jurisdiction,12,Motor Vehicle In-Transport,2,Front-to-Front,0,No,1,Non-Junction,1,Not an Intersection,0,None,,,1,On Roadway,1,Daylight,,,,,1,Clear,0,No,0000000,Not Applicable,99,Unknown,99,Unknown,99,Unknown EMS Scene Arrival Hour,99,Unknown EMS Scene Arrival Minutes,99,Unknown,99,Unknown EMS Hospital Arrival Time,,,,,,,1,
2023,53,530375,Washington,2,2,0,0,0,2,2,53,PIERCE (53),2230,TACOMA,3,3,8,August,2023,5,Thursday,12,12:00pm-12:59pm,51,51,0,This Section IS NOT on the NHS,2,Urban,4,Minor Arterial,4,City or Municipal Highway Agency,6,Municipal,MU-MCKINLEY AVE,E 37TH ST,0,None,47.22473611,47.22473611,-122.420791670,-122.42079167,0,No Special Jurisdiction,12,Motor Vehicle In-Transport,6,Angle,0,No,2,Intersection,2,Four-Way Intersection,0,None,,,1,On Roadway,1,Daylight,,,,,1,Clear,0,No,0000000,Not Applicable,99,Unknown,99,Unknown,99,Unknown EMS Scene Arrival Hour,99,Unknown EMS Scene Arrival Minutes,99,Unknown,99,Unknown EMS Hospital Arrival Time,,,,,,,1,
2023,53,530376,Washington,1,1,0,1,1,1,1,33,KING (33),1030,KENT,11,11,3,March,2023,7,Saturday,21,9:00pm-9:59pm,8,8,0,This Section IS NOT on the NHS,6,Trafficway Not in State Inventory,96,Trafficway Not in State Inventory,96,Trafficway Not in State Inventory,0,Not Signed,PARKING LOT WAY,,0,None,47.38521944,47.38521944,-122.202461110,-122.20246111,0,No Special Jurisdiction,8,Pedestrian,0,The First Harmful Event was Not a Collision with a Motor Vehicle in Transport,0,No,1,Non-Junction,1,Not an Intersection,0,None,,,1,On Roadway,3,Dark - Lighted,,,,,1,Clear,0,No,0000000,Not Applicable,99,Unknown,99,Unknown,99,Unknown EMS Scene Arrival Hour,99,Unknown EMS Scene Arrival Minutes,88,"Not Applicable (Not Transported) ",88,Not Applicable (Not Transported),,,,,,,1,
2023,53,530378,Washington,1,1,0,1,1,1,1,11,CLARK (11),2370,VANCOUVER,3,3,8,August,2023,5,Thursday,18,6:00pm-6:59pm,38,38,0,This Section IS NOT on the NHS,2,Urban,3,Other Principal Arterial,4,City or Municipal Highway Agency,6,Municipal,MU-NW FRUIT VALLEY RD,W FOURTH PLAIN BLVD,0,None,45.64053611,45.64053611,-122.692588890,-122.69258889,0,No Special Jurisdiction,19,Building,0,The First Harmful Event was Not a Collision with a Motor Vehicle in Transport,0,No,3,Intersection-Related,2,Four-Way Intersection,0,None,,,5,Outside Trafficway,1,Daylight,,,,,1,Clear,0,No,0000000,Not Applicable,99,Unknown,99,Unknown,99,Unknown EMS Scene Arrival Hour,99,Unknown EMS Scene Arrival Minutes,99,Unknown,99,Unknown EMS Hospital Arrival Time,,,,,,,1,
2023,53,530379,Washington,1,1,0,0,0,1,1,73,WHATCOM (73),0,NOT APPLICABLE,30,30,7,July,2023,1,Sunday,18,6:00pm-6:59pm,53,53,0,This Section IS NOT on the NHS,1,Rural,5,Major Collector,1,State Highway Agency,3,State Highway,SR-547,,64,64,48.97016111,48.97016111,-122.207602780,-122.20760278,0,No Special Jurisdiction,42,Tree (Standing Only),0,The First Harmful Event was Not a Collision with a Motor Vehicle in Transport,0,No,1,Non-Junction,1,Not an Intersection,0,None,,,5,Outside Trafficway,1,Daylight,,,,,1,Clear,0,No,0000000,Not Applicable,99,Unknown,99,Unknown,99,Unknown EMS Scene Arrival Hour,99,Unknown EMS Scene Arrival Minutes,88,"Not Applicable (Not Transported) ",88,Not Applicable (Not Transported),,,,,,,1,
2023,53,530380,Washington,1,1,0,0,0,1,1,63,SPOKANE (63),0,NOT APPLICABLE,8,8,4,April,2023,7,Saturday,16,4:00pm-4:59pm,19,19,0,This Section IS NOT on the NHS,1,Rural,7,Local,2,County Highway Agency,4,County,CR-E FRIDEGER RD,,19,19,48.03970000,48.03970000,-117.211044440,-117.21104444,0,No Special Jurisdiction,5,Fell/Jumped from Vehicle,0,The First Harmful Event was Not a Collision with a Motor Vehicle in Transport,0,No,1,Non-Junction,1,Not an Intersection,0,None,,,1,On Roadway,1,Daylight,,,,,1,Clear,0,No,0000000,Not Applicable,99,Unknown,99,Unknown,99,Unknown EMS Scene Arrival Hour,99,Unknown EMS Scene Arrival Minutes,99,Unknown,99,Unknown EMS Hospital Arrival Time,,,,,,,1,
2023,53,530381,Washington,1,1,0,0,0,2,2,57,SKAGIT (57),0,NOT APPLICABLE,20,20,5,May,2023,7,Saturday,21,9:00pm-9:59pm,17,17,0,This Section IS NOT on the NHS,1,Rural,7,Local,2,County Highway Agency,4,County,CR-FINNEY-CUMBERLAND RD,,99999,Unknown,48.50625000,48.50625000,-122.011100000,-122.01110000,0,No Special Jurisdiction,42,Tree (Standing Only),0,The First Harmful Event was Not a Collision with a Motor Vehicle in Transport,0,No,1,Non-Junction,1,Not an Intersection,0,None,,,4,On Roadside,5,Dusk,,,,,1,Clear,0,No,0000000,Not Applicable,99,Unknown,99,Unknown,99,Unknown EMS Scene Arrival Hour,99,Unknown EMS Scene Arrival Minutes,99,Unknown,99,Unknown EMS Hospital Arrival Time,,,,,,,1,
2023,53,530382,Washington,2,2,0,0,0,4,4,63,SPOKANE (63),0,NOT APPLICABLE,26,26,5,May,2023,6,Friday,12,12:00pm-12:59pm,45,45,0,This Section IS NOT on the NHS,1,Rural,5,Major Collector,2,County Highway Agency,4,County,CR-S BROOKS RD,,99999,Unknown,47.61281944,47.61281944,-117.691413890,-117.69141389,0,No Special Jurisdiction,12,Motor Vehicle In-Transport,2,Front-to-Front,0,No,1,Non-Junction,1,Not an Intersection,0,None,,,1,On Roadway,1,Daylight,,,,,1,Clear,0,No,0000000,Not Applicable,99,Unknown,99,Unknown,99,Unknown EMS Scene Arrival Hour,99,Unknown EMS Scene Arrival Minutes,99,Unknown,99,Unknown EMS Hospital Arrival Time,,,,,,,1,
2023,53,530383,Washington,1,1,0,0,0,1,1,15,COWLITZ (15),0,NOT APPLICABLE,15,15,5,May,2023,2,Monday,9,9:00am-9:59am,57,57,0,This Section IS NOT on the NHS,1,Rural,7,Local,2,County Highway Agency,4,County,CR-SUNSET WAY,,13,13,46.17859167,46.17859167,-122.977497220,-122.97749722,0,No Special Jurisdiction,35,Embankment,0,The First Harmful Event was Not a Collision with a Motor Vehicle in Transport,0,No,1,Non-Junction,1,Not an Intersection,0,None,,,4,On Roadside,9,Reported as Unknown,,,,,10,Cloudy,0,No,0000000,Not Applicable,99,Unknown,99,Unknown,99,Unknown EMS Scene Arrival Hour,99,Unknown EMS Scene Arrival Minutes,99,Unknown,99,Unknown EMS Hospital Arrival Time,,,,,,,1,
2023,53,530384,Washington,2,2,0,0,0,2,2,77,YAKIMA (77),2300,TOPPENISH,27,27,5,May,2023,7,Saturday,15,3:00pm-3:59pm,8,8,0,This Section IS NOT on the NHS,2,Urban,3,Other Principal Arterial,1,State Highway Agency,3,State Highway,SR-22,ASOTIN AVE,25,25,46.38087778,46.38087778,-120.315002780,-120.31500278,3,Indian Reservation,12,Motor Vehicle In-Transport,6,Angle,0,No,2,Intersection,2,Four-Way Intersection,0,None,,,1,On Roadway,1,Daylight,,,,,1,Clear,0,No,0000000,Not Applicable,99,Unknown,99,Unknown,99,Unknown EMS Scene Arrival Hour,99,Unknown EMS Scene Arrival Minutes,99,Unknown,99,Unknown EMS Hospital Arrival Time,,,,,,,1,
2023,53,530385,Washington,1,1,0,0,0,1,1,53,PIERCE (53),2230,TACOMA,11,11,6,June,2023,1,Sunday,22,10:00pm-10:59pm,59,59,0,This Section IS NOT on the NHS,2,Urban,7,Local,4,City or Municipal Highway Agency,6,Municipal,MU-E GRANDVIEW AVE,,0,None,47.23005278,47.23005278,-122.396063890,-122.39606389,3,Indian Reservation,41,Shrubbery,0,The First Harmful Event was Not a Collision with a Motor Vehicle in Transport,0,No,1,Non-Junction,1,Not an Intersection,0,None,,,4,On Roadside,3,Dark - Lighted,,,,,1,Clear,0,No,0000000,Not Applicable,99,Unknown,99,Unknown,99,Unknown EMS Scene Arrival Hour,99,Unknown EMS Scene Arrival Minutes,99,Unknown,99,Unknown EMS Hospital Arrival Time,,,,,,,1,
2023,53,530386,Washington,1,1,0,0,0,1,1,53,PIERCE (53),2230,TACOMA,7,7,7,July,2023,6,Friday,17,5:00pm-5:59pm,5,5,1,This Section IS ON the NHS,2,Urban,1,Interstate,1,State Highway Agency,1,Interstate,I-5 RAMP,,1,1,47.23138056,47.23138056,-122.462533330,-122.46253333,0,No Special Jurisdiction,59,"Traffic Sign Support ",0,The First Harmful Event was Not a Collision with a Motor Vehicle in Transport,1,Yes,5,Entrance/Exit Ramp Related,1,Not an Intersection,0,None,,,4,On Roadside,1,Daylight,,,,,1,Clear,0,No,0000000,Not Applicable,99,Unknown,99,Unknown,99,Unknown EMS Scene Arrival Hour,99,Unknown EMS Scene Arrival Minutes,88,"Not Applicable (Not Transported) ",88,Not Applicable (Not Transported),,,,,,,1,